t,event_type,task_id,robot_id,payload_json
10.500,DETECTED,roi-026,r02,"{""event_created_at"":6.646702127586421,""latency"":3.853297872413579}"
10.500,ANNOUNCE,roi-026,r02,"{""deadline"":11.5,""duration"":20.0,""k"":1.0,""lam"":0.00693,""n_req"":2,""p0"":0.4,""pos"":[1.1873116537102781,0.7819988935925913],""sender"":""r02"",""t"":10.5,""t_ref"":10.5,""task_id"":""roi-026"",""type"":""push""}"
10.600,BID,roi-026,r00,"{""cost"":0.3356089041177891,""sender"":""r00"",""t"":10.6,""task_id"":""roi-026""}"
10.600,BID,roi-026,r01,"{""cost"":0.22434922865546375,""sender"":""r01"",""t"":10.6,""task_id"":""roi-026""}"
10.600,BID,roi-026,r02,"{""cost"":0.10381205689051794,""sender"":""r02"",""t"":10.6,""task_id"":""roi-026""}"
10.600,BID,roi-026,r04,"{""cost"":0.2364863606838601,""sender"":""r04"",""t"":10.6,""task_id"":""roi-026""}"
10.600,BID,roi-026,r05,"{""cost"":0.17347837627227983,""sender"":""r05"",""t"":10.6,""task_id"":""roi-026""}"
10.600,BID,roi-026,r06,"{""cost"":0.14169798548236776,""sender"":""r06"",""t"":10.6,""task_id"":""roi-026""}"
11.500,AWARD,roi-026,r02,"{""sender"":""r02"",""t"":11.5,""task_id"":""roi-026"",""winners"":[""r02"",""r06""]}"
15.500,DETECTED,roi-006,r00,"{""event_created_at"":15.493783857146648,""latency"":0.00621614285335248}"
15.500,ANNOUNCE,roi-006,r00,"{""deadline"":16.5,""duration"":15.0,""k"":1.0,""lam"":0.00693,""n_req"":1,""p0"":0.6,""pos"":[0.8117204489569763,0.46067518435608723],""sender"":""r00"",""t"":15.5,""t_ref"":15.5,""task_id"":""roi-006"",""type"":""guard""}"
15.600,BID,roi-006,r00,"{""cost"":0.06704915141780544,""sender"":""r00"",""t"":15.6,""task_id"":""roi-006""}"
15.600,BID,roi-006,r01,"{""cost"":0.2280249913667742,""sender"":""r01"",""t"":15.6,""task_id"":""roi-006""}"
15.600,BID,roi-006,r02,"{""cost"":0.31654093041580633,""sender"":""r02"",""t"":15.6,""task_id"":""roi-006""}"
15.600,BID,roi-006,r03,"{""cost"":0.3422371794719271,""sender"":""r03"",""t"":15.6,""task_id"":""roi-006""}"
15.600,BID,roi-006,r04,"{""cost"":0.17588435443955824,""sender"":""r04"",""t"":15.6,""task_id"":""roi-006""}"
15.600,BID,roi-006,r05,"{""cost"":0.1163558879075514,""sender"":""r05"",""t"":15.6,""task_id"":""roi-006""}"
15.600,BID,roi-006,r06,"{""cost"":0.29998117905618427,""sender"":""r06"",""t"":15.6,""task_id"":""roi-006""}"
16.500,AWARD,roi-006,r00,"{""sender"":""r00"",""t"":16.5,""task_id"":""roi-006"",""winners"":[""r00""]}"
20.000,ANNOUNCE,survey-14-0000,r00,"{""deadline"":21.0,""duration"":2.0,""k"":1.0,""lam"":0.00693,""n_req"":1,""p0"":0.0,""pos"":[1.8,1.0],""sender"":""r00"",""t"":20.0,""t_ref"":0.0,""task_id"":""survey-14-0000"",""type"":""survey""}"
20.000,ANNOUNCE,survey-15-0001,r01,"{""deadline"":21.0,""duration"":2.0,""k"":1.0,""lam"":0.00693,""n_req"":1,""p0"":0.0,""pos"":[0.2,1.4000000000000001],""sender"":""r01"",""t"":20.0,""t_ref"":0.0,""task_id"":""survey-15-0001"",""type"":""survey""}"
20.000,ANNOUNCE,survey-16-0002,r02,"{""deadline"":21.0,""duration"":2.0,""k"":1.0,""lam"":0.00693,""n_req"":1,""p0"":0.0,""pos"":[0.6000000000000001,1.4000000000000001],""sender"":""r02"",""t"":20.0,""t_ref"":0.0,""task_id"":""survey-16-0002"",""type"":""survey""}"
20.100,BID,survey-14-0000,r01,"{""cost"":0.5194944691462071,""sender"":""r01"",""t"":20.1,""task_id"":""survey-14-0000""}"
20.100,BID,survey-14-0000,r03,"{""cost"":0.15141245999586206,""sender"":""r03"",""t"":20.1,""task_id"":""survey-14-0000""}"
20.100,BID,survey-15-0001,r04,"{""cost"":0.37458593855121924,""sender"":""r04"",""t"":20.1,""task_id"":""survey-15-0001""}"
20.100,BID,survey-16-0002,r05,"{""cost"":0.31462132840616397,""sender"":""r05"",""t"":20.1,""task_id"":""survey-16-0002""}"
21.000,AWARD,survey-14-0000,r00,"{""sender"":""r00"",""t"":21.0,""task_id"":""survey-14-0000"",""winners"":[""r03""]}"
21.000,AWARD,survey-15-0001,r01,"{""sender"":""r01"",""t"":21.0,""task_id"":""survey-15-0001"",""winners"":[""r04""]}"
21.000,AWARD,survey-16-0002,r02,"{""sender"":""r02"",""t"":21.0,""task_id"":""survey-16-0002"",""winners"":[""r05""]}"
21.500,DETECTED,roi-027,r05,"{""event_created_at"":21.22633312450164,""latency"":0.27366687549836044}"
21.500,ANNOUNCE,roi-027,r05,"{""deadline"":22.5,""duration"":10.0,""k"":1.0,""lam"":0.00693,""n_req"":3,""p0"":0.8,""pos"":[0.23616855224895297,0.5139998443538477],""sender"":""r05"",""t"":21.5,""t_ref"":21.5,""task_id"":""roi-027"",""type"":""surround""}"
21.600,BID,roi-027,r00,"{""cost"":0.364401782043647,""sender"":""r00"",""t"":21.6,""task_id"":""roi-027""}"
21.600,BID,roi-027,r01,"{""cost"":0.18219248824218595,""sender"":""r01"",""t"":21.6,""task_id"":""roi-027""}"
21.600,BID,roi-027,r02,"{""cost"":0.5068299023951912,""sender"":""r02"",""t"":21.6,""task_id"":""roi-027""}"
21.600,BID,roi-027,r03,"{""cost"":0.41619221037952,""sender"":""r03"",""t"":21.6,""task_id"":""roi-027""}"
21.600,BID,roi-027,r04,"{""cost"":0.2572519282958986,""sender"":""r04"",""t"":21.6,""task_id"":""roi-027""}"
21.600,BID,roi-027,r05,"{""cost"":0.04328244688954807,""sender"":""r05"",""t"":21.6,""task_id"":""roi-027""}"
21.600,BID,roi-027,r06,"{""cost"":0.5114089639644186,""sender"":""r06"",""t"":21.6,""task_id"":""roi-027""}"
22.000,ANNOUNCE,survey-17-0003,r03,"{""deadline"":23.0,""duration"":2.0,""k"":1.0,""lam"":0.00693,""n_req"":1,""p0"":0.0,""pos"":[1.0,1.4000000000000001],""sender"":""r03"",""t"":22.0,""t_ref"":0.0,""task_id"":""survey-17-0003"",""type"":""survey""}"
22.000,ANNOUNCE,survey-18-0004,r04,"{""deadline"":23.0,""duration"":2.0,""k"":1.0,""lam"":0.00693,""n_req"":1,""p0"":0.0,""pos"":[1.4000000000000001,1.4000000000000001],""sender"":""r04"",""t"":22.0,""t_ref"":0.0,""task_id"":""survey-18-0004"",""type"":""survey""}"
22.000,ANNOUNCE,survey-19-0005,r05,"{""deadline"":23.0,""duration"":2.0,""k"":1.0,""lam"":0.00693,""n_req"":1,""p0"":0.0,""pos"":[1.8,1.4000000000000001],""sender"":""r05"",""t"":22.0,""t_ref"":0.0,""task_id"":""survey-19-0005"",""type"":""survey""}"
22.100,BID,survey-19-0005,r01,"{""cost"":0.48579569036329434,""sender"":""r01"",""t"":22.1,""task_id"":""survey-19-0005""}"
22.500,AWARD,roi-027,r05,"{""sender"":""r05"",""t"":22.5,""task_id"":""roi-027"",""winners"":[""r05"",""r01"",""r04""]}"
22.600,RELEASE,survey-16-0002,r05,"{""reason"":""preempted"",""sender"":""r05"",""t"":22.6,""task_id"":""survey-16-0002""}"
23.000,ANNOUNCE,survey-17-0003,r03,"{""deadline"":24.0,""duration"":2.0,""k"":1.0,""lam"":0.00693,""n_req"":1,""p0"":0.0,""pos"":[1.0,1.4000000000000001],""sender"":""r03"",""t"":23.0,""t_ref"":0.0,""task_id"":""survey-17-0003"",""type"":""survey""}"
23.000,ANNOUNCE,survey-18-0004,r04,"{""deadline"":24.0,""duration"":2.0,""k"":1.0,""lam"":0.00693,""n_req"":1,""p0"":0.0,""pos"":[1.4000000000000001,1.4000000000000001],""sender"":""r04"",""t"":23.0,""t_ref"":0.0,""task_id"":""survey-18-0004"",""type"":""survey""}"
23.000,AWARD,survey-19-0005,r05,"{""sender"":""r05"",""t"":23.0,""task_id"":""survey-19-0005"",""winners"":[""r01""]}"
24.000,ANNOUNCE,survey-20-0006,r06,"{""deadline"":25.0,""duration"":2.0,""k"":1.0,""lam"":0.00693,""n_req"":1,""p0"":0.0,""pos"":[0.2,1.8],""sender"":""r06"",""t"":24.0,""t_ref"":0.0,""task_id"":""survey-20-0006"",""type"":""survey""}"
24.000,ANNOUNCE,survey-21-0007,r00,"{""deadline"":25.0,""duration"":2.0,""k"":1.0,""lam"":0.00693,""n_req"":1,""p0"":0.0,""pos"":[0.6000000000000001,1.8],""sender"":""r00"",""t"":24.0,""t_ref"":0.0,""task_id"":""survey-21-0007"",""type"":""survey""}"
24.000,ANNOUNCE,survey-22-0008,r01,"{""deadline"":25.0,""duration"":2.0,""k"":1.0,""lam"":0.00693,""n_req"":1,""p0"":0.0,""pos"":[1.0,1.8],""sender"":""r01"",""t"":24.0,""t_ref"":0.0,""task_id"":""survey-22-0008"",""type"":""survey""}"
24.000,ANNOUNCE,survey-17-0003,r03,"{""deadline"":25.0,""duration"":2.0,""k"":1.0,""lam"":0.00693,""n_req"":1,""p0"":0.0,""pos"":[1.0,1.4000000000000001],""sender"":""r03"",""t"":24.0,""t_ref"":0.0,""task_id"":""survey-17-0003"",""type"":""survey""}"
24.000,ANNOUNCE,survey-18-0004,r04,"{""deadline"":25.0,""duration"":2.0,""k"":1.0,""lam"":0.00693,""n_req"":1,""p0"":0.0,""pos"":[1.4000000000000001,1.4000000000000001],""sender"":""r04"",""t"":24.0,""t_ref"":0.0,""task_id"":""survey-18-0004"",""type"":""survey""}"
25.000,ANNOUNCE,survey-21-0007,r00,"{""deadline"":26.0,""duration"":2.0,""k"":1.0,""lam"":0.00693,""n_req"":1,""p0"":0.0,""pos"":[0.6000000000000001,1.8],""sender"":""r00"",""t"":25.0,""t_ref"":0.0,""task_id"":""survey-21-0007"",""type"":""survey""}"
25.000,ANNOUNCE,survey-22-0008,r01,"{""deadline"":26.0,""duration"":2.0,""k"":1.0,""lam"":0.00693,""n_req"":1,""p0"":0.0,""pos"":[1.0,1.8],""sender"":""r01"",""t"":25.0,""t_ref"":0.0,""task_id"":""survey-22-0008"",""type"":""survey""}"
25.000,FAILED,survey-17-0003,r03,{}
25.000,FAILED,survey-18-0004,r04,{}
25.000,ANNOUNCE,survey-20-0006,r06,"{""deadline"":26.0,""duration"":2.0,""k"":1.0,""lam"":0.00693,""n_req"":1,""p0"":0.0,""pos"":[0.2,1.8],""sender"":""r06"",""t"":25.0,""t_ref"":0.0,""task_id"":""survey-20-0006"",""type"":""survey""}"
25.000,DETECTED,roi-011,r01,"{""event_created_at"":20.15719059344432,""latency"":4.842809406555681}"
25.000,ANNOUNCE,roi-011,r01,"{""deadline"":26.0,""duration"":10.0,""k"":1.0,""lam"":0.00693,""n_req"":3,""p0"":0.8,""pos"":[0.6515944159011384,1.2922246907543744],""sender"":""r01"",""t"":25.0,""t_ref"":25.0,""task_id"":""roi-011"",""type"":""surround""}"
25.100,BID,roi-011,r00,"{""cost"":0.45505222370215725,""sender"":""r00"",""t"":25.1,""task_id"":""roi-011""}"
25.100,BID,roi-011,r01,"{""cost"":0.2723679019216446,""sender"":""r01"",""t"":25.1,""task_id"":""roi-011""}"
25.100,BID,roi-011,r02,"{""cost"":0.42889019682273244,""sender"":""r02"",""t"":25.1,""task_id"":""roi-011""}"
25.100,BID,roi-011,r03,"{""cost"":0.3564363082086132,""sender"":""r03"",""t"":25.1,""task_id"":""roi-011""}"
25.100,BID,roi-011,r04,"{""cost"":0.3495699134662281,""sender"":""r04"",""t"":25.1,""task_id"":""roi-011""}"
25.100,BID,roi-011,r05,"{""cost"":0.4636961920741901,""sender"":""r05"",""t"":25.1,""task_id"":""roi-011""}"
25.100,BID,roi-011,r06,"{""cost"":0.4337388865643169,""sender"":""r06"",""t"":25.1,""task_id"":""roi-011""}"
26.000,ANNOUNCE,survey-23-0009,r02,"{""deadline"":27.0,""duration"":2.0,""k"":1.0,""lam"":0.00693,""n_req"":1,""p0"":0.0,""pos"":[1.4000000000000001,1.8],""sender"":""r02"",""t"":26.0,""t_ref"":0.0,""task_id"":""survey-23-0009"",""type"":""survey""}"
26.000,ANNOUNCE,survey-24-0010,r03,"{""deadline"":27.0,""duration"":2.0,""k"":1.0,""lam"":0.00693,""n_req"":1,""p0"":0.0,""pos"":[1.8,1.8],""sender"":""r03"",""t"":26.0,""t_ref"":0.0,""task_id"":""survey-24-0010"",""type"":""survey""}"
26.000,ANNOUNCE,survey-00-0011,r00,"{""deadline"":27.0,""duration"":2.0,""k"":1.0,""lam"":0.00693,""n_req"":1,""p0"":0.0,""pos"":[0.2,0.2],""sender"":""r00"",""t"":26.0,""t_ref"":7.5,""task_id"":""survey-00-0011"",""type"":""survey""}"
26.000,ANNOUNCE,survey-21-0007,r00,"{""deadline"":27.0,""duration"":2.0,""k"":1.0,""lam"":0.00693,""n_req"":1,""p0"":0.0,""pos"":[0.6000000000000001,1.8],""sender"":""r00"",""t"":26.0,""t_ref"":0.0,""task_id"":""survey-21-0007"",""type"":""survey""}"
26.000,ANNOUNCE,survey-22-0008,r01,"{""deadline"":27.0,""duration"":2.0,""k"":1.0,""lam"":0.00693,""n_req"":1,""p0"":0.0,""pos"":[1.0,1.8],""sender"":""r01"",""t"":26.0,""t_ref"":0.0,""task_id"":""survey-22-0008"",""type"":""survey""}"
26.000,AWARD,roi-011,r01,"{""sender"":""r01"",""t"":26.0,""task_id"":""roi-011"",""winners"":[""r01"",""r04"",""r03""]}"
26.000,ANNOUNCE,survey-20-0006,r06,"{""deadline"":27.0,""duration"":2.0,""k"":1.0,""lam"":0.00693,""n_req"":1,""p0"":0.0,""pos"":[0.2,1.8],""sender"":""r06"",""t"":26.0,""t_ref"":0.0,""task_id"":""survey-20-0006"",""type"":""survey""}"
26.100,RELEASE,survey-19-0005,r01,"{""reason"":""preempted"",""sender"":""r01"",""t"":26.1,""task_id"":""survey-19-0005""}"
26.100,RELEASE,survey-14-0000,r03,"{""reason"":""preempted"",""sender"":""r03"",""t"":26.1,""task_id"":""survey-14-0000""}"
26.200,ANNOUNCE,survey-14-0000,r00,"{""deadline"":27.2,""duration"":2.0,""k"":1.0,""lam"":0.00693,""n_req"":1,""p0"":0.0,""pos"":[1.8,1.0],""sender"":""r00"",""t"":26.2,""t_ref"":0.0,""task_id"":""survey-14-0000"",""type"":""survey""}"
26.200,ANNOUNCE,survey-19-0005,r05,"{""deadline"":27.2,""duration"":2.0,""k"":1.0,""lam"":0.00693,""n_req"":1,""p0"":0.0,""pos"":[1.8,1.4000000000000001],""sender"":""r05"",""t"":26.2,""t_ref"":0.0,""task_id"":""survey-19-0005"",""type"":""survey""}"
26.500,DETECTED,roi-003,r05,"{""event_created_at"":26.23879813405387,""latency"":0.2612018659461306}"
26.500,ANNOUNCE,roi-003,r05,"{""deadline"":27.5,""duration"":15.0,""k"":1.0,""lam"":0.00693,""n_req"":1,""p0"":0.6,""pos"":[0.3807653460044593,0.6107106984555178],""sender"":""r05"",""t"":26.5,""t_ref"":26.5,""task_id"":""roi-003"",""type"":""guard""}"
26.500,DETECTED,roi-000,r00,"{""event_created_at"":26.45620992830467,""latency"":0.04379007169533011}"
26.500,ANNOUNCE,roi-000,r00,"{""deadline"":27.5,""duration"":10.0,""k"":1.0,""lam"":0.00693,""n_req"":3,""p0"":0.8,""pos"":[0.5775014640114763,0.5133845385800002],""sender"":""r00"",""t"":26.5,""t_ref"":26.5,""task_id"":""roi-000"",""type"":""surround""}"
26.600,BID,roi-003,r00,"{""cost"":0.31925412641609385,""sender"":""r00"",""t"":26.6,""task_id"":""roi-003""}"
26.600,BID,roi-000,r00,"{""cost"":0.24400121811429204,""sender"":""r00"",""t"":26.6,""task_id"":""roi-000""}"
26.600,BID,roi-000,r01,"{""cost"":0.5168825223472024,""sender"":""r01"",""t"":26.6,""task_id"":""roi-000""}"
26.600,BID,roi-003,r02,"{""cost"":0.44940789979327456,""sender"":""r02"",""t"":26.6,""task_id"":""roi-003""}"
26.600,BID,roi-000,r02,"{""cost"":0.39229478846246657,""sender"":""r02"",""t"":26.6,""task_id"":""roi-000""}"
26.600,BID,roi-003,r03,"{""cost"":0.6269419672915002,""sender"":""r03"",""t"":26.6,""task_id"":""roi-003""}"
26.600,BID,roi-000,r03,"{""cost"":0.5707026758454721,""sender"":""r03"",""t"":26.6,""task_id"":""roi-000""}"
26.600,BID,roi-000,r04,"{""cost"":0.41489626451210987,""sender"":""r04"",""t"":26.6,""task_id"":""roi-000""}"
26.600,BID,roi-003,r05,"{""cost"":0.21875509886306693,""sender"":""r05"",""t"":26.6,""task_id"":""roi-003""}"
26.600,BID,roi-000,r05,"{""cost"":0.2836289667115448,""sender"":""r05"",""t"":26.6,""task_id"":""roi-000""}"
26.600,BID,roi-000,r06,"{""cost"":0.39643708234540825,""sender"":""r06"",""t"":26.6,""task_id"":""roi-000""}"
26.600,BID,roi-003,r06,"{""cost"":0.4541867440276447,""sender"":""r06"",""t"":26.6,""task_id"":""roi-003""}"
27.000,FAILED,survey-21-0007,r00,{}
27.000,ANNOUNCE,survey-00-0011,r00,"{""deadline"":28.0,""duration"":2.0,""k"":1.0,""lam"":0.00693,""n_req"":1,""p0"":0.0,""pos"":[0.2,0.2],""sender"":""r00"",""t"":27.0,""t_ref"":7.5,""task_id"":""survey-00-0011"",""type"":""survey""}"
27.000,FAILED,survey-22-0008,r01,{}
27.000,ANNOUNCE,survey-23-0009,r02,"{""deadline"":28.0,""duration"":2.0,""k"":1.0,""lam"":0.00693,""n_req"":1,""p0"":0.0,""pos"":[1.4000000000000001,1.8],""sender"":""r02"",""t"":27.0,""t_ref"":0.0,""task_id"":""survey-23-0009"",""type"":""survey""}"
27.000,ANNOUNCE,survey-24-0010,r03,"{""deadline"":28.0,""duration"":2.0,""k"":1.0,""lam"":0.00693,""n_req"":1,""p0"":0.0,""pos"":[1.8,1.8],""sender"":""r03"",""t"":27.0,""t_ref"":0.0,""task_id"":""survey-24-0010"",""type"":""survey""}"
27.000,FAILED,survey-20-0006,r06,{}
27.200,ANNOUNCE,survey-14-0000,r00,"{""deadline"":28.2,""duration"":2.0,""k"":1.0,""lam"":0.00693,""n_req"":1,""p0"":0.0,""pos"":[1.8,1.0],""sender"":""r00"",""t"":27.2,""t_ref"":0.0,""task_id"":""survey-14-0000"",""type"":""survey""}"
27.200,ANNOUNCE,survey-19-0005,r05,"{""deadline"":28.2,""duration"":2.0,""k"":1.0,""lam"":0.00693,""n_req"":1,""p0"":0.0,""pos"":[1.8,1.4000000000000001],""sender"":""r05"",""t"":27.2,""t_ref"":0.0,""task_id"":""survey-19-0005"",""type"":""survey""}"
27.500,AWARD,roi-000,r00,"{""sender"":""r00"",""t"":27.5,""task_id"":""roi-000"",""winners"":[""r00"",""r05"",""r02""]}"
27.500,AWARD,roi-003,r05,"{""sender"":""r05"",""t"":27.5,""task_id"":""roi-003"",""winners"":[""r05""]}"
28.000,ANNOUNCE,survey-00-0011,r00,"{""deadline"":29.0,""duration"":2.0,""k"":1.0,""lam"":0.00693,""n_req"":1,""p0"":0.0,""pos"":[0.2,0.2],""sender"":""r00"",""t"":28.0,""t_ref"":7.5,""task_id"":""survey-00-0011"",""type"":""survey""}"
28.000,ANNOUNCE,survey-23-0009,r02,"{""deadline"":29.0,""duration"":2.0,""k"":1.0,""lam"":0.00693,""n_req"":1,""p0"":0.0,""pos"":[1.4000000000000001,1.8],""sender"":""r02"",""t"":28.0,""t_ref"":0.0,""task_id"":""survey-23-0009"",""type"":""survey""}"
28.000,ANNOUNCE,survey-24-0010,r03,"{""deadline"":29.0,""duration"":2.0,""k"":1.0,""lam"":0.00693,""n_req"":1,""p0"":0.0,""pos"":[1.8,1.8],""sender"":""r03"",""t"":28.0,""t_ref"":0.0,""task_id"":""survey-24-0010"",""type"":""survey""}"
28.200,ANNOUNCE,survey-14-0000,r00,"{""deadline"":29.2,""duration"":2.0,""k"":1.0,""lam"":0.00693,""n_req"":1,""p0"":0.0,""pos"":[1.8,1.0],""sender"":""r00"",""t"":28.2,""t_ref"":0.0,""task_id"":""survey-14-0000"",""type"":""survey""}"
28.200,ANNOUNCE,survey-19-0005,r05,"{""deadline"":29.2,""duration"":2.0,""k"":1.0,""lam"":0.00693,""n_req"":1,""p0"":0.0,""pos"":[1.8,1.4000000000000001],""sender"":""r05"",""t"":28.2,""t_ref"":0.0,""task_id"":""survey-19-0005"",""type"":""survey""}"
29.000,FAILED,survey-00-0011,r00,{}
29.000,FAILED,survey-23-0009,r02,{}
29.000,FAILED,survey-24-0010,r03,{}
29.200,FAILED,survey-14-0000,r00,{}
29.200,FAILED,survey-19-0005,r05,{}
30.000,ANNOUNCE,survey-04-0012,r04,"{""deadline"":31.0,""duration"":2.0,""k"":1.0,""lam"":0.00693,""n_req"":1,""p0"":0.0,""pos"":[1.8,0.2],""sender"":""r04"",""t"":30.0,""t_ref"":11.5,""task_id"":""survey-04-0012"",""type"":""survey""}"
31.000,ANNOUNCE,survey-04-0012,r04,"{""deadline"":32.0,""duration"":2.0,""k"":1.0,""lam"":0.00693,""n_req"":1,""p0"":0.0,""pos"":[1.8,0.2],""sender"":""r04"",""t"":31.0,""t_ref"":11.5,""task_id"":""survey-04-0012"",""type"":""survey""}"
32.000,ANNOUNCE,survey-02-0013,r02,"{""deadline"":33.0,""duration"":2.0,""k"":1.0,""lam"":0.00693,""n_req"":1,""p0"":0.0,""pos"":[1.0,0.2],""sender"":""r02"",""t"":32.0,""t_ref"":13.5,""task_id"":""survey-02-0013"",""type"":""survey""}"
32.000,ANNOUNCE,survey-04-0012,r04,"{""deadline"":33.0,""duration"":2.0,""k"":1.0,""lam"":0.00693,""n_req"":1,""p0"":0.0,""pos"":[1.8,0.2],""sender"":""r04"",""t"":32.0,""t_ref"":11.5,""task_id"":""survey-04-0012"",""type"":""survey""}"
33.000,ANNOUNCE,survey-02-0013,r02,"{""deadline"":34.0,""duration"":2.0,""k"":1.0,""lam"":0.00693,""n_req"":1,""p0"":0.0,""pos"":[1.0,0.2],""sender"":""r02"",""t"":33.0,""t_ref"":13.5,""task_id"":""survey-02-0013"",""type"":""survey""}"
33.000,FAILED,survey-04-0012,r04,{}
33.000,DETECTED,roi-025,r00,"{""event_created_at"":32.709960853832854,""latency"":0.2900391461671461}"
33.000,ANNOUNCE,roi-025,r00,"{""deadline"":34.0,""duration"":15.0,""k"":1.0,""lam"":0.00693,""n_req"":1,""p0"":0.6,""pos"":[0.686027165175729,0.5236327714439464],""sender"":""r00"",""t"":33.0,""t_ref"":33.0,""task_id"":""roi-025"",""type"":""guard""}"
33.100,BID,roi-025,r00,"{""cost"":0.37370101940790584,""sender"":""r00"",""t"":33.1,""task_id"":""roi-025""}"
33.100,BID,roi-025,r01,"{""cost"":0.45743099043212065,""sender"":""r01"",""t"":33.1,""task_id"":""roi-025""}"
33.100,BID,roi-025,r02,"{""cost"":0.5224886413877528,""sender"":""r02"",""t"":33.1,""task_id"":""roi-025""}"
33.100,BID,roi-025,r03,"{""cost"":0.43897251318544706,""sender"":""r03"",""t"":33.1,""task_id"":""roi-025""}"
33.100,BID,roi-025,r04,"{""cost"":0.48276278187933663,""sender"":""r04"",""t"":33.1,""task_id"":""roi-025""}"
33.100,BID,roi-025,r06,"{""cost"":0.35975084503643395,""sender"":""r06"",""t"":33.1,""task_id"":""roi-025""}"
34.000,ANNOUNCE,survey-01-0014,r01,"{""deadline"":35.0,""duration"":2.0,""k"":1.0,""lam"":0.00693,""n_req"":1,""p0"":0.0,""pos"":[0.6000000000000001,0.2],""sender"":""r01"",""t"":34.0,""t_ref"":14.5,""task_id"":""survey-01-0014"",""type"":""survey""}"
34.000,ANNOUNCE,survey-03-0015,r03,"{""deadline"":35.0,""duration"":2.0,""k"":1.0,""lam"":0.00693,""n_req"":1,""p0"":0.0,""pos"":[1.4000000000000001,0.2],""sender"":""r03"",""t"":34.0,""t_ref"":15.0,""task_id"":""survey-03-0015"",""type"":""survey""}"
34.000,AWARD,roi-025,r00,"{""sender"":""r00"",""t"":34.0,""task_id"":""roi-025"",""winners"":[""r06""]}"
34.000,ANNOUNCE,survey-02-0013,r02,"{""deadline"":35.0,""duration"":2.0,""k"":1.0,""lam"":0.00693,""n_req"":1,""p0"":0.0,""pos"":[1.0,0.2],""sender"":""r02"",""t"":34.0,""t_ref"":13.5,""task_id"":""survey-02-0013"",""type"":""survey""}"
34.100,DONE,roi-006,r00,"{""sender"":""r00"",""t"":34.1,""task_id"":""roi-006""}"
35.000,ANNOUNCE,survey-01-0014,r01,"{""deadline"":36.0,""duration"":2.0,""k"":1.0,""lam"":0.00693,""n_req"":1,""p0"":0.0,""pos"":[0.6000000000000001,0.2],""sender"":""r01"",""t"":35.0,""t_ref"":14.5,""task_id"":""survey-01-0014"",""type"":""survey""}"
35.000,FAILED,survey-02-0013,r02,{}
35.000,ANNOUNCE,survey-03-0015,r03,"{""deadline"":36.0,""duration"":2.0,""k"":1.0,""lam"":0.00693,""n_req"":1,""p0"":0.0,""pos"":[1.4000000000000001,0.2],""sender"":""r03"",""t"":35.0,""t_ref"":15.0,""task_id"":""survey-03-0015"",""type"":""survey""}"
36.000,ANNOUNCE,survey-01-0014,r01,"{""deadline"":37.0,""duration"":2.0,""k"":1.0,""lam"":0.00693,""n_req"":1,""p0"":0.0,""pos"":[0.6000000000000001,0.2],""sender"":""r01"",""t"":36.0,""t_ref"":14.5,""task_id"":""survey-01-0014"",""type"":""survey""}"
36.000,ANNOUNCE,survey-03-0015,r03,"{""deadline"":37.0,""duration"":2.0,""k"":1.0,""lam"":0.00693,""n_req"":1,""p0"":0.0,""pos"":[1.4000000000000001,0.2],""sender"":""r03"",""t"":36.0,""t_ref"":15.0,""task_id"":""survey-03-0015"",""type"":""survey""}"
37.000,FAILED,survey-01-0014,r01,{}
37.000,FAILED,survey-03-0015,r03,{}
37.200,DONE,roi-026,r02,"{""sender"":""r02"",""t"":37.2,""task_id"":""roi-026""}"
38.000,ANNOUNCE,survey-09-0016,r02,"{""deadline"":39.0,""duration"":2.0,""k"":1.0,""lam"":0.00693,""n_req"":1,""p0"":0.0,""pos"":[1.8,0.6000000000000001],""sender"":""r02"",""t"":38.0,""t_ref"":19.0,""task_id"":""survey-09-0016"",""type"":""survey""}"
39.000,ANNOUNCE,survey-09-0016,r02,"{""deadline"":40.0,""duration"":2.0,""k"":1.0,""lam"":0.00693,""n_req"":1,""p0"":0.0,""pos"":[1.8,0.6000000000000001],""sender"":""r02"",""t"":39.0,""t_ref"":19.0,""task_id"":""survey-09-0016"",""type"":""survey""}"
40.000,ANNOUNCE,survey-09-0016,r02,"{""deadline"":41.0,""duration"":2.0,""k"":1.0,""lam"":0.00693,""n_req"":1,""p0"":0.0,""pos"":[1.8,0.6000000000000001],""sender"":""r02"",""t"":40.0,""t_ref"":19.0,""task_id"":""survey-09-0016"",""type"":""survey""}"
40.500,DETECTED,roi-019,r00,"{""event_created_at"":40.00019249786637,""latency"":0.4998075021336277}"
40.500,ANNOUNCE,roi-019,r00,"{""deadline"":41.5,""duration"":15.0,""k"":1.0,""lam"":0.00693,""n_req"":1,""p0"":0.6,""pos"":[0.4988970702147182,0.27576207918485623],""sender"":""r00"",""t"":40.5,""t_ref"":40.5,""task_id"":""roi-019"",""type"":""guard""}"
40.600,BID,roi-019,r00,"{""cost"":0.2584914374979707,""sender"":""r00"",""t"":40.6,""task_id"":""roi-019""}"
40.600,BID,roi-019,r01,"{""cost"":0.45976944323644225,""sender"":""r01"",""t"":40.6,""task_id"":""roi-019""}"
40.600,BID,roi-019,r02,"{""cost"":0.40331248526813407,""sender"":""r02"",""t"":40.6,""task_id"":""roi-019""}"
40.600,BID,roi-019,r03,"{""cost"":0.5281217693021046,""sender"":""r03"",""t"":40.6,""task_id"":""roi-019""}"
40.600,BID,roi-019,r04,"{""cost"":0.4553788916761604,""sender"":""r04"",""t"":40.6,""task_id"":""roi-019""}"
40.600,BID,roi-019,r06,"{""cost"":0.405740757365298,""sender"":""r06"",""t"":40.6,""task_id"":""roi-019""}"
41.000,FAILED,survey-09-0016,r02,{}
41.500,AWARD,roi-019,r00,"{""sender"":""r00"",""t"":41.5,""task_id"":""roi-019"",""winners"":[""r00""]}"
42.000,ANNOUNCE,survey-10-0017,r03,"{""deadline"":43.0,""duration"":2.0,""k"":1.0,""lam"":0.00693,""n_req"":1,""p0"":0.0,""pos"":[0.2,1.0],""sender"":""r03"",""t"":42.0,""t_ref"":22.0,""task_id"":""survey-10-0017"",""type"":""survey""}"
43.000,ANNOUNCE,survey-10-0017,r03,"{""deadline"":44.0,""duration"":2.0,""k"":1.0,""lam"":0.00693,""n_req"":1,""p0"":0.0,""pos"":[0.2,1.0],""sender"":""r03"",""t"":43.0,""t_ref"":22.0,""task_id"":""survey-10-0017"",""type"":""survey""}"
44.000,ANNOUNCE,survey-18-0018,r04,"{""deadline"":45.0,""duration"":2.0,""k"":1.0,""lam"":0.00693,""n_req"":1,""p0"":0.0,""pos"":[1.4000000000000001,1.4000000000000001],""sender"":""r04"",""t"":44.0,""t_ref"":0.0,""task_id"":""survey-18-0018"",""type"":""survey""}"
44.000,ANNOUNCE,survey-10-0017,r03,"{""deadline"":45.0,""duration"":2.0,""k"":1.0,""lam"":0.00693,""n_req"":1,""p0"":0.0,""pos"":[0.2,1.0],""sender"":""r03"",""t"":44.0,""t_ref"":22.0,""task_id"":""survey-10-0017"",""type"":""survey""}"
45.000,FAILED,survey-10-0017,r03,{}
45.000,ANNOUNCE,survey-18-0018,r04,"{""deadline"":46.0,""duration"":2.0,""k"":1.0,""lam"":0.00693,""n_req"":1,""p0"":0.0,""pos"":[1.4000000000000001,1.4000000000000001],""sender"":""r04"",""t"":45.0,""t_ref"":0.0,""task_id"":""survey-18-0018"",""type"":""survey""}"
45.200,DONE,roi-027,r01,"{""sender"":""r01"",""t"":45.2,""task_id"":""roi-027""}"
46.000,ANNOUNCE,survey-20-0019,r06,"{""deadline"":47.0,""duration"":2.0,""k"":1.0,""lam"":0.00693,""n_req"":1,""p0"":0.0,""pos"":[0.2,1.8],""sender"":""r06"",""t"":46.0,""t_ref"":0.0,""task_id"":""survey-20-0019"",""type"":""survey""}"
46.000,ANNOUNCE,survey-21-0020,r00,"{""deadline"":47.0,""duration"":2.0,""k"":1.0,""lam"":0.00693,""n_req"":1,""p0"":0.0,""pos"":[0.6000000000000001,1.8],""sender"":""r00"",""t"":46.0,""t_ref"":0.0,""task_id"":""survey-21-0020"",""type"":""survey""}"
46.000,ANNOUNCE,survey-22-0021,r01,"{""deadline"":47.0,""duration"":2.0,""k"":1.0,""lam"":0.00693,""n_req"":1,""p0"":0.0,""pos"":[1.0,1.8],""sender"":""r01"",""t"":46.0,""t_ref"":0.0,""task_id"":""survey-22-0021"",""type"":""survey""}"
46.000,ANNOUNCE,survey-18-0018,r04,"{""deadline"":47.0,""duration"":2.0,""k"":1.0,""lam"":0.00693,""n_req"":1,""p0"":0.0,""pos"":[1.4000000000000001,1.4000000000000001],""sender"":""r04"",""t"":46.0,""t_ref"":0.0,""task_id"":""survey-18-0018"",""type"":""survey""}"
47.000,ANNOUNCE,survey-21-0020,r00,"{""deadline"":48.0,""duration"":2.0,""k"":1.0,""lam"":0.00693,""n_req"":1,""p0"":0.0,""pos"":[0.6000000000000001,1.8],""sender"":""r00"",""t"":47.0,""t_ref"":0.0,""task_id"":""survey-21-0020"",""type"":""survey""}"
47.000,ANNOUNCE,survey-22-0021,r01,"{""deadline"":48.0,""duration"":2.0,""k"":1.0,""lam"":0.00693,""n_req"":1,""p0"":0.0,""pos"":[1.0,1.8],""sender"":""r01"",""t"":47.0,""t_ref"":0.0,""task_id"":""survey-22-0021"",""type"":""survey""}"
47.000,FAILED,survey-18-0018,r04,{}
47.000,ANNOUNCE,survey-20-0019,r06,"{""deadline"":48.0,""duration"":2.0,""k"":1.0,""lam"":0.00693,""n_req"":1,""p0"":0.0,""pos"":[0.2,1.8],""sender"":""r06"",""t"":47.0,""t_ref"":0.0,""task_id"":""survey-20-0019"",""type"":""survey""}"
48.000,ANNOUNCE,survey-19-0022,r05,"{""deadline"":49.0,""duration"":2.0,""k"":1.0,""lam"":0.00693,""n_req"":1,""p0"":0.0,""pos"":[1.8,1.4000000000000001],""sender"":""r05"",""t"":48.0,""t_ref"":0.0,""task_id"":""survey-19-0022"",""type"":""survey""}"
48.000,ANNOUNCE,survey-23-0023,r02,"{""deadline"":49.0,""duration"":2.0,""k"":1.0,""lam"":0.00693,""n_req"":1,""p0"":0.0,""pos"":[1.4000000000000001,1.8],""sender"":""r02"",""t"":48.0,""t_ref"":0.0,""task_id"":""survey-23-0023"",""type"":""survey""}"
48.000,ANNOUNCE,survey-24-0024,r03,"{""deadline"":49.0,""duration"":2.0,""k"":1.0,""lam"":0.00693,""n_req"":1,""p0"":0.0,""pos"":[1.8,1.8],""sender"":""r03"",""t"":48.0,""t_ref"":0.0,""task_id"":""survey-24-0024"",""type"":""survey""}"
48.000,ANNOUNCE,survey-21-0020,r00,"{""deadline"":49.0,""duration"":2.0,""k"":1.0,""lam"":0.00693,""n_req"":1,""p0"":0.0,""pos"":[0.6000000000000001,1.8],""sender"":""r00"",""t"":48.0,""t_ref"":0.0,""task_id"":""survey-21-0020"",""type"":""survey""}"
48.000,ANNOUNCE,survey-22-0021,r01,"{""deadline"":49.0,""duration"":2.0,""k"":1.0,""lam"":0.00693,""n_req"":1,""p0"":0.0,""pos"":[1.0,1.8],""sender"":""r01"",""t"":48.0,""t_ref"":0.0,""task_id"":""survey-22-0021"",""type"":""survey""}"
48.000,ANNOUNCE,survey-20-0019,r06,"{""deadline"":49.0,""duration"":2.0,""k"":1.0,""lam"":0.00693,""n_req"":1,""p0"":0.0,""pos"":[0.2,1.8],""sender"":""r06"",""t"":48.0,""t_ref"":0.0,""task_id"":""survey-20-0019"",""type"":""survey""}"
49.000,FAILED,survey-21-0020,r00,{}
49.000,FAILED,survey-22-0021,r01,{}
49.000,ANNOUNCE,survey-23-0023,r02,"{""deadline"":50.0,""duration"":2.0,""k"":1.0,""lam"":0.00693,""n_req"":1,""p0"":0.0,""pos"":[1.4000000000000001,1.8],""sender"":""r02"",""t"":49.0,""t_ref"":0.0,""task_id"":""survey-23-0023"",""type"":""survey""}"
49.000,ANNOUNCE,survey-24-0024,r03,"{""deadline"":50.0,""duration"":2.0,""k"":1.0,""lam"":0.00693,""n_req"":1,""p0"":0.0,""pos"":[1.8,1.8],""sender"":""r03"",""t"":49.0,""t_ref"":0.0,""task_id"":""survey-24-0024"",""type"":""survey""}"
49.000,ANNOUNCE,survey-19-0022,r05,"{""deadline"":50.0,""duration"":2.0,""k"":1.0,""lam"":0.00693,""n_req"":1,""p0"":0.0,""pos"":[1.8,1.4000000000000001],""sender"":""r05"",""t"":49.0,""t_ref"":0.0,""task_id"":""survey-19-0022"",""type"":""survey""}"
49.000,FAILED,survey-20-0019,r06,{}
50.000,ANNOUNCE,survey-00-0025,r00,"{""deadline"":51.0,""duration"":2.0,""k"":1.0,""lam"":0.00693,""n_req"":1,""p0"":0.0,""pos"":[0.2,0.2],""sender"":""r00"",""t"":50.0,""t_ref"":7.5,""task_id"":""survey-00-0025"",""type"":""survey""}"
50.000,ANNOUNCE,survey-14-0026,r00,"{""deadline"":51.0,""duration"":2.0,""k"":1.0,""lam"":0.00693,""n_req"":1,""p0"":0.0,""pos"":[1.8,1.0],""sender"":""r00"",""t"":50.0,""t_ref"":29.0,""task_id"":""survey-14-0026"",""type"":""survey""}"
50.000,ANNOUNCE,survey-23-0023,r02,"{""deadline"":51.0,""duration"":2.0,""k"":1.0,""lam"":0.00693,""n_req"":1,""p0"":0.0,""pos"":[1.4000000000000001,1.8],""sender"":""r02"",""t"":50.0,""t_ref"":0.0,""task_id"":""survey-23-0023"",""type"":""survey""}"
50.000,ANNOUNCE,survey-24-0024,r03,"{""deadline"":51.0,""duration"":2.0,""k"":1.0,""lam"":0.00693,""n_req"":1,""p0"":0.0,""pos"":[1.8,1.8],""sender"":""r03"",""t"":50.0,""t_ref"":0.0,""task_id"":""survey-24-0024"",""type"":""survey""}"
50.000,ANNOUNCE,survey-19-0022,r05,"{""deadline"":51.0,""duration"":2.0,""k"":1.0,""lam"":0.00693,""n_req"":1,""p0"":0.0,""pos"":[1.8,1.4000000000000001],""sender"":""r05"",""t"":50.0,""t_ref"":0.0,""task_id"":""survey-19-0022"",""type"":""survey""}"
51.000,ANNOUNCE,survey-00-0025,r00,"{""deadline"":52.0,""duration"":2.0,""k"":1.0,""lam"":0.00693,""n_req"":1,""p0"":0.0,""pos"":[0.2,0.2],""sender"":""r00"",""t"":51.0,""t_ref"":7.5,""task_id"":""survey-00-0025"",""type"":""survey""}"
51.000,ANNOUNCE,survey-14-0026,r00,"{""deadline"":52.0,""duration"":2.0,""k"":1.0,""lam"":0.00693,""n_req"":1,""p0"":0.0,""pos"":[1.8,1.0],""sender"":""r00"",""t"":51.0,""t_ref"":29.0,""task_id"":""survey-14-0026"",""type"":""survey""}"
51.000,FAILED,survey-23-0023,r02,{}
51.000,FAILED,survey-24-0024,r03,{}
51.000,FAILED,survey-19-0022,r05,{}
52.000,ANNOUNCE,survey-04-0027,r04,"{""deadline"":53.0,""duration"":2.0,""k"":1.0,""lam"":0.00693,""n_req"":1,""p0"":0.0,""pos"":[1.8,0.2],""sender"":""r04"",""t"":52.0,""t_ref"":11.5,""task_id"":""survey-04-0027"",""type"":""survey""}"
52.000,ANNOUNCE,survey-00-0025,r00,"{""deadline"":53.0,""duration"":2.0,""k"":1.0,""lam"":0.00693,""n_req"":1,""p0"":0.0,""pos"":[0.2,0.2],""sender"":""r00"",""t"":52.0,""t_ref"":7.5,""task_id"":""survey-00-0025"",""type"":""survey""}"
52.000,ANNOUNCE,survey-14-0026,r00,"{""deadline"":53.0,""duration"":2.0,""k"":1.0,""lam"":0.00693,""n_req"":1,""p0"":0.0,""pos"":[1.8,1.0],""sender"":""r00"",""t"":52.0,""t_ref"":29.0,""task_id"":""survey-14-0026"",""type"":""survey""}"
53.000,FAILED,survey-00-0025,r00,{}
53.000,FAILED,survey-14-0026,r00,{}
53.000,ANNOUNCE,survey-04-0027,r04,"{""deadline"":54.0,""duration"":2.0,""k"":1.0,""lam"":0.00693,""n_req"":1,""p0"":0.0,""pos"":[1.8,0.2],""sender"":""r04"",""t"":53.0,""t_ref"":11.5,""task_id"":""survey-04-0027"",""type"":""survey""}"
54.000,ANNOUNCE,survey-02-0028,r02,"{""deadline"":55.0,""duration"":2.0,""k"":1.0,""lam"":0.00693,""n_req"":1,""p0"":0.0,""pos"":[1.0,0.2],""sender"":""r02"",""t"":54.0,""t_ref"":13.5,""task_id"":""survey-02-0028"",""type"":""survey""}"
54.000,ANNOUNCE,survey-13-0029,r06,"{""deadline"":55.0,""duration"":2.0,""k"":1.0,""lam"":0.00693,""n_req"":1,""p0"":0.0,""pos"":[1.4000000000000001,1.0],""sender"":""r06"",""t"":54.0,""t_ref"":34.0,""task_id"":""survey-13-0029"",""type"":""survey""}"
54.000,ANNOUNCE,survey-04-0027,r04,"{""deadline"":55.0,""duration"":2.0,""k"":1.0,""lam"":0.00693,""n_req"":1,""p0"":0.0,""pos"":[1.8,0.2],""sender"":""r04"",""t"":54.0,""t_ref"":11.5,""task_id"":""survey-04-0027"",""type"":""survey""}"
55.000,ANNOUNCE,survey-02-0028,r02,"{""deadline"":56.0,""duration"":2.0,""k"":1.0,""lam"":0.00693,""n_req"":1,""p0"":0.0,""pos"":[1.0,0.2],""sender"":""r02"",""t"":55.0,""t_ref"":13.5,""task_id"":""survey-02-0028"",""type"":""survey""}"
55.000,FAILED,survey-04-0027,r04,{}
55.000,ANNOUNCE,survey-13-0029,r06,"{""deadline"":56.0,""duration"":2.0,""k"":1.0,""lam"":0.00693,""n_req"":1,""p0"":0.0,""pos"":[1.4000000000000001,1.0],""sender"":""r06"",""t"":55.0,""t_ref"":34.0,""task_id"":""survey-13-0029"",""type"":""survey""}"
56.000,ANNOUNCE,survey-01-0030,r01,"{""deadline"":57.0,""duration"":2.0,""k"":1.0,""lam"":0.00693,""n_req"":1,""p0"":0.0,""pos"":[0.6000000000000001,0.2],""sender"":""r01"",""t"":56.0,""t_ref"":14.5,""task_id"":""survey-01-0030"",""type"":""survey""}"
56.000,ANNOUNCE,survey-03-0031,r03,"{""deadline"":57.0,""duration"":2.0,""k"":1.0,""lam"":0.00693,""n_req"":1,""p0"":0.0,""pos"":[1.4000000000000001,0.2],""sender"":""r03"",""t"":56.0,""t_ref"":15.0,""task_id"":""survey-03-0031"",""type"":""survey""}"
56.000,ANNOUNCE,survey-02-0028,r02,"{""deadline"":57.0,""duration"":2.0,""k"":1.0,""lam"":0.00693,""n_req"":1,""p0"":0.0,""pos"":[1.0,0.2],""sender"":""r02"",""t"":56.0,""t_ref"":13.5,""task_id"":""survey-02-0028"",""type"":""survey""}"
56.000,ANNOUNCE,survey-13-0029,r06,"{""deadline"":57.0,""duration"":2.0,""k"":1.0,""lam"":0.00693,""n_req"":1,""p0"":0.0,""pos"":[1.4000000000000001,1.0],""sender"":""r06"",""t"":56.0,""t_ref"":34.0,""task_id"":""survey-13-0029"",""type"":""survey""}"
57.000,ANNOUNCE,survey-01-0030,r01,"{""deadline"":58.0,""duration"":2.0,""k"":1.0,""lam"":0.00693,""n_req"":1,""p0"":0.0,""pos"":[0.6000000000000001,0.2],""sender"":""r01"",""t"":57.0,""t_ref"":14.5,""task_id"":""survey-01-0030"",""type"":""survey""}"
57.000,FAILED,survey-02-0028,r02,{}
57.000,ANNOUNCE,survey-03-0031,r03,"{""deadline"":58.0,""duration"":2.0,""k"":1.0,""lam"":0.00693,""n_req"":1,""p0"":0.0,""pos"":[1.4000000000000001,0.2],""sender"":""r03"",""t"":57.0,""t_ref"":15.0,""task_id"":""survey-03-0031"",""type"":""survey""}"
57.000,FAILED,survey-13-0029,r06,{}
58.000,ANNOUNCE,survey-08-0032,r01,"{""deadline"":59.0,""duration"":2.0,""k"":1.0,""lam"":0.00693,""n_req"":1,""p0"":0.0,""pos"":[1.4000000000000001,0.6000000000000001],""sender"":""r01"",""t"":58.0,""t_ref"":39.0,""task_id"":""survey-08-0032"",""type"":""survey""}"
58.000,ANNOUNCE,survey-17-0033,r03,"{""deadline"":59.0,""duration"":2.0,""k"":1.0,""lam"":0.00693,""n_req"":1,""p0"":0.0,""pos"":[1.0,1.4000000000000001],""sender"":""r03"",""t"":58.0,""t_ref"":39.0,""task_id"":""survey-17-0033"",""type"":""survey""}"
58.000,ANNOUNCE,survey-01-0030,r01,"{""deadline"":59.0,""duration"":2.0,""k"":1.0,""lam"":0.00693,""n_req"":1,""p0"":0.0,""pos"":[0.6000000000000001,0.2],""sender"":""r01"",""t"":58.0,""t_ref"":14.5,""task_id"":""survey-01-0030"",""type"":""survey""}"
58.000,ANNOUNCE,survey-03-0031,r03,"{""deadline"":59.0,""duration"":2.0,""k"":1.0,""lam"":0.00693,""n_req"":1,""p0"":0.0,""pos"":[1.4000000000000001,0.2],""sender"":""r03"",""t"":58.0,""t_ref"":15.0,""task_id"":""survey-03-0031"",""type"":""survey""}"
59.000,FAILED,survey-01-0030,r01,{}
59.000,ANNOUNCE,survey-08-0032,r01,"{""deadline"":60.0,""duration"":2.0,""k"":1.0,""lam"":0.00693,""n_req"":1,""p0"":0.0,""pos"":[1.4000000000000001,0.6000000000000001],""sender"":""r01"",""t"":59.0,""t_ref"":39.0,""task_id"":""survey-08-0032"",""type"":""survey""}"
59.000,FAILED,survey-03-0031,r03,{}
59.000,ANNOUNCE,survey-17-0033,r03,"{""deadline"":60.0,""duration"":2.0,""k"":1.0,""lam"":0.00693,""n_req"":1,""p0"":0.0,""pos"":[1.0,1.4000000000000001],""sender"":""r03"",""t"":59.0,""t_ref"":39.0,""task_id"":""survey-17-0033"",""type"":""survey""}"
59.900,DONE,roi-025,r06,"{""sender"":""r06"",""t"":59.9,""task_id"":""roi-025""}"
60.000,ANNOUNCE,survey-09-0034,r02,"{""deadline"":61.0,""duration"":2.0,""k"":1.0,""lam"":0.00693,""n_req"":1,""p0"":0.0,""pos"":[1.8,0.6000000000000001],""sender"":""r02"",""t"":60.0,""t_ref"":19.0,""task_id"":""survey-09-0034"",""type"":""survey""}"
60.000,ANNOUNCE,survey-12-0035,r05,"{""deadline"":61.0,""duration"":2.0,""k"":1.0,""lam"":0.00693,""n_req"":1,""p0"":0.0,""pos"":[1.0,1.0],""sender"":""r05"",""t"":60.0,""t_ref"":40.0,""task_id"":""survey-12-0035"",""type"":""survey""}"
60.000,ANNOUNCE,survey-08-0032,r01,"{""deadline"":61.0,""duration"":2.0,""k"":1.0,""lam"":0.00693,""n_req"":1,""p0"":0.0,""pos"":[1.4000000000000001,0.6000000000000001],""sender"":""r01"",""t"":60.0,""t_ref"":39.0,""task_id"":""survey-08-0032"",""type"":""survey""}"
60.000,ANNOUNCE,survey-17-0033,r03,"{""deadline"":61.0,""duration"":2.0,""k"":1.0,""lam"":0.00693,""n_req"":1,""p0"":0.0,""pos"":[1.0,1.4000000000000001],""sender"":""r03"",""t"":60.0,""t_ref"":39.0,""task_id"":""survey-17-0033"",""type"":""survey""}"
60.100,BID,survey-17-0033,r06,"{""cost"":0.320767007474567,""sender"":""r06"",""t"":60.1,""task_id"":""survey-17-0033""}"
61.000,FAILED,survey-08-0032,r01,{}
61.000,ANNOUNCE,survey-09-0034,r02,"{""deadline"":62.0,""duration"":2.0,""k"":1.0,""lam"":0.00693,""n_req"":1,""p0"":0.0,""pos"":[1.8,0.6000000000000001],""sender"":""r02"",""t"":61.0,""t_ref"":19.0,""task_id"":""survey-09-0034"",""type"":""survey""}"
61.000,AWARD,survey-17-0033,r03,"{""sender"":""r03"",""t"":61.0,""task_id"":""survey-17-0033"",""winners"":[""r06""]}"
61.000,ANNOUNCE,survey-12-0035,r05,"{""deadline"":62.0,""duration"":2.0,""k"":1.0,""lam"":0.00693,""n_req"":1,""p0"":0.0,""pos"":[1.0,1.0],""sender"":""r05"",""t"":61.0,""t_ref"":40.0,""task_id"":""survey-12-0035"",""type"":""survey""}"
62.000,ANNOUNCE,survey-09-0034,r02,"{""deadline"":63.0,""duration"":2.0,""k"":1.0,""lam"":0.00693,""n_req"":1,""p0"":0.0,""pos"":[1.8,0.6000000000000001],""sender"":""r02"",""t"":62.0,""t_ref"":19.0,""task_id"":""survey-09-0034"",""type"":""survey""}"
62.000,ANNOUNCE,survey-12-0035,r05,"{""deadline"":63.0,""duration"":2.0,""k"":1.0,""lam"":0.00693,""n_req"":1,""p0"":0.0,""pos"":[1.0,1.0],""sender"":""r05"",""t"":62.0,""t_ref"":40.0,""task_id"":""survey-12-0035"",""type"":""survey""}"
63.000,FAILED,survey-09-0034,r02,{}
63.000,FAILED,survey-12-0035,r05,{}
63.000,DONE,roi-003,r05,"{""sender"":""r05"",""t"":63.0,""task_id"":""roi-003""}"
66.000,ANNOUNCE,survey-18-0036,r04,"{""deadline"":67.0,""duration"":2.0,""k"":1.0,""lam"":0.00693,""n_req"":1,""p0"":0.0,""pos"":[1.4000000000000001,1.4000000000000001],""sender"":""r04"",""t"":66.0,""t_ref"":0.0,""task_id"":""survey-18-0036"",""type"":""survey""}"
66.800,DONE,roi-011,r01,"{""sender"":""r01"",""t"":66.8,""task_id"":""roi-011""}"
67.000,ANNOUNCE,survey-18-0036,r04,"{""deadline"":68.0,""duration"":2.0,""k"":1.0,""lam"":0.00693,""n_req"":1,""p0"":0.0,""pos"":[1.4000000000000001,1.4000000000000001],""sender"":""r04"",""t"":67.0,""t_ref"":0.0,""task_id"":""survey-18-0036"",""type"":""survey""}"
67.100,BID,survey-18-0036,r01,"{""cost"":0.2745957297834291,""sender"":""r01"",""t"":67.1,""task_id"":""survey-18-0036""}"
67.100,BID,survey-18-0036,r03,"{""cost"":0.25853015505868254,""sender"":""r03"",""t"":67.1,""task_id"":""survey-18-0036""}"
67.100,BID,survey-18-0036,r04,"{""cost"":0.27421614167542885,""sender"":""r04"",""t"":67.1,""task_id"":""survey-18-0036""}"
68.000,ANNOUNCE,survey-20-0037,r06,"{""deadline"":69.0,""duration"":2.0,""k"":1.0,""lam"":0.00693,""n_req"":1,""p0"":0.0,""pos"":[0.2,1.8],""sender"":""r06"",""t"":68.0,""t_ref"":0.0,""task_id"":""survey-20-0037"",""type"":""survey""}"
68.000,ANNOUNCE,survey-21-0038,r00,"{""deadline"":69.0,""duration"":2.0,""k"":1.0,""lam"":0.00693,""n_req"":1,""p0"":0.0,""pos"":[0.6000000000000001,1.8],""sender"":""r00"",""t"":68.0,""t_ref"":0.0,""task_id"":""survey-21-0038"",""type"":""survey""}"
68.000,ANNOUNCE,survey-22-0039,r01,"{""deadline"":69.0,""duration"":2.0,""k"":1.0,""lam"":0.00693,""n_req"":1,""p0"":0.0,""pos"":[1.0,1.8],""sender"":""r01"",""t"":68.0,""t_ref"":0.0,""task_id"":""survey-22-0039"",""type"":""survey""}"
68.000,AWARD,survey-18-0036,r04,"{""sender"":""r04"",""t"":68.0,""task_id"":""survey-18-0036"",""winners"":[""r04""]}"
68.100,BID,survey-21-0038,r03,"{""cost"":0.18513572565288497,""sender"":""r03"",""t"":68.1,""task_id"":""survey-21-0038""}"
69.000,AWARD,survey-21-0038,r00,"{""sender"":""r00"",""t"":69.0,""task_id"":""survey-21-0038"",""winners"":[""r03""]}"
69.000,ANNOUNCE,survey-22-0039,r01,"{""deadline"":70.0,""duration"":2.0,""k"":1.0,""lam"":0.00693,""n_req"":1,""p0"":0.0,""pos"":[1.0,1.8],""sender"":""r01"",""t"":69.0,""t_ref"":0.0,""task_id"":""survey-22-0039"",""type"":""survey""}"
69.000,ANNOUNCE,survey-20-0037,r06,"{""deadline"":70.0,""duration"":2.0,""k"":1.0,""lam"":0.00693,""n_req"":1,""p0"":0.0,""pos"":[0.2,1.8],""sender"":""r06"",""t"":69.0,""t_ref"":0.0,""task_id"":""survey-20-0037"",""type"":""survey""}"
69.100,BID,survey-22-0039,r01,"{""cost"":0.2217193550257949,""sender"":""r01"",""t"":69.1,""task_id"":""survey-22-0039""}"
70.000,ANNOUNCE,survey-19-0040,r05,"{""deadline"":71.0,""duration"":2.0,""k"":1.0,""lam"":0.00693,""n_req"":1,""p0"":0.0,""pos"":[1.8,1.4000000000000001],""sender"":""r05"",""t"":70.0,""t_ref"":0.0,""task_id"":""survey-19-0040"",""type"":""survey""}"
70.000,ANNOUNCE,survey-23-0041,r02,"{""deadline"":71.0,""duration"":2.0,""k"":1.0,""lam"":0.00693,""n_req"":1,""p0"":0.0,""pos"":[1.4000000000000001,1.8],""sender"":""r02"",""t"":70.0,""t_ref"":0.0,""task_id"":""survey-23-0041"",""type"":""survey""}"
70.000,ANNOUNCE,survey-24-0042,r03,"{""deadline"":71.0,""duration"":2.0,""k"":1.0,""lam"":0.00693,""n_req"":1,""p0"":0.0,""pos"":[1.8,1.8],""sender"":""r03"",""t"":70.0,""t_ref"":0.0,""task_id"":""survey-24-0042"",""type"":""survey""}"
70.000,AWARD,survey-22-0039,r01,"{""sender"":""r01"",""t"":70.0,""task_id"":""survey-22-0039"",""winners"":[""r01""]}"
70.000,ANNOUNCE,survey-20-0037,r06,"{""deadline"":71.0,""duration"":2.0,""k"":1.0,""lam"":0.00693,""n_req"":1,""p0"":0.0,""pos"":[0.2,1.8],""sender"":""r06"",""t"":70.0,""t_ref"":0.0,""task_id"":""survey-20-0037"",""type"":""survey""}"
71.000,ANNOUNCE,survey-23-0041,r02,"{""deadline"":72.0,""duration"":2.0,""k"":1.0,""lam"":0.00693,""n_req"":1,""p0"":0.0,""pos"":[1.4000000000000001,1.8],""sender"":""r02"",""t"":71.0,""t_ref"":0.0,""task_id"":""survey-23-0041"",""type"":""survey""}"
71.000,ANNOUNCE,survey-24-0042,r03,"{""deadline"":72.0,""duration"":2.0,""k"":1.0,""lam"":0.00693,""n_req"":1,""p0"":0.0,""pos"":[1.8,1.8],""sender"":""r03"",""t"":71.0,""t_ref"":0.0,""task_id"":""survey-24-0042"",""type"":""survey""}"
71.000,ANNOUNCE,survey-19-0040,r05,"{""deadline"":72.0,""duration"":2.0,""k"":1.0,""lam"":0.00693,""n_req"":1,""p0"":0.0,""pos"":[1.8,1.4000000000000001],""sender"":""r05"",""t"":71.0,""t_ref"":0.0,""task_id"":""survey-19-0040"",""type"":""survey""}"
71.000,FAILED,survey-20-0037,r06,{}
72.000,ANNOUNCE,survey-00-0043,r00,"{""deadline"":73.0,""duration"":2.0,""k"":1.0,""lam"":0.00693,""n_req"":1,""p0"":0.0,""pos"":[0.2,0.2],""sender"":""r00"",""t"":72.0,""t_ref"":7.5,""task_id"":""survey-00-0043"",""type"":""survey""}"
72.000,ANNOUNCE,survey-14-0044,r00,"{""deadline"":73.0,""duration"":2.0,""k"":1.0,""lam"":0.00693,""n_req"":1,""p0"":0.0,""pos"":[1.8,1.0],""sender"":""r00"",""t"":72.0,""t_ref"":29.0,""task_id"":""survey-14-0044"",""type"":""survey""}"
72.000,ANNOUNCE,survey-10-0045,r03,"{""deadline"":73.0,""duration"":2.0,""k"":1.0,""lam"":0.00693,""n_req"":1,""p0"":0.0,""pos"":[0.2,1.0],""sender"":""r03"",""t"":72.0,""t_ref"":53.0,""task_id"":""survey-10-0045"",""type"":""survey""}"
72.000,ANNOUNCE,survey-23-0041,r02,"{""deadline"":73.0,""duration"":2.0,""k"":1.0,""lam"":0.00693,""n_req"":1,""p0"":0.0,""pos"":[1.4000000000000001,1.8],""sender"":""r02"",""t"":72.0,""t_ref"":0.0,""task_id"":""survey-23-0041"",""type"":""survey""}"
72.000,ANNOUNCE,survey-24-0042,r03,"{""deadline"":73.0,""duration"":2.0,""k"":1.0,""lam"":0.00693,""n_req"":1,""p0"":0.0,""pos"":[1.8,1.8],""sender"":""r03"",""t"":72.0,""t_ref"":0.0,""task_id"":""survey-24-0042"",""type"":""survey""}"
72.000,ANNOUNCE,survey-19-0040,r05,"{""deadline"":73.0,""duration"":2.0,""k"":1.0,""lam"":0.00693,""n_req"":1,""p0"":0.0,""pos"":[1.8,1.4000000000000001],""sender"":""r05"",""t"":72.0,""t_ref"":0.0,""task_id"":""survey-19-0040"",""type"":""survey""}"
73.000,ANNOUNCE,survey-00-0043,r00,"{""deadline"":74.0,""duration"":2.0,""k"":1.0,""lam"":0.00693,""n_req"":1,""p0"":0.0,""pos"":[0.2,0.2],""sender"":""r00"",""t"":73.0,""t_ref"":7.5,""task_id"":""survey-00-0043"",""type"":""survey""}"
73.000,ANNOUNCE,survey-14-0044,r00,"{""deadline"":74.0,""duration"":2.0,""k"":1.0,""lam"":0.00693,""n_req"":1,""p0"":0.0,""pos"":[1.8,1.0],""sender"":""r00"",""t"":73.0,""t_ref"":29.0,""task_id"":""survey-14-0044"",""type"":""survey""}"
73.000,FAILED,survey-23-0041,r02,{}
73.000,FAILED,survey-24-0042,r03,{}
73.000,ANNOUNCE,survey-10-0045,r03,"{""deadline"":74.0,""duration"":2.0,""k"":1.0,""lam"":0.00693,""n_req"":1,""p0"":0.0,""pos"":[0.2,1.0],""sender"":""r03"",""t"":73.0,""t_ref"":53.0,""task_id"":""survey-10-0045"",""type"":""survey""}"
73.000,FAILED,survey-19-0040,r05,{}
74.000,ANNOUNCE,survey-04-0046,r04,"{""deadline"":75.0,""duration"":2.0,""k"":1.0,""lam"":0.00693,""n_req"":1,""p0"":0.0,""pos"":[1.8,0.2],""sender"":""r04"",""t"":74.0,""t_ref"":11.5,""task_id"":""survey-04-0046"",""type"":""survey""}"
74.000,ANNOUNCE,survey-00-0043,r00,"{""deadline"":75.0,""duration"":2.0,""k"":1.0,""lam"":0.00693,""n_req"":1,""p0"":0.0,""pos"":[0.2,0.2],""sender"":""r00"",""t"":74.0,""t_ref"":7.5,""task_id"":""survey-00-0043"",""type"":""survey""}"
74.000,ANNOUNCE,survey-14-0044,r00,"{""deadline"":75.0,""duration"":2.0,""k"":1.0,""lam"":0.00693,""n_req"":1,""p0"":0.0,""pos"":[1.8,1.0],""sender"":""r00"",""t"":74.0,""t_ref"":29.0,""task_id"":""survey-14-0044"",""type"":""survey""}"
74.000,ANNOUNCE,survey-10-0045,r03,"{""deadline"":75.0,""duration"":2.0,""k"":1.0,""lam"":0.00693,""n_req"":1,""p0"":0.0,""pos"":[0.2,1.0],""sender"":""r03"",""t"":74.0,""t_ref"":53.0,""task_id"":""survey-10-0045"",""type"":""survey""}"
75.000,FAILED,survey-00-0043,r00,{}
75.000,FAILED,survey-14-0044,r00,{}
75.000,FAILED,survey-10-0045,r03,{}
75.000,ANNOUNCE,survey-04-0046,r04,"{""deadline"":76.0,""duration"":2.0,""k"":1.0,""lam"":0.00693,""n_req"":1,""p0"":0.0,""pos"":[1.8,0.2],""sender"":""r04"",""t"":75.0,""t_ref"":11.5,""task_id"":""survey-04-0046"",""type"":""survey""}"
75.300,DONE,survey-17-0033,r06,"{""sender"":""r06"",""t"":75.3,""task_id"":""survey-17-0033""}"
76.000,ANNOUNCE,survey-02-0047,r02,"{""deadline"":77.0,""duration"":2.0,""k"":1.0,""lam"":0.00693,""n_req"":1,""p0"":0.0,""pos"":[1.0,0.2],""sender"":""r02"",""t"":76.0,""t_ref"":13.5,""task_id"":""survey-02-0047"",""type"":""survey""}"
76.000,ANNOUNCE,survey-13-0048,r06,"{""deadline"":77.0,""duration"":2.0,""k"":1.0,""lam"":0.00693,""n_req"":1,""p0"":0.0,""pos"":[1.4000000000000001,1.0],""sender"":""r06"",""t"":76.0,""t_ref"":34.0,""task_id"":""survey-13-0048"",""type"":""survey""}"
76.000,ANNOUNCE,survey-04-0046,r04,"{""deadline"":77.0,""duration"":2.0,""k"":1.0,""lam"":0.00693,""n_req"":1,""p0"":0.0,""pos"":[1.8,0.2],""sender"":""r04"",""t"":76.0,""t_ref"":11.5,""task_id"":""survey-04-0046"",""type"":""survey""}"
76.100,BID,survey-02-0047,r06,"{""cost"":0.41511599812175026,""sender"":""r06"",""t"":76.1,""task_id"":""survey-02-0047""}"
76.900,DONE,roi-000,r00,"{""sender"":""r00"",""t"":76.9,""task_id"":""roi-000""}"
77.000,AWARD,survey-02-0047,r02,"{""sender"":""r02"",""t"":77.0,""task_id"":""survey-02-0047"",""winners"":[""r06""]}"
77.000,FAILED,survey-04-0046,r04,{}
77.000,ANNOUNCE,survey-13-0048,r06,"{""deadline"":78.0,""duration"":2.0,""k"":1.0,""lam"":0.00693,""n_req"":1,""p0"":0.0,""pos"":[1.4000000000000001,1.0],""sender"":""r06"",""t"":77.0,""t_ref"":34.0,""task_id"":""survey-13-0048"",""type"":""survey""}"
77.100,BID,survey-13-0048,r02,"{""cost"":0.3273190316126655,""sender"":""r02"",""t"":77.1,""task_id"":""survey-13-0048""}"
78.000,ANNOUNCE,survey-01-0049,r01,"{""deadline"":79.0,""duration"":2.0,""k"":1.0,""lam"":0.00693,""n_req"":1,""p0"":0.0,""pos"":[0.6000000000000001,0.2],""sender"":""r01"",""t"":78.0,""t_ref"":14.5,""task_id"":""survey-01-0049"",""type"":""survey""}"
78.000,ANNOUNCE,survey-03-0050,r03,"{""deadline"":79.0,""duration"":2.0,""k"":1.0,""lam"":0.00693,""n_req"":1,""p0"":0.0,""pos"":[1.4000000000000001,0.2],""sender"":""r03"",""t"":78.0,""t_ref"":15.0,""task_id"":""survey-03-0050"",""type"":""survey""}"
78.000,AWARD,survey-13-0048,r06,"{""sender"":""r06"",""t"":78.0,""task_id"":""survey-13-0048"",""winners"":[""r02""]}"
78.100,BID,survey-03-0050,r05,"{""cost"":0.3215123746321234,""sender"":""r05"",""t"":78.1,""task_id"":""survey-03-0050""}"
78.200,DONE,survey-21-0038,r03,"{""sender"":""r03"",""t"":78.2,""task_id"":""survey-21-0038""}"
79.000,ANNOUNCE,survey-01-0049,r01,"{""deadline"":80.0,""duration"":2.0,""k"":1.0,""lam"":0.00693,""n_req"":1,""p0"":0.0,""pos"":[0.6000000000000001,0.2],""sender"":""r01"",""t"":79.0,""t_ref"":14.5,""task_id"":""survey-01-0049"",""type"":""survey""}"
79.000,AWARD,survey-03-0050,r03,"{""sender"":""r03"",""t"":79.0,""task_id"":""survey-03-0050"",""winners"":[""r05""]}"
79.100,BID,survey-01-0049,r03,"{""cost"":0.5555706348432753,""sender"":""r03"",""t"":79.1,""task_id"":""survey-01-0049""}"
80.000,ANNOUNCE,survey-08-0051,r01,"{""deadline"":81.0,""duration"":2.0,""k"":1.0,""lam"":0.00693,""n_req"":1,""p0"":0.0,""pos"":[1.4000000000000001,0.6000000000000001],""sender"":""r01"",""t"":80.0,""t_ref"":39.0,""task_id"":""survey-08-0051"",""type"":""survey""}"
80.000,AWARD,survey-01-0049,r01,"{""sender"":""r01"",""t"":80.0,""task_id"":""survey-01-0049"",""winners"":[""r03""]}"
80.500,DONE,survey-22-0039,r01,"{""sender"":""r01"",""t"":80.5,""task_id"":""survey-22-0039""}"
80.600,DONE,survey-18-0036,r04,"{""sender"":""r04"",""t"":80.6,""task_id"":""survey-18-0036""}"
81.000,ANNOUNCE,survey-08-0051,r01,"{""deadline"":82.0,""duration"":2.0,""k"":1.0,""lam"":0.00693,""n_req"":1,""p0"":0.0,""pos"":[1.4000000000000001,0.6000000000000001],""sender"":""r01"",""t"":81.0,""t_ref"":39.0,""task_id"":""survey-08-0051"",""type"":""survey""}"
81.100,BID,survey-08-0051,r01,"{""cost"":0.43770730444975064,""sender"":""r01"",""t"":81.1,""task_id"":""survey-08-0051""}"
81.100,BID,survey-08-0051,r04,"{""cost"":0.28108124879623514,""sender"":""r04"",""t"":81.1,""task_id"":""survey-08-0051""}"
82.000,ANNOUNCE,survey-09-0052,r02,"{""deadline"":83.0,""duration"":2.0,""k"":1.0,""lam"":0.00693,""n_req"":1,""p0"":0.0,""pos"":[1.8,0.6000000000000001],""sender"":""r02"",""t"":82.0,""t_ref"":19.0,""task_id"":""survey-09-0052"",""type"":""survey""}"
82.000,AWARD,survey-08-0051,r01,"{""sender"":""r01"",""t"":82.0,""task_id"":""survey-08-0051"",""winners"":[""r04""]}"
82.100,BID,survey-09-0052,r01,"{""cost"":0.49727843484737627,""sender"":""r01"",""t"":82.1,""task_id"":""survey-09-0052""}"
83.000,AWARD,survey-09-0052,r02,"{""sender"":""r02"",""t"":83.0,""task_id"":""survey-09-0052"",""winners"":[""r01""]}"
84.000,DETECTED,roi-023,r02,"{""event_created_at"":65.69796802727353,""latency"":18.302031972726468}"
84.000,ANNOUNCE,roi-023,r02,"{""deadline"":85.0,""duration"":15.0,""k"":1.0,""lam"":0.00693,""n_req"":1,""p0"":0.6,""pos"":[1.189013790557617,0.6121692538581189],""sender"":""r02"",""t"":84.0,""t_ref"":84.0,""task_id"":""roi-023"",""type"":""guard""}"
84.100,BID,roi-023,r00,"{""cost"":0.43047207060118653,""sender"":""r00"",""t"":84.1,""task_id"":""roi-023""}"
84.100,BID,roi-023,r01,"{""cost"":0.3879055037250663,""sender"":""r01"",""t"":84.1,""task_id"":""roi-023""}"
84.100,BID,roi-023,r02,"{""cost"":0.09953646901597525,""sender"":""r02"",""t"":84.1,""task_id"":""roi-023""}"
84.100,BID,roi-023,r03,"{""cost"":0.38986408413551304,""sender"":""r03"",""t"":84.1,""task_id"":""roi-023""}"
84.100,BID,roi-023,r04,"{""cost"":0.26292070959266967,""sender"":""r04"",""t"":84.1,""task_id"":""roi-023""}"
84.100,BID,roi-023,r05,"{""cost"":0.12907379840891844,""sender"":""r05"",""t"":84.1,""task_id"":""roi-023""}"
84.100,BID,roi-023,r06,"{""cost"":0.1215133985442938,""sender"":""r06"",""t"":84.1,""task_id"":""roi-023""}"
85.000,AWARD,roi-023,r02,"{""sender"":""r02"",""t"":85.0,""task_id"":""roi-023"",""winners"":[""r02""]}"
85.100,RELEASE,survey-13-0048,r02,"{""reason"":""preempted"",""sender"":""r02"",""t"":85.1,""task_id"":""survey-13-0048""}"
85.200,ANNOUNCE,survey-13-0048,r06,"{""deadline"":86.2,""duration"":2.0,""k"":1.0,""lam"":0.00693,""n_req"":1,""p0"":0.0,""pos"":[1.4000000000000001,1.0],""sender"":""r06"",""t"":85.2,""t_ref"":34.0,""task_id"":""survey-13-0048"",""type"":""survey""}"
86.000,ANNOUNCE,survey-05-0053,r05,"{""deadline"":87.0,""duration"":2.0,""k"":1.0,""lam"":0.00693,""n_req"":1,""p0"":0.0,""pos"":[0.2,0.6000000000000001],""sender"":""r05"",""t"":86.0,""t_ref"":66.0,""task_id"":""survey-05-0053"",""type"":""survey""}"
86.200,ANNOUNCE,survey-13-0048,r06,"{""deadline"":87.2,""duration"":2.0,""k"":1.0,""lam"":0.00693,""n_req"":1,""p0"":0.0,""pos"":[1.4000000000000001,1.0],""sender"":""r06"",""t"":86.2,""t_ref"":34.0,""task_id"":""survey-13-0048"",""type"":""survey""}"
87.000,ANNOUNCE,survey-05-0053,r05,"{""deadline"":88.0,""duration"":2.0,""k"":1.0,""lam"":0.00693,""n_req"":1,""p0"":0.0,""pos"":[0.2,0.6000000000000001],""sender"":""r05"",""t"":87.0,""t_ref"":66.0,""task_id"":""survey-05-0053"",""type"":""survey""}"
87.200,ANNOUNCE,survey-13-0048,r06,"{""deadline"":88.2,""duration"":2.0,""k"":1.0,""lam"":0.00693,""n_req"":1,""p0"":0.0,""pos"":[1.4000000000000001,1.0],""sender"":""r06"",""t"":87.2,""t_ref"":34.0,""task_id"":""survey-13-0048"",""type"":""survey""}"
87.500,DETECTED,roi-001,r05,"{""event_created_at"":55.480902447319544,""latency"":32.019097552680456}"
87.500,ANNOUNCE,roi-001,r05,"{""deadline"":88.5,""duration"":15.0,""k"":1.0,""lam"":0.00693,""n_req"":1,""p0"":0.6,""pos"":[1.342573203097012,0.1722898936752511],""sender"":""r05"",""t"":87.5,""t_ref"":87.5,""task_id"":""roi-001"",""type"":""guard""}"
87.600,BID,roi-001,r00,"{""cost"":0.46416769799502977,""sender"":""r00"",""t"":87.6,""task_id"":""roi-001""}"
87.600,BID,roi-001,r01,"{""cost"":0.4682798821921865,""sender"":""r01"",""t"":87.6,""task_id"":""roi-001""}"
87.600,BID,roi-001,r02,"{""cost"":0.3763829149132265,""sender"":""r02"",""t"":87.6,""task_id"":""roi-001""}"
87.600,BID,roi-001,r03,"{""cost"":0.46618609696934576,""sender"":""r03"",""t"":87.6,""task_id"":""roi-001""}"
87.600,BID,roi-001,r04,"{""cost"":0.31238930320892205,""sender"":""r04"",""t"":87.6,""task_id"":""roi-001""}"
87.600,BID,roi-001,r05,"{""cost"":0.09683160404428252,""sender"":""r05"",""t"":87.6,""task_id"":""roi-001""}"
87.600,BID,roi-001,r06,"{""cost"":0.19823042598124285,""sender"":""r06"",""t"":87.6,""task_id"":""roi-001""}"
88.000,ANNOUNCE,survey-05-0053,r05,"{""deadline"":89.0,""duration"":2.0,""k"":1.0,""lam"":0.00693,""n_req"":1,""p0"":0.0,""pos"":[0.2,0.6000000000000001],""sender"":""r05"",""t"":88.0,""t_ref"":66.0,""task_id"":""survey-05-0053"",""type"":""survey""}"
88.200,FAILED,survey-13-0048,r06,{}
88.500,AWARD,roi-001,r05,"{""sender"":""r05"",""t"":88.5,""task_id"":""roi-001"",""winners"":[""r05""]}"
89.000,FAILED,survey-05-0053,r05,{}
90.000,ANNOUNCE,survey-20-0054,r06,"{""deadline"":91.0,""duration"":2.0,""k"":1.0,""lam"":0.00693,""n_req"":1,""p0"":0.0,""pos"":[0.2,1.8],""sender"":""r06"",""t"":90.0,""t_ref"":0.0,""task_id"":""survey-20-0054"",""type"":""survey""}"
91.000,ANNOUNCE,survey-20-0054,r06,"{""deadline"":92.0,""duration"":2.0,""k"":1.0,""lam"":0.00693,""n_req"":1,""p0"":0.0,""pos"":[0.2,1.8],""sender"":""r06"",""t"":91.0,""t_ref"":0.0,""task_id"":""survey-20-0054"",""type"":""survey""}"
92.000,ANNOUNCE,survey-19-0055,r05,"{""deadline"":93.0,""duration"":2.0,""k"":1.0,""lam"":0.00693,""n_req"":1,""p0"":0.0,""pos"":[1.8,1.4000000000000001],""sender"":""r05"",""t"":92.0,""t_ref"":0.0,""task_id"":""survey-19-0055"",""type"":""survey""}"
92.000,ANNOUNCE,survey-23-0056,r02,"{""deadline"":93.0,""duration"":2.0,""k"":1.0,""lam"":0.00693,""n_req"":1,""p0"":0.0,""pos"":[1.4000000000000001,1.8],""sender"":""r02"",""t"":92.0,""t_ref"":0.0,""task_id"":""survey-23-0056"",""type"":""survey""}"
92.000,ANNOUNCE,survey-24-0057,r03,"{""deadline"":93.0,""duration"":2.0,""k"":1.0,""lam"":0.00693,""n_req"":1,""p0"":0.0,""pos"":[1.8,1.8],""sender"":""r03"",""t"":92.0,""t_ref"":0.0,""task_id"":""survey-24-0057"",""type"":""survey""}"
92.000,ANNOUNCE,survey-20-0054,r06,"{""deadline"":93.0,""duration"":2.0,""k"":1.0,""lam"":0.00693,""n_req"":1,""p0"":0.0,""pos"":[0.2,1.8],""sender"":""r06"",""t"":92.0,""t_ref"":0.0,""task_id"":""survey-20-0054"",""type"":""survey""}"
92.500,DETECTED,roi-007,r01,"{""event_created_at"":92.04890553396905,""latency"":0.45109446603095193}"
92.500,ANNOUNCE,roi-007,r01,"{""deadline"":93.5,""duration"":15.0,""k"":1.0,""lam"":0.00693,""n_req"":1,""p0"":0.6,""pos"":[1.2466752337948583,1.2434669556537665],""sender"":""r01"",""t"":92.5,""t_ref"":92.5,""task_id"":""roi-007"",""type"":""guard""}"
92.600,BID,roi-007,r00,"{""cost"":0.5894614973899927,""sender"":""r00"",""t"":92.6,""task_id"":""roi-007""}"
92.600,BID,roi-007,r01,"{""cost"":0.06972347048475312,""sender"":""r01"",""t"":92.6,""task_id"":""roi-007""}"
92.600,BID,roi-007,r02,"{""cost"":0.38465633372581154,""sender"":""r02"",""t"":92.6,""task_id"":""roi-007""}"
92.600,BID,roi-007,r03,"{""cost"":0.27159722772772293,""sender"":""r03"",""t"":92.6,""task_id"":""roi-007""}"
92.600,BID,roi-007,r04,"{""cost"":0.21455185603850974,""sender"":""r04"",""t"":92.6,""task_id"":""roi-007""}"
92.600,BID,roi-007,r05,"{""cost"":0.3671990160092724,""sender"":""r05"",""t"":92.6,""task_id"":""roi-007""}"
93.000,ANNOUNCE,survey-23-0056,r02,"{""deadline"":94.0,""duration"":2.0,""k"":1.0,""lam"":0.00693,""n_req"":1,""p0"":0.0,""pos"":[1.4000000000000001,1.8],""sender"":""r02"",""t"":93.0,""t_ref"":0.0,""task_id"":""survey-23-0056"",""type"":""survey""}"
93.000,ANNOUNCE,survey-24-0057,r03,"{""deadline"":94.0,""duration"":2.0,""k"":1.0,""lam"":0.00693,""n_req"":1,""p0"":0.0,""pos"":[1.8,1.8],""sender"":""r03"",""t"":93.0,""t_ref"":0.0,""task_id"":""survey-24-0057"",""type"":""survey""}"
93.000,ANNOUNCE,survey-19-0055,r05,"{""deadline"":94.0,""duration"":2.0,""k"":1.0,""lam"":0.00693,""n_req"":1,""p0"":0.0,""pos"":[1.8,1.4000000000000001],""sender"":""r05"",""t"":93.0,""t_ref"":0.0,""task_id"":""survey-19-0055"",""type"":""survey""}"
93.000,FAILED,survey-20-0054,r06,{}
93.000,DONE,survey-03-0050,r05,"{""sender"":""r05"",""t"":93.0,""task_id"":""survey-03-0050""}"
93.100,BID,survey-23-0056,r05,"{""cost"":0.5613333869487069,""sender"":""r05"",""t"":93.1,""task_id"":""survey-23-0056""}"
93.500,AWARD,roi-007,r01,"{""sender"":""r01"",""t"":93.5,""task_id"":""roi-007"",""winners"":[""r01""]}"
93.600,RELEASE,survey-09-0052,r01,"{""reason"":""preempted"",""sender"":""r01"",""t"":93.6,""task_id"":""survey-09-0052""}"
93.700,ANNOUNCE,survey-09-0052,r02,"{""deadline"":94.7,""duration"":2.0,""k"":1.0,""lam"":0.00693,""n_req"":1,""p0"":0.0,""pos"":[1.8,0.6000000000000001],""sender"":""r02"",""t"":93.7,""t_ref"":19.0,""task_id"":""survey-09-0052"",""type"":""survey""}"
94.000,ANNOUNCE,survey-00-0058,r00,"{""deadline"":95.0,""duration"":2.0,""k"":1.0,""lam"":0.00693,""n_req"":1,""p0"":0.0,""pos"":[0.2,0.2],""sender"":""r00"",""t"":94.0,""t_ref"":7.5,""task_id"":""survey-00-0058"",""type"":""survey""}"
94.000,ANNOUNCE,survey-14-0059,r00,"{""deadline"":95.0,""duration"":2.0,""k"":1.0,""lam"":0.00693,""n_req"":1,""p0"":0.0,""pos"":[1.8,1.0],""sender"":""r00"",""t"":94.0,""t_ref"":29.0,""task_id"":""survey-14-0059"",""type"":""survey""}"
94.000,ANNOUNCE,survey-10-0060,r03,"{""deadline"":95.0,""duration"":2.0,""k"":1.0,""lam"":0.00693,""n_req"":1,""p0"":0.0,""pos"":[0.2,1.0],""sender"":""r03"",""t"":94.0,""t_ref"":53.0,""task_id"":""survey-10-0060"",""type"":""survey""}"
94.000,AWARD,survey-23-0056,r02,"{""sender"":""r02"",""t"":94.0,""task_id"":""survey-23-0056"",""winners"":[""r05""]}"
94.000,ANNOUNCE,survey-24-0057,r03,"{""deadline"":95.0,""duration"":2.0,""k"":1.0,""lam"":0.00693,""n_req"":1,""p0"":0.0,""pos"":[1.8,1.8],""sender"":""r03"",""t"":94.0,""t_ref"":0.0,""task_id"":""survey-24-0057"",""type"":""survey""}"
94.000,ANNOUNCE,survey-19-0055,r05,"{""deadline"":95.0,""duration"":2.0,""k"":1.0,""lam"":0.00693,""n_req"":1,""p0"":0.0,""pos"":[1.8,1.4000000000000001],""sender"":""r05"",""t"":94.0,""t_ref"":0.0,""task_id"":""survey-19-0055"",""type"":""survey""}"
94.200,DONE,survey-02-0047,r06,"{""sender"":""r06"",""t"":94.2,""task_id"":""survey-02-0047""}"
94.700,ANNOUNCE,survey-09-0052,r02,"{""deadline"":95.7,""duration"":2.0,""k"":1.0,""lam"":0.00693,""n_req"":1,""p0"":0.0,""pos"":[1.8,0.6000000000000001],""sender"":""r02"",""t"":94.7,""t_ref"":19.0,""task_id"":""survey-09-0052"",""type"":""survey""}"
94.800,BID,survey-09-0052,r06,"{""cost"":0.31129025175058406,""sender"":""r06"",""t"":94.8,""task_id"":""survey-09-0052""}"
94.800,DONE,survey-08-0051,r04,"{""sender"":""r04"",""t"":94.8,""task_id"":""survey-08-0051""}"
95.000,ANNOUNCE,survey-00-0058,r00,"{""deadline"":96.0,""duration"":2.0,""k"":1.0,""lam"":0.00693,""n_req"":1,""p0"":0.0,""pos"":[0.2,0.2],""sender"":""r00"",""t"":95.0,""t_ref"":7.5,""task_id"":""survey-00-0058"",""type"":""survey""}"
95.000,ANNOUNCE,survey-14-0059,r00,"{""deadline"":96.0,""duration"":2.0,""k"":1.0,""lam"":0.00693,""n_req"":1,""p0"":0.0,""pos"":[1.8,1.0],""sender"":""r00"",""t"":95.0,""t_ref"":29.0,""task_id"":""survey-14-0059"",""type"":""survey""}"
95.000,FAILED,survey-24-0057,r03,{}
95.000,ANNOUNCE,survey-10-0060,r03,"{""deadline"":96.0,""duration"":2.0,""k"":1.0,""lam"":0.00693,""n_req"":1,""p0"":0.0,""pos"":[0.2,1.0],""sender"":""r03"",""t"":95.0,""t_ref"":53.0,""task_id"":""survey-10-0060"",""type"":""survey""}"
95.000,FAILED,survey-19-0055,r05,{}
95.100,BID,survey-14-0059,r04,"{""cost"":0.19264993227733443,""sender"":""r04"",""t"":95.1,""task_id"":""survey-14-0059""}"
95.700,AWARD,survey-09-0052,r02,"{""sender"":""r02"",""t"":95.7,""task_id"":""survey-09-0052"",""winners"":[""r06""]}"
96.000,ANNOUNCE,survey-04-0061,r04,"{""deadline"":97.0,""duration"":2.0,""k"":1.0,""lam"":0.00693,""n_req"":1,""p0"":0.0,""pos"":[1.8,0.2],""sender"":""r04"",""t"":96.0,""t_ref"":11.5,""task_id"":""survey-04-0061"",""type"":""survey""}"
96.000,ANNOUNCE,survey-00-0058,r00,"{""deadline"":97.0,""duration"":2.0,""k"":1.0,""lam"":0.00693,""n_req"":1,""p0"":0.0,""pos"":[0.2,0.2],""sender"":""r00"",""t"":96.0,""t_ref"":7.5,""task_id"":""survey-00-0058"",""type"":""survey""}"
96.000,AWARD,survey-14-0059,r00,"{""sender"":""r00"",""t"":96.0,""task_id"":""survey-14-0059"",""winners"":[""r04""]}"
96.000,ANNOUNCE,survey-10-0060,r03,"{""deadline"":97.0,""duration"":2.0,""k"":1.0,""lam"":0.00693,""n_req"":1,""p0"":0.0,""pos"":[0.2,1.0],""sender"":""r03"",""t"":96.0,""t_ref"":53.0,""task_id"":""survey-10-0060"",""type"":""survey""}"
96.100,DONE,roi-019,r00,"{""sender"":""r00"",""t"":96.1,""task_id"":""roi-019""}"
97.000,FAILED,survey-00-0058,r00,{}
97.000,FAILED,survey-10-0060,r03,{}
97.000,ANNOUNCE,survey-04-0061,r04,"{""deadline"":98.0,""duration"":2.0,""k"":1.0,""lam"":0.00693,""n_req"":1,""p0"":0.0,""pos"":[1.8,0.2],""sender"":""r04"",""t"":97.0,""t_ref"":11.5,""task_id"":""survey-04-0061"",""type"":""survey""}"
97.100,BID,survey-04-0061,r00,"{""cost"":0.4571294901166077,""sender"":""r00"",""t"":97.1,""task_id"":""survey-04-0061""}"
98.000,AWARD,survey-04-0061,r04,"{""sender"":""r04"",""t"":98.0,""task_id"":""survey-04-0061"",""winners"":[""r00""]}"
102.200,DONE,survey-01-0049,r03,"{""sender"":""r03"",""t"":102.2,""task_id"":""survey-01-0049""}"
103.900,DONE,roi-023,r02,"{""sender"":""r02"",""t"":103.9,""task_id"":""roi-023""}"
104.000,ANNOUNCE,survey-21-0062,r00,"{""deadline"":105.0,""duration"":2.0,""k"":1.0,""lam"":0.00693,""n_req"":1,""p0"":0.0,""pos"":[0.6000000000000001,1.8],""sender"":""r00"",""t"":104.0,""t_ref"":84.0,""task_id"":""survey-21-0062"",""type"":""survey""}"
104.100,BID,survey-21-0062,r02,"{""cost"":0.45804720127396514,""sender"":""r02"",""t"":104.1,""task_id"":""survey-21-0062""}"
104.100,BID,survey-21-0062,r03,"{""cost"":0.5408509286414879,""sender"":""r03"",""t"":104.1,""task_id"":""survey-21-0062""}"
105.000,AWARD,survey-21-0062,r00,"{""sender"":""r00"",""t"":105.0,""task_id"":""survey-21-0062"",""winners"":[""r02""]}"
105.700,DONE,survey-14-0059,r04,"{""sender"":""r04"",""t"":105.7,""task_id"":""survey-14-0059""}"
106.000,ANNOUNCE,survey-22-0063,r01,"{""deadline"":107.0,""duration"":2.0,""k"":1.0,""lam"":0.00693,""n_req"":1,""p0"":0.0,""pos"":[1.0,1.8],""sender"":""r01"",""t"":106.0,""t_ref"":86.5,""task_id"":""survey-22-0063"",""type"":""survey""}"
106.000,ANNOUNCE,survey-12-0064,r05,"{""deadline"":107.0,""duration"":2.0,""k"":1.0,""lam"":0.00693,""n_req"":1,""p0"":0.0,""pos"":[1.0,1.0],""sender"":""r05"",""t"":106.0,""t_ref"":87.0,""task_id"":""survey-12-0064"",""type"":""survey""}"
106.100,BID,survey-22-0063,r03,"{""cost"":0.5143295890012801,""sender"":""r03"",""t"":106.1,""task_id"":""survey-22-0063""}"
106.100,BID,survey-22-0063,r04,"{""cost"":0.39966826481435097,""sender"":""r04"",""t"":106.1,""task_id"":""survey-22-0063""}"
107.000,AWARD,survey-22-0063,r01,"{""sender"":""r01"",""t"":107.0,""task_id"":""survey-22-0063"",""winners"":[""r04""]}"
107.000,ANNOUNCE,survey-12-0064,r05,"{""deadline"":108.0,""duration"":2.0,""k"":1.0,""lam"":0.00693,""n_req"":1,""p0"":0.0,""pos"":[1.0,1.0],""sender"":""r05"",""t"":107.0,""t_ref"":87.0,""task_id"":""survey-12-0064"",""type"":""survey""}"
108.000,ANNOUNCE,survey-05-0065,r05,"{""deadline"":109.0,""duration"":2.0,""k"":1.0,""lam"":0.00693,""n_req"":1,""p0"":0.0,""pos"":[0.2,0.6000000000000001],""sender"":""r05"",""t"":108.0,""t_ref"":66.0,""task_id"":""survey-05-0065"",""type"":""survey""}"
108.000,ANNOUNCE,survey-17-0066,r03,"{""deadline"":109.0,""duration"":2.0,""k"":1.0,""lam"":0.00693,""n_req"":1,""p0"":0.0,""pos"":[1.0,1.4000000000000001],""sender"":""r03"",""t"":108.0,""t_ref"":89.5,""task_id"":""survey-17-0066"",""type"":""survey""}"
108.000,ANNOUNCE,survey-12-0064,r05,"{""deadline"":109.0,""duration"":2.0,""k"":1.0,""lam"":0.00693,""n_req"":1,""p0"":0.0,""pos"":[1.0,1.0],""sender"":""r05"",""t"":108.0,""t_ref"":87.0,""task_id"":""survey-12-0064"",""type"":""survey""}"
108.100,BID,survey-17-0066,r03,"{""cost"":0.34482251269700337,""sender"":""r03"",""t"":108.1,""task_id"":""survey-17-0066""}"
109.000,AWARD,survey-17-0066,r03,"{""sender"":""r03"",""t"":109.0,""task_id"":""survey-17-0066"",""winners"":[""r03""]}"
109.000,FAILED,survey-12-0064,r05,{}
109.000,ANNOUNCE,survey-05-0065,r05,"{""deadline"":110.0,""duration"":2.0,""k"":1.0,""lam"":0.00693,""n_req"":1,""p0"":0.0,""pos"":[0.2,0.6000000000000001],""sender"":""r05"",""t"":109.0,""t_ref"":66.0,""task_id"":""survey-05-0065"",""type"":""survey""}"
109.700,DONE,survey-09-0052,r06,"{""sender"":""r06"",""t"":109.7,""task_id"":""survey-09-0052""}"
110.000,ANNOUNCE,survey-05-0065,r05,"{""deadline"":111.0,""duration"":2.0,""k"":1.0,""lam"":0.00693,""n_req"":1,""p0"":0.0,""pos"":[0.2,0.6000000000000001],""sender"":""r05"",""t"":110.0,""t_ref"":66.0,""task_id"":""survey-05-0065"",""type"":""survey""}"
110.100,BID,survey-05-0065,r06,"{""cost"":0.5557230967418545,""sender"":""r06"",""t"":110.1,""task_id"":""survey-05-0065""}"
111.000,AWARD,survey-05-0065,r05,"{""sender"":""r05"",""t"":111.0,""task_id"":""survey-05-0065"",""winners"":[""r06""]}"
111.100,RELEASE,survey-15-0001,r01,"{""reason"":""coordination_timeout"",""sender"":""r01"",""t"":111.1,""task_id"":""survey-15-0001""}"
111.100,ANNOUNCE,survey-15-0001,r01,"{""deadline"":112.1,""duration"":2.0,""k"":1.0,""lam"":0.00693,""n_req"":1,""p0"":0.0,""pos"":[0.2,1.4000000000000001],""sender"":""r01"",""t"":111.1,""t_ref"":0.0,""task_id"":""survey-15-0001"",""type"":""survey""}"
111.100,RELEASE,survey-16-0002,r02,"{""reason"":""coordination_timeout"",""sender"":""r02"",""t"":111.1,""task_id"":""survey-16-0002""}"
111.100,ANNOUNCE,survey-16-0002,r02,"{""deadline"":112.1,""duration"":2.0,""k"":1.0,""lam"":0.00693,""n_req"":1,""p0"":0.0,""pos"":[0.6000000000000001,1.4000000000000001],""sender"":""r02"",""t"":111.1,""t_ref"":0.0,""task_id"":""survey-16-0002"",""type"":""survey""}"
112.000,ANNOUNCE,survey-20-0067,r06,"{""deadline"":113.0,""duration"":2.0,""k"":1.0,""lam"":0.00693,""n_req"":1,""p0"":0.0,""pos"":[0.2,1.8],""sender"":""r06"",""t"":112.0,""t_ref"":0.0,""task_id"":""survey-20-0067"",""type"":""survey""}"
112.000,DETECTED,roi-021,r00,"{""event_created_at"":59.83457906741547,""latency"":52.16542093258453}"
112.000,ANNOUNCE,roi-021,r00,"{""deadline"":113.0,""duration"":10.0,""k"":1.0,""lam"":0.00693,""n_req"":3,""p0"":0.8,""pos"":[1.8402649571602288,0.2210284898876121],""sender"":""r00"",""t"":112.0,""t_ref"":112.0,""task_id"":""roi-021"",""type"":""surround""}"
112.100,BID,roi-021,r00,"{""cost"":0.09567535228579574,""sender"":""r00"",""t"":112.1,""task_id"":""roi-021""}"
112.100,BID,roi-021,r01,"{""cost"":0.5752972138488923,""sender"":""r01"",""t"":112.1,""task_id"":""roi-021""}"
112.100,BID,roi-021,r02,"{""cost"":0.42485258740050774,""sender"":""r02"",""t"":112.1,""task_id"":""roi-021""}"
112.100,BID,roi-021,r03,"{""cost"":0.49859933943099116,""sender"":""r03"",""t"":112.1,""task_id"":""roi-021""}"
112.100,BID,roi-021,r04,"{""cost"":0.3564544642328843,""sender"":""r04"",""t"":112.1,""task_id"":""roi-021""}"
112.100,BID,roi-021,r05,"{""cost"":0.49490374798901693,""sender"":""r05"",""t"":112.1,""task_id"":""roi-021""}"
112.100,BID,roi-021,r06,"{""cost"":0.13186352935827678,""sender"":""r06"",""t"":112.1,""task_id"":""roi-021""}"
112.100,ANNOUNCE,survey-15-0001,r01,"{""deadline"":113.1,""duration"":2.0,""k"":1.0,""lam"":0.00693,""n_req"":1,""p0"":0.0,""pos"":[0.2,1.4000000000000001],""sender"":""r01"",""t"":112.1,""t_ref"":0.0,""task_id"":""survey-15-0001"",""type"":""survey""}"
112.100,ANNOUNCE,survey-16-0002,r02,"{""deadline"":113.1,""duration"":2.0,""k"":1.0,""lam"":0.00693,""n_req"":1,""p0"":0.0,""pos"":[0.6000000000000001,1.4000000000000001],""sender"":""r02"",""t"":112.1,""t_ref"":0.0,""task_id"":""survey-16-0002"",""type"":""survey""}"
112.800,DONE,roi-007,r01,"{""sender"":""r01"",""t"":112.8,""task_id"":""roi-007""}"
113.000,AWARD,roi-021,r00,"{""sender"":""r00"",""t"":113.0,""task_id"":""roi-021"",""winners"":[""r00"",""r06"",""r04""]}"
113.000,ANNOUNCE,survey-20-0067,r06,"{""deadline"":114.0,""duration"":2.0,""k"":1.0,""lam"":0.00693,""n_req"":1,""p0"":0.0,""pos"":[0.2,1.8],""sender"":""r06"",""t"":113.0,""t_ref"":0.0,""task_id"":""survey-20-0067"",""type"":""survey""}"
113.100,RELEASE,survey-04-0061,r00,"{""reason"":""preempted"",""sender"":""r00"",""t"":113.1,""task_id"":""survey-04-0061""}"
113.100,BID,survey-20-0067,r01,"{""cost"":0.4294424177547383,""sender"":""r01"",""t"":113.1,""task_id"":""survey-20-0067""}"
113.100,RELEASE,survey-22-0063,r04,"{""reason"":""preempted"",""sender"":""r04"",""t"":113.1,""task_id"":""survey-22-0063""}"
113.100,RELEASE,survey-05-0065,r06,"{""reason"":""preempted"",""sender"":""r06"",""t"":113.1,""task_id"":""survey-05-0065""}"
113.100,ANNOUNCE,survey-15-0001,r01,"{""deadline"":114.1,""duration"":2.0,""k"":1.0,""lam"":0.00693,""n_req"":1,""p0"":0.0,""pos"":[0.2,1.4000000000000001],""sender"":""r01"",""t"":113.1,""t_ref"":0.0,""task_id"":""survey-15-0001"",""type"":""survey""}"
113.100,ANNOUNCE,survey-16-0002,r02,"{""deadline"":114.1,""duration"":2.0,""k"":1.0,""lam"":0.00693,""n_req"":1,""p0"":0.0,""pos"":[0.6000000000000001,1.4000000000000001],""sender"":""r02"",""t"":113.1,""t_ref"":0.0,""task_id"":""survey-16-0002"",""type"":""survey""}"
113.200,ANNOUNCE,survey-22-0063,r01,"{""deadline"":114.2,""duration"":2.0,""k"":1.0,""lam"":0.00693,""n_req"":1,""p0"":0.0,""pos"":[1.0,1.8],""sender"":""r01"",""t"":113.2,""t_ref"":86.5,""task_id"":""survey-22-0063"",""type"":""survey""}"
113.200,ANNOUNCE,survey-04-0061,r04,"{""deadline"":114.2,""duration"":2.0,""k"":1.0,""lam"":0.00693,""n_req"":1,""p0"":0.0,""pos"":[1.8,0.2],""sender"":""r04"",""t"":113.2,""t_ref"":11.5,""task_id"":""survey-04-0061"",""type"":""survey""}"
113.200,ANNOUNCE,survey-05-0065,r05,"{""deadline"":114.2,""duration"":2.0,""k"":1.0,""lam"":0.00693,""n_req"":1,""p0"":0.0,""pos"":[0.2,0.6000000000000001],""sender"":""r05"",""t"":113.2,""t_ref"":66.0,""task_id"":""survey-05-0065"",""type"":""survey""}"
114.000,ANNOUNCE,survey-19-0068,r05,"{""deadline"":115.0,""duration"":2.0,""k"":1.0,""lam"":0.00693,""n_req"":1,""p0"":0.0,""pos"":[1.8,1.4000000000000001],""sender"":""r05"",""t"":114.0,""t_ref"":0.0,""task_id"":""survey-19-0068"",""type"":""survey""}"
114.000,ANNOUNCE,survey-24-0069,r03,"{""deadline"":115.0,""duration"":2.0,""k"":1.0,""lam"":0.00693,""n_req"":1,""p0"":0.0,""pos"":[1.8,1.8],""sender"":""r03"",""t"":114.0,""t_ref"":0.0,""task_id"":""survey-24-0069"",""type"":""survey""}"
114.000,AWARD,survey-20-0067,r06,"{""sender"":""r06"",""t"":114.0,""task_id"":""survey-20-0067"",""winners"":[""r01""]}"
114.100,FAILED,survey-15-0001,r01,{}
114.100,FAILED,survey-16-0002,r02,{}
114.200,ANNOUNCE,survey-22-0063,r01,"{""deadline"":115.2,""duration"":2.0,""k"":1.0,""lam"":0.00693,""n_req"":1,""p0"":0.0,""pos"":[1.0,1.8],""sender"":""r01"",""t"":114.2,""t_ref"":86.5,""task_id"":""survey-22-0063"",""type"":""survey""}"
114.200,ANNOUNCE,survey-04-0061,r04,"{""deadline"":115.2,""duration"":2.0,""k"":1.0,""lam"":0.00693,""n_req"":1,""p0"":0.0,""pos"":[1.8,0.2],""sender"":""r04"",""t"":114.2,""t_ref"":11.5,""task_id"":""survey-04-0061"",""type"":""survey""}"
114.200,ANNOUNCE,survey-05-0065,r05,"{""deadline"":115.2,""duration"":2.0,""k"":1.0,""lam"":0.00693,""n_req"":1,""p0"":0.0,""pos"":[0.2,0.6000000000000001],""sender"":""r05"",""t"":114.2,""t_ref"":66.0,""task_id"":""survey-05-0065"",""type"":""survey""}"
115.000,ANNOUNCE,survey-24-0069,r03,"{""deadline"":116.0,""duration"":2.0,""k"":1.0,""lam"":0.00693,""n_req"":1,""p0"":0.0,""pos"":[1.8,1.8],""sender"":""r03"",""t"":115.0,""t_ref"":0.0,""task_id"":""survey-24-0069"",""type"":""survey""}"
115.000,ANNOUNCE,survey-19-0068,r05,"{""deadline"":116.0,""duration"":2.0,""k"":1.0,""lam"":0.00693,""n_req"":1,""p0"":0.0,""pos"":[1.8,1.4000000000000001],""sender"":""r05"",""t"":115.0,""t_ref"":0.0,""task_id"":""survey-19-0068"",""type"":""survey""}"
115.200,ANNOUNCE,survey-22-0063,r01,"{""deadline"":116.2,""duration"":2.0,""k"":1.0,""lam"":0.00693,""n_req"":1,""p0"":0.0,""pos"":[1.0,1.8],""sender"":""r01"",""t"":115.2,""t_ref"":86.5,""task_id"":""survey-22-0063"",""type"":""survey""}"
115.200,ANNOUNCE,survey-04-0061,r04,"{""deadline"":116.2,""duration"":2.0,""k"":1.0,""lam"":0.00693,""n_req"":1,""p0"":0.0,""pos"":[1.8,0.2],""sender"":""r04"",""t"":115.2,""t_ref"":11.5,""task_id"":""survey-04-0061"",""type"":""survey""}"
115.200,ANNOUNCE,survey-05-0065,r05,"{""deadline"":116.2,""duration"":2.0,""k"":1.0,""lam"":0.00693,""n_req"":1,""p0"":0.0,""pos"":[0.2,0.6000000000000001],""sender"":""r05"",""t"":115.2,""t_ref"":66.0,""task_id"":""survey-05-0065"",""type"":""survey""}"
116.000,ANNOUNCE,survey-00-0070,r00,"{""deadline"":117.0,""duration"":2.0,""k"":1.0,""lam"":0.00693,""n_req"":1,""p0"":0.0,""pos"":[0.2,0.2],""sender"":""r00"",""t"":116.0,""t_ref"":7.5,""task_id"":""survey-00-0070"",""type"":""survey""}"
116.000,ANNOUNCE,survey-10-0071,r03,"{""deadline"":117.0,""duration"":2.0,""k"":1.0,""lam"":0.00693,""n_req"":1,""p0"":0.0,""pos"":[0.2,1.0],""sender"":""r03"",""t"":116.0,""t_ref"":53.0,""task_id"":""survey-10-0071"",""type"":""survey""}"
116.000,ANNOUNCE,survey-24-0069,r03,"{""deadline"":117.0,""duration"":2.0,""k"":1.0,""lam"":0.00693,""n_req"":1,""p0"":0.0,""pos"":[1.8,1.8],""sender"":""r03"",""t"":116.0,""t_ref"":0.0,""task_id"":""survey-24-0069"",""type"":""survey""}"
116.000,ANNOUNCE,survey-19-0068,r05,"{""deadline"":117.0,""duration"":2.0,""k"":1.0,""lam"":0.00693,""n_req"":1,""p0"":0.0,""pos"":[1.8,1.4000000000000001],""sender"":""r05"",""t"":116.0,""t_ref"":0.0,""task_id"":""survey-19-0068"",""type"":""survey""}"
116.200,FAILED,survey-22-0063,r01,{}
116.200,FAILED,survey-04-0061,r04,{}
116.200,FAILED,survey-05-0065,r05,{}
116.800,DONE,survey-23-0056,r05,"{""sender"":""r05"",""t"":116.8,""task_id"":""survey-23-0056""}"
117.000,ANNOUNCE,survey-00-0070,r00,"{""deadline"":118.0,""duration"":2.0,""k"":1.0,""lam"":0.00693,""n_req"":1,""p0"":0.0,""pos"":[0.2,0.2],""sender"":""r00"",""t"":117.0,""t_ref"":7.5,""task_id"":""survey-00-0070"",""type"":""survey""}"
117.000,FAILED,survey-24-0069,r03,{}
117.000,ANNOUNCE,survey-10-0071,r03,"{""deadline"":118.0,""duration"":2.0,""k"":1.0,""lam"":0.00693,""n_req"":1,""p0"":0.0,""pos"":[0.2,1.0],""sender"":""r03"",""t"":117.0,""t_ref"":53.0,""task_id"":""survey-10-0071"",""type"":""survey""}"
117.000,FAILED,survey-19-0068,r05,{}
117.100,BID,survey-00-0070,r05,"{""cost"":0.6991983671432066,""sender"":""r05"",""t"":117.1,""task_id"":""survey-00-0070""}"
118.000,AWARD,survey-00-0070,r00,"{""sender"":""r00"",""t"":118.0,""task_id"":""survey-00-0070"",""winners"":[""r05""]}"
118.000,ANNOUNCE,survey-10-0071,r03,"{""deadline"":119.0,""duration"":2.0,""k"":1.0,""lam"":0.00693,""n_req"":1,""p0"":0.0,""pos"":[0.2,1.0],""sender"":""r03"",""t"":118.0,""t_ref"":53.0,""task_id"":""survey-10-0071"",""type"":""survey""}"
119.000,FAILED,survey-10-0071,r03,{}
123.500,DONE,survey-17-0066,r03,"{""sender"":""r03"",""t"":123.5,""task_id"":""survey-17-0066""}"
124.100,DONE,survey-21-0062,r02,"{""sender"":""r02"",""t"":124.1,""task_id"":""survey-21-0062""}"
126.000,ANNOUNCE,survey-01-0072,r01,"{""deadline"":127.0,""duration"":2.0,""k"":1.0,""lam"":0.00693,""n_req"":1,""p0"":0.0,""pos"":[0.6000000000000001,0.2],""sender"":""r01"",""t"":126.0,""t_ref"":106.5,""task_id"":""survey-01-0072"",""type"":""survey""}"
126.000,ANNOUNCE,survey-08-0073,r01,"{""deadline"":127.0,""duration"":2.0,""k"":1.0,""lam"":0.00693,""n_req"":1,""p0"":0.0,""pos"":[1.4000000000000001,0.6000000000000001],""sender"":""r01"",""t"":126.0,""t_ref"":107.0,""task_id"":""survey-08-0073"",""type"":""survey""}"
126.100,BID,survey-08-0073,r02,"{""cost"":0.48503262668934194,""sender"":""r02"",""t"":126.1,""task_id"":""survey-08-0073""}"
126.100,BID,survey-01-0072,r03,"{""cost"":0.4285797033536242,""sender"":""r03"",""t"":126.1,""task_id"":""survey-01-0072""}"
126.100,BID,survey-01-0072,r05,"{""cost"":0.4058594228091701,""sender"":""r05"",""t"":126.1,""task_id"":""survey-01-0072""}"
127.000,AWARD,survey-01-0072,r01,"{""sender"":""r01"",""t"":127.0,""task_id"":""survey-01-0072"",""winners"":[""r05""]}"
127.000,AWARD,survey-08-0073,r01,"{""sender"":""r01"",""t"":127.0,""task_id"":""survey-08-0073"",""winners"":[""r02""]}"
128.000,ANNOUNCE,survey-02-0074,r02,"{""deadline"":129.0,""duration"":2.0,""k"":1.0,""lam"":0.00693,""n_req"":1,""p0"":0.0,""pos"":[1.0,0.2],""sender"":""r02"",""t"":128.0,""t_ref"":108.5,""task_id"":""survey-02-0074"",""type"":""survey""}"
128.000,ANNOUNCE,survey-07-0075,r00,"{""deadline"":129.0,""duration"":2.0,""k"":1.0,""lam"":0.00693,""n_req"":1,""p0"":0.0,""pos"":[1.0,0.6000000000000001],""sender"":""r00"",""t"":128.0,""t_ref"":109.5,""task_id"":""survey-07-0075"",""type"":""survey""}"
128.100,BID,survey-02-0074,r03,"{""cost"":0.42937052269206,""sender"":""r03"",""t"":128.1,""task_id"":""survey-02-0074""}"
129.000,ANNOUNCE,survey-07-0075,r00,"{""deadline"":130.0,""duration"":2.0,""k"":1.0,""lam"":0.00693,""n_req"":1,""p0"":0.0,""pos"":[1.0,0.6000000000000001],""sender"":""r00"",""t"":129.0,""t_ref"":109.5,""task_id"":""survey-07-0075"",""type"":""survey""}"
129.000,AWARD,survey-02-0074,r02,"{""sender"":""r02"",""t"":129.0,""task_id"":""survey-02-0074"",""winners"":[""r03""]}"
130.000,ANNOUNCE,survey-07-0075,r00,"{""deadline"":131.0,""duration"":2.0,""k"":1.0,""lam"":0.00693,""n_req"":1,""p0"":0.0,""pos"":[1.0,0.6000000000000001],""sender"":""r00"",""t"":130.0,""t_ref"":109.5,""task_id"":""survey-07-0075"",""type"":""survey""}"
131.000,FAILED,survey-07-0075,r00,{}
132.100,DONE,survey-20-0067,r01,"{""sender"":""r01"",""t"":132.1,""task_id"":""survey-20-0067""}"
134.000,ANNOUNCE,survey-15-0076,r01,"{""deadline"":135.0,""duration"":2.0,""k"":1.0,""lam"":0.00693,""n_req"":1,""p0"":0.0,""pos"":[0.2,1.4000000000000001],""sender"":""r01"",""t"":134.0,""t_ref"":0.0,""task_id"":""survey-15-0076"",""type"":""survey""}"
134.000,ANNOUNCE,survey-06-0077,r06,"{""deadline"":135.0,""duration"":2.0,""k"":1.0,""lam"":0.00693,""n_req"":1,""p0"":0.0,""pos"":[0.6000000000000001,0.6000000000000001],""sender"":""r06"",""t"":134.0,""t_ref"":114.0,""task_id"":""survey-06-0077"",""type"":""survey""}"
134.000,ANNOUNCE,survey-03-0078,r03,"{""deadline"":135.0,""duration"":2.0,""k"":1.0,""lam"":0.00693,""n_req"":1,""p0"":0.0,""pos"":[1.4000000000000001,0.2],""sender"":""r03"",""t"":134.0,""t_ref"":114.5,""task_id"":""survey-03-0078"",""type"":""survey""}"
134.100,BID,survey-03-0078,r01,"{""cost"":0.6822180488620673,""sender"":""r01"",""t"":134.1,""task_id"":""survey-03-0078""}"
135.000,ANNOUNCE,survey-15-0076,r01,"{""deadline"":136.0,""duration"":2.0,""k"":1.0,""lam"":0.00693,""n_req"":1,""p0"":0.0,""pos"":[0.2,1.4000000000000001],""sender"":""r01"",""t"":135.0,""t_ref"":0.0,""task_id"":""survey-15-0076"",""type"":""survey""}"
135.000,AWARD,survey-03-0078,r03,"{""sender"":""r03"",""t"":135.0,""task_id"":""survey-03-0078"",""winners"":[""r01""]}"
135.000,ANNOUNCE,survey-06-0077,r06,"{""deadline"":136.0,""duration"":2.0,""k"":1.0,""lam"":0.00693,""n_req"":1,""p0"":0.0,""pos"":[0.6000000000000001,0.6000000000000001],""sender"":""r06"",""t"":135.0,""t_ref"":114.0,""task_id"":""survey-06-0077"",""type"":""survey""}"
136.000,ANNOUNCE,survey-19-0079,r05,"{""deadline"":137.0,""duration"":2.0,""k"":1.0,""lam"":0.00693,""n_req"":1,""p0"":0.0,""pos"":[1.8,1.4000000000000001],""sender"":""r05"",""t"":136.0,""t_ref"":0.0,""task_id"":""survey-19-0079"",""type"":""survey""}"
136.000,ANNOUNCE,survey-24-0080,r03,"{""deadline"":137.0,""duration"":2.0,""k"":1.0,""lam"":0.00693,""n_req"":1,""p0"":0.0,""pos"":[1.8,1.8],""sender"":""r03"",""t"":136.0,""t_ref"":0.0,""task_id"":""survey-24-0080"",""type"":""survey""}"
136.000,ANNOUNCE,survey-22-0081,r01,"{""deadline"":137.0,""duration"":2.0,""k"":1.0,""lam"":0.00693,""n_req"":1,""p0"":0.0,""pos"":[1.0,1.8],""sender"":""r01"",""t"":136.0,""t_ref"":86.5,""task_id"":""survey-22-0081"",""type"":""survey""}"
136.000,ANNOUNCE,survey-15-0076,r01,"{""deadline"":137.0,""duration"":2.0,""k"":1.0,""lam"":0.00693,""n_req"":1,""p0"":0.0,""pos"":[0.2,1.4000000000000001],""sender"":""r01"",""t"":136.0,""t_ref"":0.0,""task_id"":""survey-15-0076"",""type"":""survey""}"
136.000,ANNOUNCE,survey-06-0077,r06,"{""deadline"":137.0,""duration"":2.0,""k"":1.0,""lam"":0.00693,""n_req"":1,""p0"":0.0,""pos"":[0.6000000000000001,0.6000000000000001],""sender"":""r06"",""t"":136.0,""t_ref"":114.0,""task_id"":""survey-06-0077"",""type"":""survey""}"
136.500,DETECTED,roi-014,r05,"{""event_created_at"":121.68152125191037,""latency"":14.818478748089632}"
136.500,ANNOUNCE,roi-014,r05,"{""deadline"":137.5,""duration"":15.0,""k"":1.0,""lam"":0.00693,""n_req"":1,""p0"":0.6,""pos"":[0.5259428528489447,0.4140712905106491],""sender"":""r05"",""t"":136.5,""t_ref"":136.5,""task_id"":""roi-014"",""type"":""guard""}"
136.600,BID,roi-014,r00,"{""cost"":0.6255394248082884,""sender"":""r00"",""t"":136.6,""task_id"":""roi-014""}"
136.600,BID,roi-014,r01,"{""cost"":0.464173837153309,""sender"":""r01"",""t"":136.6,""task_id"":""roi-014""}"
136.600,BID,roi-014,r02,"{""cost"":0.3020679545132798,""sender"":""r02"",""t"":136.6,""task_id"":""roi-014""}"
136.600,BID,roi-014,r03,"{""cost"":0.19843071608949633,""sender"":""r03"",""t"":136.6,""task_id"":""roi-014""}"
136.600,BID,roi-014,r04,"{""cost"":0.6316022125255429,""sender"":""r04"",""t"":136.6,""task_id"":""roi-014""}"
136.600,BID,roi-014,r05,"{""cost"":0.09867180286344368,""sender"":""r05"",""t"":136.6,""task_id"":""roi-014""}"
136.600,BID,roi-014,r06,"{""cost"":0.631972663964017,""sender"":""r06"",""t"":136.6,""task_id"":""roi-014""}"
137.000,FAILED,survey-15-0076,r01,{}
137.000,ANNOUNCE,survey-22-0081,r01,"{""deadline"":138.0,""duration"":2.0,""k"":1.0,""lam"":0.00693,""n_req"":1,""p0"":0.0,""pos"":[1.0,1.8],""sender"":""r01"",""t"":137.0,""t_ref"":86.5,""task_id"":""survey-22-0081"",""type"":""survey""}"
137.000,ANNOUNCE,survey-24-0080,r03,"{""deadline"":138.0,""duration"":2.0,""k"":1.0,""lam"":0.00693,""n_req"":1,""p0"":0.0,""pos"":[1.8,1.8],""sender"":""r03"",""t"":137.0,""t_ref"":0.0,""task_id"":""survey-24-0080"",""type"":""survey""}"
137.000,ANNOUNCE,survey-19-0079,r05,"{""deadline"":138.0,""duration"":2.0,""k"":1.0,""lam"":0.00693,""n_req"":1,""p0"":0.0,""pos"":[1.8,1.4000000000000001],""sender"":""r05"",""t"":137.0,""t_ref"":0.0,""task_id"":""survey-19-0079"",""type"":""survey""}"
137.000,FAILED,survey-06-0077,r06,{}
137.400,DONE,roi-021,r00,"{""sender"":""r00"",""t"":137.4,""task_id"":""roi-021""}"
137.500,AWARD,roi-014,r05,"{""sender"":""r05"",""t"":137.5,""task_id"":""roi-014"",""winners"":[""r05""]}"
137.600,RELEASE,survey-01-0072,r05,"{""reason"":""preempted"",""sender"":""r05"",""t"":137.6,""task_id"":""survey-01-0072""}"
137.700,ANNOUNCE,survey-01-0072,r01,"{""deadline"":138.7,""duration"":2.0,""k"":1.0,""lam"":0.00693,""n_req"":1,""p0"":0.0,""pos"":[0.6000000000000001,0.2],""sender"":""r01"",""t"":137.7,""t_ref"":106.5,""task_id"":""survey-01-0072"",""type"":""survey""}"
137.800,BID,survey-01-0072,r00,"{""cost"":0.42757783733905036,""sender"":""r00"",""t"":137.8,""task_id"":""survey-01-0072""}"
137.800,BID,survey-01-0072,r04,"{""cost"":0.43554427272154767,""sender"":""r04"",""t"":137.8,""task_id"":""survey-01-0072""}"
137.800,BID,survey-01-0072,r06,"{""cost"":0.4356850869631354,""sender"":""r06"",""t"":137.8,""task_id"":""survey-01-0072""}"
138.000,ANNOUNCE,survey-10-0082,r03,"{""deadline"":139.0,""duration"":2.0,""k"":1.0,""lam"":0.00693,""n_req"":1,""p0"":0.0,""pos"":[0.2,1.0],""sender"":""r03"",""t"":138.0,""t_ref"":53.0,""task_id"":""survey-10-0082"",""type"":""survey""}"
138.000,ANNOUNCE,survey-05-0083,r05,"{""deadline"":139.0,""duration"":2.0,""k"":1.0,""lam"":0.00693,""n_req"":1,""p0"":0.0,""pos"":[0.2,0.6000000000000001],""sender"":""r05"",""t"":138.0,""t_ref"":110.5,""task_id"":""survey-05-0083"",""type"":""survey""}"
138.000,ANNOUNCE,survey-13-0084,r06,"{""deadline"":139.0,""duration"":2.0,""k"":1.0,""lam"":0.00693,""n_req"":1,""p0"":0.0,""pos"":[1.4000000000000001,1.0],""sender"":""r06"",""t"":138.0,""t_ref"":119.5,""task_id"":""survey-13-0084"",""type"":""survey""}"
138.000,ANNOUNCE,survey-22-0081,r01,"{""deadline"":139.0,""duration"":2.0,""k"":1.0,""lam"":0.00693,""n_req"":1,""p0"":0.0,""pos"":[1.0,1.8],""sender"":""r01"",""t"":138.0,""t_ref"":86.5,""task_id"":""survey-22-0081"",""type"":""survey""}"
138.000,ANNOUNCE,survey-24-0080,r03,"{""deadline"":139.0,""duration"":2.0,""k"":1.0,""lam"":0.00693,""n_req"":1,""p0"":0.0,""pos"":[1.8,1.8],""sender"":""r03"",""t"":138.0,""t_ref"":0.0,""task_id"":""survey-24-0080"",""type"":""survey""}"
138.000,ANNOUNCE,survey-19-0079,r05,"{""deadline"":139.0,""duration"":2.0,""k"":1.0,""lam"":0.00693,""n_req"":1,""p0"":0.0,""pos"":[1.8,1.4000000000000001],""sender"":""r05"",""t"":138.0,""t_ref"":0.0,""task_id"":""survey-19-0079"",""type"":""survey""}"
138.700,AWARD,survey-01-0072,r01,"{""sender"":""r01"",""t"":138.7,""task_id"":""survey-01-0072"",""winners"":[""r00""]}"
139.000,FAILED,survey-22-0081,r01,{}
139.000,FAILED,survey-24-0080,r03,{}
139.000,ANNOUNCE,survey-10-0082,r03,"{""deadline"":140.0,""duration"":2.0,""k"":1.0,""lam"":0.00693,""n_req"":1,""p0"":0.0,""pos"":[0.2,1.0],""sender"":""r03"",""t"":139.0,""t_ref"":53.0,""task_id"":""survey-10-0082"",""type"":""survey""}"
139.000,FAILED,survey-19-0079,r05,{}
139.000,ANNOUNCE,survey-05-0083,r05,"{""deadline"":140.0,""duration"":2.0,""k"":1.0,""lam"":0.00693,""n_req"":1,""p0"":0.0,""pos"":[0.2,0.6000000000000001],""sender"":""r05"",""t"":139.0,""t_ref"":110.5,""task_id"":""survey-05-0083"",""type"":""survey""}"
139.000,ANNOUNCE,survey-13-0084,r06,"{""deadline"":140.0,""duration"":2.0,""k"":1.0,""lam"":0.00693,""n_req"":1,""p0"":0.0,""pos"":[1.4000000000000001,1.0],""sender"":""r06"",""t"":139.0,""t_ref"":119.5,""task_id"":""survey-13-0084"",""type"":""survey""}"
139.100,BID,survey-05-0083,r04,"{""cost"":0.5816320229000809,""sender"":""r04"",""t"":139.1,""task_id"":""survey-05-0083""}"
139.100,BID,survey-05-0083,r06,"{""cost"":0.5816563581072398,""sender"":""r06"",""t"":139.1,""task_id"":""survey-05-0083""}"
140.000,ANNOUNCE,survey-14-0085,r00,"{""deadline"":141.0,""duration"":2.0,""k"":1.0,""lam"":0.00693,""n_req"":1,""p0"":0.0,""pos"":[1.8,1.0],""sender"":""r00"",""t"":140.0,""t_ref"":121.0,""task_id"":""survey-14-0085"",""type"":""survey""}"
140.000,ANNOUNCE,survey-23-0086,r02,"{""deadline"":141.0,""duration"":2.0,""k"":1.0,""lam"":0.00693,""n_req"":1,""p0"":0.0,""pos"":[1.4000000000000001,1.8],""sender"":""r02"",""t"":140.0,""t_ref"":121.5,""task_id"":""survey-23-0086"",""type"":""survey""}"
140.000,ANNOUNCE,survey-10-0082,r03,"{""deadline"":141.0,""duration"":2.0,""k"":1.0,""lam"":0.00693,""n_req"":1,""p0"":0.0,""pos"":[0.2,1.0],""sender"":""r03"",""t"":140.0,""t_ref"":53.0,""task_id"":""survey-10-0082"",""type"":""survey""}"
140.000,AWARD,survey-05-0083,r05,"{""sender"":""r05"",""t"":140.0,""task_id"":""survey-05-0083"",""winners"":[""r04""]}"
140.000,ANNOUNCE,survey-13-0084,r06,"{""deadline"":141.0,""duration"":2.0,""k"":1.0,""lam"":0.00693,""n_req"":1,""p0"":0.0,""pos"":[1.4000000000000001,1.0],""sender"":""r06"",""t"":140.0,""t_ref"":119.5,""task_id"":""survey-13-0084"",""type"":""survey""}"
140.100,BID,survey-23-0086,r06,"{""cost"":0.5514742193466334,""sender"":""r06"",""t"":140.1,""task_id"":""survey-23-0086""}"
141.000,ANNOUNCE,survey-14-0085,r00,"{""deadline"":142.0,""duration"":2.0,""k"":1.0,""lam"":0.00693,""n_req"":1,""p0"":0.0,""pos"":[1.8,1.0],""sender"":""r00"",""t"":141.0,""t_ref"":121.0,""task_id"":""survey-14-0085"",""type"":""survey""}"
141.000,AWARD,survey-23-0086,r02,"{""sender"":""r02"",""t"":141.0,""task_id"":""survey-23-0086"",""winners"":[""r06""]}"
141.000,FAILED,survey-10-0082,r03,{}
141.000,FAILED,survey-13-0084,r06,{}
142.000,ANNOUNCE,survey-14-0085,r00,"{""deadline"":143.0,""duration"":2.0,""k"":1.0,""lam"":0.00693,""n_req"":1,""p0"":0.0,""pos"":[1.8,1.0],""sender"":""r00"",""t"":142.0,""t_ref"":121.0,""task_id"":""survey-14-0085"",""type"":""survey""}"
143.000,FAILED,survey-14-0085,r00,{}
144.000,ANNOUNCE,survey-18-0087,r04,"{""deadline"":145.0,""duration"":2.0,""k"":1.0,""lam"":0.00693,""n_req"":1,""p0"":0.0,""pos"":[1.4000000000000001,1.4000000000000001],""sender"":""r04"",""t"":144.0,""t_ref"":124.0,""task_id"":""survey-18-0087"",""type"":""survey""}"
145.000,ANNOUNCE,survey-18-0087,r04,"{""deadline"":146.0,""duration"":2.0,""k"":1.0,""lam"":0.00693,""n_req"":1,""p0"":0.0,""pos"":[1.4000000000000001,1.4000000000000001],""sender"":""r04"",""t"":145.0,""t_ref"":124.0,""task_id"":""survey-18-0087"",""type"":""survey""}"
146.000,ANNOUNCE,survey-18-0087,r04,"{""deadline"":147.0,""duration"":2.0,""k"":1.0,""lam"":0.00693,""n_req"":1,""p0"":0.0,""pos"":[1.4000000000000001,1.4000000000000001],""sender"":""r04"",""t"":146.0,""t_ref"":124.0,""task_id"":""survey-18-0087"",""type"":""survey""}"
146.300,DONE,survey-08-0073,r02,"{""sender"":""r02"",""t"":146.3,""task_id"":""survey-08-0073""}"
147.000,FAILED,survey-18-0087,r04,{}
147.400,DONE,survey-02-0074,r03,"{""sender"":""r03"",""t"":147.4,""task_id"":""survey-02-0074""}"
147.500,DETECTED,roi-020,r06,"{""event_created_at"":142.15830984139245,""latency"":5.341690158607548}"
147.500,ANNOUNCE,roi-020,r06,"{""deadline"":148.5,""duration"":20.0,""k"":1.0,""lam"":0.00693,""n_req"":2,""p0"":0.4,""pos"":[1.6946540346539085,0.9541939548564384],""sender"":""r06"",""t"":147.5,""t_ref"":147.5,""task_id"":""roi-020"",""type"":""push""}"
147.600,BID,roi-020,r00,"{""cost"":0.31413168278416825,""sender"":""r00"",""t"":147.6,""task_id"":""roi-020""}"
147.600,BID,roi-020,r01,"{""cost"":0.2983357746825849,""sender"":""r01"",""t"":147.6,""task_id"":""roi-020""}"
147.600,BID,roi-020,r02,"{""cost"":0.16092568873962743,""sender"":""r02"",""t"":147.6,""task_id"":""roi-020""}"
147.600,BID,roi-020,r03,"{""cost"":0.35731781578032895,""sender"":""r03"",""t"":147.6,""task_id"":""roi-020""}"
147.600,BID,roi-020,r04,"{""cost"":0.25061059859651463,""sender"":""r04"",""t"":147.6,""task_id"":""roi-020""}"
147.600,BID,roi-020,r05,"{""cost"":0.6111497859224668,""sender"":""r05"",""t"":147.6,""task_id"":""roi-020""}"
147.600,BID,roi-020,r06,"{""cost"":0.0952820212421694,""sender"":""r06"",""t"":147.6,""task_id"":""roi-020""}"
148.500,AWARD,roi-020,r06,"{""sender"":""r06"",""t"":148.5,""task_id"":""roi-020"",""winners"":[""r06"",""r02""]}"
148.600,RELEASE,survey-23-0086,r06,"{""reason"":""preempted"",""sender"":""r06"",""t"":148.6,""task_id"":""survey-23-0086""}"
148.700,ANNOUNCE,survey-23-0086,r02,"{""deadline"":149.7,""duration"":2.0,""k"":1.0,""lam"":0.00693,""n_req"":1,""p0"":0.0,""pos"":[1.4000000000000001,1.8],""sender"":""r02"",""t"":148.7,""t_ref"":121.5,""task_id"":""survey-23-0086"",""type"":""survey""}"
148.800,BID,survey-23-0086,r03,"{""cost"":0.574178322732847,""sender"":""r03"",""t"":148.8,""task_id"":""survey-23-0086""}"
149.700,AWARD,survey-23-0086,r02,"{""sender"":""r02"",""t"":149.7,""task_id"":""survey-23-0086"",""winners"":[""r03""]}"
156.000,ANNOUNCE,survey-15-0088,r01,"{""deadline"":157.0,""duration"":2.0,""k"":1.0,""lam"":0.00693,""n_req"":1,""p0"":0.0,""pos"":[0.2,1.4000000000000001],""sender"":""r01"",""t"":156.0,""t_ref"":0.0,""task_id"":""survey-15-0088"",""type"":""survey""}"
156.000,ANNOUNCE,survey-17-0089,r03,"{""deadline"":157.0,""duration"":2.0,""k"":1.0,""lam"":0.00693,""n_req"":1,""p0"":0.0,""pos"":[1.0,1.4000000000000001],""sender"":""r03"",""t"":156.0,""t_ref"":136.5,""task_id"":""survey-17-0089"",""type"":""survey""}"
156.100,DONE,roi-014,r05,"{""sender"":""r05"",""t"":156.1,""task_id"":""roi-014""}"
156.700,DONE,survey-01-0072,r00,"{""sender"":""r00"",""t"":156.7,""task_id"":""survey-01-0072""}"
157.000,ANNOUNCE,survey-15-0088,r01,"{""deadline"":158.0,""duration"":2.0,""k"":1.0,""lam"":0.00693,""n_req"":1,""p0"":0.0,""pos"":[0.2,1.4000000000000001],""sender"":""r01"",""t"":157.0,""t_ref"":0.0,""task_id"":""survey-15-0088"",""type"":""survey""}"
157.000,ANNOUNCE,survey-17-0089,r03,"{""deadline"":158.0,""duration"":2.0,""k"":1.0,""lam"":0.00693,""n_req"":1,""p0"":0.0,""pos"":[1.0,1.4000000000000001],""sender"":""r03"",""t"":157.0,""t_ref"":136.5,""task_id"":""survey-17-0089"",""type"":""survey""}"
157.100,BID,survey-17-0089,r00,"{""cost"":0.44343928512477715,""sender"":""r00"",""t"":157.1,""task_id"":""survey-17-0089""}"
157.100,BID,survey-17-0089,r05,"{""cost"":0.3781795499701826,""sender"":""r05"",""t"":157.1,""task_id"":""survey-17-0089""}"
158.000,ANNOUNCE,survey-19-0090,r05,"{""deadline"":159.0,""duration"":2.0,""k"":1.0,""lam"":0.00693,""n_req"":1,""p0"":0.0,""pos"":[1.8,1.4000000000000001],""sender"":""r05"",""t"":158.0,""t_ref"":0.0,""task_id"":""survey-19-0090"",""type"":""survey""}"
158.000,ANNOUNCE,survey-24-0091,r03,"{""deadline"":159.0,""duration"":2.0,""k"":1.0,""lam"":0.00693,""n_req"":1,""p0"":0.0,""pos"":[1.8,1.8],""sender"":""r03"",""t"":158.0,""t_ref"":0.0,""task_id"":""survey-24-0091"",""type"":""survey""}"
158.000,ANNOUNCE,survey-22-0092,r01,"{""deadline"":159.0,""duration"":2.0,""k"":1.0,""lam"":0.00693,""n_req"":1,""p0"":0.0,""pos"":[1.0,1.8],""sender"":""r01"",""t"":158.0,""t_ref"":86.5,""task_id"":""survey-22-0092"",""type"":""survey""}"
158.000,ANNOUNCE,survey-15-0088,r01,"{""deadline"":159.0,""duration"":2.0,""k"":1.0,""lam"":0.00693,""n_req"":1,""p0"":0.0,""pos"":[0.2,1.4000000000000001],""sender"":""r01"",""t"":158.0,""t_ref"":0.0,""task_id"":""survey-15-0088"",""type"":""survey""}"
158.000,AWARD,survey-17-0089,r03,"{""sender"":""r03"",""t"":158.0,""task_id"":""survey-17-0089"",""winners"":[""r05""]}"
158.100,BID,survey-24-0091,r00,"{""cost"":0.6999357691545203,""sender"":""r00"",""t"":158.1,""task_id"":""survey-24-0091""}"
159.000,FAILED,survey-15-0088,r01,{}
159.000,ANNOUNCE,survey-22-0092,r01,"{""deadline"":160.0,""duration"":2.0,""k"":1.0,""lam"":0.00693,""n_req"":1,""p0"":0.0,""pos"":[1.0,1.8],""sender"":""r01"",""t"":159.0,""t_ref"":86.5,""task_id"":""survey-22-0092"",""type"":""survey""}"
159.000,AWARD,survey-24-0091,r03,"{""sender"":""r03"",""t"":159.0,""task_id"":""survey-24-0091"",""winners"":[""r00""]}"
159.000,ANNOUNCE,survey-19-0090,r05,"{""deadline"":160.0,""duration"":2.0,""k"":1.0,""lam"":0.00693,""n_req"":1,""p0"":0.0,""pos"":[1.8,1.4000000000000001],""sender"":""r05"",""t"":159.0,""t_ref"":0.0,""task_id"":""survey-19-0090"",""type"":""survey""}"
159.500,DETECTED,roi-008,r03,"{""event_created_at"":158.47011493249178,""latency"":1.0298850675082178}"
159.500,ANNOUNCE,roi-008,r03,"{""deadline"":160.5,""duration"":15.0,""k"":1.0,""lam"":0.00693,""n_req"":1,""p0"":0.6,""pos"":[1.2783065242635958,1.2051662906539378],""sender"":""r03"",""t"":159.5,""t_ref"":159.5,""task_id"":""roi-008"",""type"":""guard""}"
159.600,BID,roi-008,r00,"{""cost"":0.40029844427360983,""sender"":""r00"",""t"":159.6,""task_id"":""roi-008""}"
159.600,BID,roi-008,r01,"{""cost"":0.3495321479712617,""sender"":""r01"",""t"":159.6,""task_id"":""roi-008""}"
159.600,BID,roi-008,r02,"{""cost"":0.3347810729870092,""sender"":""r02"",""t"":159.6,""task_id"":""roi-008""}"
159.600,BID,roi-008,r03,"{""cost"":0.10352063382064623,""sender"":""r03"",""t"":159.6,""task_id"":""roi-008""}"
159.600,BID,roi-008,r04,"{""cost"":0.40720356782687034,""sender"":""r04"",""t"":159.6,""task_id"":""roi-008""}"
159.600,BID,roi-008,r05,"{""cost"":0.38691578293350676,""sender"":""r05"",""t"":159.6,""task_id"":""roi-008""}"
159.600,BID,roi-008,r06,"{""cost"":0.33788447370234953,""sender"":""r06"",""t"":159.6,""task_id"":""roi-008""}"
160.000,ANNOUNCE,survey-10-0093,r03,"{""deadline"":161.0,""duration"":2.0,""k"":1.0,""lam"":0.00693,""n_req"":1,""p0"":0.0,""pos"":[0.2,1.0],""sender"":""r03"",""t"":160.0,""t_ref"":53.0,""task_id"":""survey-10-0093"",""type"":""survey""}"
160.000,ANNOUNCE,survey-20-0094,r06,"{""deadline"":161.0,""duration"":2.0,""k"":1.0,""lam"":0.00693,""n_req"":1,""p0"":0.0,""pos"":[0.2,1.8],""sender"":""r06"",""t"":160.0,""t_ref"":138.0,""task_id"":""survey-20-0094"",""type"":""survey""}"
160.000,ANNOUNCE,survey-21-0095,r00,"{""deadline"":161.0,""duration"":2.0,""k"":1.0,""lam"":0.00693,""n_req"":1,""p0"":0.0,""pos"":[0.6000000000000001,1.8],""sender"":""r00"",""t"":160.0,""t_ref"":139.0,""task_id"":""survey-21-0095"",""type"":""survey""}"
160.000,ANNOUNCE,survey-22-0092,r01,"{""deadline"":161.0,""duration"":2.0,""k"":1.0,""lam"":0.00693,""n_req"":1,""p0"":0.0,""pos"":[1.0,1.8],""sender"":""r01"",""t"":160.0,""t_ref"":86.5,""task_id"":""survey-22-0092"",""type"":""survey""}"
160.000,ANNOUNCE,survey-19-0090,r05,"{""deadline"":161.0,""duration"":2.0,""k"":1.0,""lam"":0.00693,""n_req"":1,""p0"":0.0,""pos"":[1.8,1.4000000000000001],""sender"":""r05"",""t"":160.0,""t_ref"":0.0,""task_id"":""survey-19-0090"",""type"":""survey""}"
160.500,AWARD,roi-008,r03,"{""sender"":""r03"",""t"":160.5,""task_id"":""roi-008"",""winners"":[""r02""]}"
161.000,ANNOUNCE,survey-21-0095,r00,"{""deadline"":162.0,""duration"":2.0,""k"":1.0,""lam"":0.00693,""n_req"":1,""p0"":0.0,""pos"":[0.6000000000000001,1.8],""sender"":""r00"",""t"":161.0,""t_ref"":139.0,""task_id"":""survey-21-0095"",""type"":""survey""}"
161.000,FAILED,survey-22-0092,r01,{}
161.000,ANNOUNCE,survey-10-0093,r03,"{""deadline"":162.0,""duration"":2.0,""k"":1.0,""lam"":0.00693,""n_req"":1,""p0"":0.0,""pos"":[0.2,1.0],""sender"":""r03"",""t"":161.0,""t_ref"":53.0,""task_id"":""survey-10-0093"",""type"":""survey""}"
161.000,FAILED,survey-19-0090,r05,{}
161.000,ANNOUNCE,survey-20-0094,r06,"{""deadline"":162.0,""duration"":2.0,""k"":1.0,""lam"":0.00693,""n_req"":1,""p0"":0.0,""pos"":[0.2,1.8],""sender"":""r06"",""t"":161.0,""t_ref"":138.0,""task_id"":""survey-20-0094"",""type"":""survey""}"
161.200,DONE,survey-03-0078,r01,"{""sender"":""r01"",""t"":161.2,""task_id"":""survey-03-0078""}"
162.000,ANNOUNCE,survey-21-0095,r00,"{""deadline"":163.0,""duration"":2.0,""k"":1.0,""lam"":0.00693,""n_req"":1,""p0"":0.0,""pos"":[0.6000000000000001,1.8],""sender"":""r00"",""t"":162.0,""t_ref"":139.0,""task_id"":""survey-21-0095"",""type"":""survey""}"
162.000,ANNOUNCE,survey-10-0093,r03,"{""deadline"":163.0,""duration"":2.0,""k"":1.0,""lam"":0.00693,""n_req"":1,""p0"":0.0,""pos"":[0.2,1.0],""sender"":""r03"",""t"":162.0,""t_ref"":53.0,""task_id"":""survey-10-0093"",""type"":""survey""}"
162.000,ANNOUNCE,survey-20-0094,r06,"{""deadline"":163.0,""duration"":2.0,""k"":1.0,""lam"":0.00693,""n_req"":1,""p0"":0.0,""pos"":[0.2,1.8],""sender"":""r06"",""t"":162.0,""t_ref"":138.0,""task_id"":""survey-20-0094"",""type"":""survey""}"
162.000,DETECTED,roi-010,r05,"{""event_created_at"":161.77666347668128,""latency"":0.22333652331872145}"
162.000,ANNOUNCE,roi-010,r05,"{""deadline"":163.0,""duration"":20.0,""k"":1.0,""lam"":0.00693,""n_req"":2,""p0"":0.4,""pos"":[0.6128435148742917,0.5248871775957223],""sender"":""r05"",""t"":162.0,""t_ref"":162.0,""task_id"":""roi-010"",""type"":""push""}"
162.100,BID,roi-010,r00,"{""cost"":0.09014797974132434,""sender"":""r00"",""t"":162.1,""task_id"":""roi-010""}"
162.100,BID,survey-21-0095,r01,"{""cost"":0.622976658936052,""sender"":""r01"",""t"":162.1,""task_id"":""survey-21-0095""}"
162.100,BID,roi-010,r01,"{""cost"":0.29307679437578116,""sender"":""r01"",""t"":162.1,""task_id"":""roi-010""}"
162.100,BID,roi-010,r02,"{""cost"":0.7334527575168899,""sender"":""r02"",""t"":162.1,""task_id"":""roi-010""}"
162.100,BID,roi-010,r03,"{""cost"":0.30002400771709953,""sender"":""r03"",""t"":162.1,""task_id"":""roi-010""}"
162.100,BID,roi-010,r04,"{""cost"":0.13636342531624135,""sender"":""r04"",""t"":162.1,""task_id"":""roi-010""}"
162.100,BID,roi-010,r05,"{""cost"":0.025337010198801364,""sender"":""r05"",""t"":162.1,""task_id"":""roi-010""}"
162.100,BID,roi-010,r06,"{""cost"":0.5687156649401356,""sender"":""r06"",""t"":162.1,""task_id"":""roi-010""}"
162.500,DONE,survey-05-0083,r04,"{""sender"":""r04"",""t"":162.5,""task_id"":""survey-05-0083""}"
163.000,AWARD,survey-21-0095,r00,"{""sender"":""r00"",""t"":163.0,""task_id"":""survey-21-0095"",""winners"":[""r01""]}"
163.000,FAILED,survey-10-0093,r03,{}
163.000,AWARD,roi-010,r05,"{""sender"":""r05"",""t"":163.0,""task_id"":""roi-010"",""winners"":[""r05"",""r00""]}"
163.000,FAILED,survey-20-0094,r06,{}
163.100,RELEASE,survey-24-0091,r00,"{""reason"":""preempted"",""sender"":""r00"",""t"":163.1,""task_id"":""survey-24-0091""}"
163.100,RELEASE,survey-17-0089,r05,"{""reason"":""preempted"",""sender"":""r05"",""t"":163.1,""task_id"":""survey-17-0089""}"
163.200,ANNOUNCE,survey-17-0089,r03,"{""deadline"":164.2,""duration"":2.0,""k"":1.0,""lam"":0.00693,""n_req"":1,""p0"":0.0,""pos"":[1.0,1.4000000000000001],""sender"":""r03"",""t"":163.2,""t_ref"":136.5,""task_id"":""survey-17-0089"",""type"":""survey""}"
163.200,ANNOUNCE,survey-24-0091,r03,"{""deadline"":164.2,""duration"":2.0,""k"":1.0,""lam"":0.00693,""n_req"":1,""p0"":0.0,""pos"":[1.8,1.8],""sender"":""r03"",""t"":163.2,""t_ref"":0.0,""task_id"":""survey-24-0091"",""type"":""survey""}"
163.300,BID,survey-17-0089,r04,"{""cost"":0.39338690059255516,""sender"":""r04"",""t"":163.3,""task_id"":""survey-17-0089""}"
164.000,ANNOUNCE,survey-04-0096,r04,"{""deadline"":165.0,""duration"":2.0,""k"":1.0,""lam"":0.00693,""n_req"":1,""p0"":0.0,""pos"":[1.8,0.2],""sender"":""r04"",""t"":164.0,""t_ref"":144.0,""task_id"":""survey-04-0096"",""type"":""survey""}"
164.000,ANNOUNCE,survey-16-0097,r02,"{""deadline"":165.0,""duration"":2.0,""k"":1.0,""lam"":0.00693,""n_req"":1,""p0"":0.0,""pos"":[0.6000000000000001,1.4000000000000001],""sender"":""r02"",""t"":164.0,""t_ref"":145.0,""task_id"":""survey-16-0097"",""type"":""survey""}"
164.200,AWARD,survey-17-0089,r03,"{""sender"":""r03"",""t"":164.2,""task_id"":""survey-17-0089"",""winners"":[""r04""]}"
164.200,ANNOUNCE,survey-24-0091,r03,"{""deadline"":165.2,""duration"":2.0,""k"":1.0,""lam"":0.00693,""n_req"":1,""p0"":0.0,""pos"":[1.8,1.8],""sender"":""r03"",""t"":164.2,""t_ref"":0.0,""task_id"":""survey-24-0091"",""type"":""survey""}"
165.000,ANNOUNCE,survey-16-0097,r02,"{""deadline"":166.0,""duration"":2.0,""k"":1.0,""lam"":0.00693,""n_req"":1,""p0"":0.0,""pos"":[0.6000000000000001,1.4000000000000001],""sender"":""r02"",""t"":165.0,""t_ref"":145.0,""task_id"":""survey-16-0097"",""type"":""survey""}"
165.000,ANNOUNCE,survey-04-0096,r04,"{""deadline"":166.0,""duration"":2.0,""k"":1.0,""lam"":0.00693,""n_req"":1,""p0"":0.0,""pos"":[1.8,0.2],""sender"":""r04"",""t"":165.0,""t_ref"":144.0,""task_id"":""survey-04-0096"",""type"":""survey""}"
165.000,DETECTED,roi-002,r03,"{""event_created_at"":164.87392145230396,""latency"":0.12607854769603932}"
165.000,ANNOUNCE,roi-002,r03,"{""deadline"":166.0,""duration"":15.0,""k"":1.0,""lam"":0.00693,""n_req"":1,""p0"":0.6,""pos"":[1.4270908841709977,1.411941862959882],""sender"":""r03"",""t"":165.0,""t_ref"":165.0,""task_id"":""roi-002"",""type"":""guard""}"
165.100,BID,roi-002,r00,"{""cost"":0.5815409206255364,""sender"":""r00"",""t"":165.1,""task_id"":""roi-002""}"
165.100,BID,roi-002,r01,"{""cost"":0.3909717022708244,""sender"":""r01"",""t"":165.1,""task_id"":""roi-002""}"
165.100,BID,roi-002,r02,"{""cost"":0.522876555880245,""sender"":""r02"",""t"":165.1,""task_id"":""roi-002""}"
165.100,BID,roi-002,r03,"{""cost"":0.05789817437855367,""sender"":""r03"",""t"":165.1,""task_id"":""roi-002""}"
165.100,BID,roi-002,r04,"{""cost"":0.500708659129588,""sender"":""r04"",""t"":165.1,""task_id"":""roi-002""}"
165.100,BID,roi-002,r05,"{""cost"":0.5653139153604017,""sender"":""r05"",""t"":165.1,""task_id"":""roi-002""}"
165.100,BID,roi-002,r06,"{""cost"":0.3588398208203656,""sender"":""r06"",""t"":165.1,""task_id"":""roi-002""}"
165.200,ANNOUNCE,survey-24-0091,r03,"{""deadline"":166.2,""duration"":2.0,""k"":1.0,""lam"":0.00693,""n_req"":1,""p0"":0.0,""pos"":[1.8,1.8],""sender"":""r03"",""t"":165.2,""t_ref"":0.0,""task_id"":""survey-24-0091"",""type"":""survey""}"
166.000,ANNOUNCE,survey-16-0097,r02,"{""deadline"":167.0,""duration"":2.0,""k"":1.0,""lam"":0.00693,""n_req"":1,""p0"":0.0,""pos"":[0.6000000000000001,1.4000000000000001],""sender"":""r02"",""t"":166.0,""t_ref"":145.0,""task_id"":""survey-16-0097"",""type"":""survey""}"
166.000,AWARD,roi-002,r03,"{""sender"":""r03"",""t"":166.0,""task_id"":""roi-002"",""winners"":[""r03""]}"
166.000,ANNOUNCE,survey-04-0096,r04,"{""deadline"":167.0,""duration"":2.0,""k"":1.0,""lam"":0.00693,""n_req"":1,""p0"":0.0,""pos"":[1.8,0.2],""sender"":""r04"",""t"":166.0,""t_ref"":144.0,""task_id"":""survey-04-0096"",""type"":""survey""}"
166.100,RELEASE,survey-23-0086,r03,"{""reason"":""preempted"",""sender"":""r03"",""t"":166.1,""task_id"":""survey-23-0086""}"
166.200,ANNOUNCE,survey-23-0086,r02,"{""deadline"":167.2,""duration"":2.0,""k"":1.0,""lam"":0.00693,""n_req"":1,""p0"":0.0,""pos"":[1.4000000000000001,1.8],""sender"":""r02"",""t"":166.2,""t_ref"":121.5,""task_id"":""survey-23-0086"",""type"":""survey""}"
166.200,FAILED,survey-24-0091,r03,{}
167.000,FAILED,survey-16-0097,r02,{}
167.000,FAILED,survey-04-0096,r04,{}
167.200,ANNOUNCE,survey-23-0086,r02,"{""deadline"":168.2,""duration"":2.0,""k"":1.0,""lam"":0.00693,""n_req"":1,""p0"":0.0,""pos"":[1.4000000000000001,1.8],""sender"":""r02"",""t"":167.2,""t_ref"":121.5,""task_id"":""survey-23-0086"",""type"":""survey""}"
168.000,ANNOUNCE,survey-11-0098,r04,"{""deadline"":169.0,""duration"":2.0,""k"":1.0,""lam"":0.00693,""n_req"":1,""p0"":0.0,""pos"":[0.6000000000000001,1.0],""sender"":""r04"",""t"":168.0,""t_ref"":148.0,""task_id"":""survey-11-0098"",""type"":""survey""}"
168.200,ANNOUNCE,survey-23-0086,r02,"{""deadline"":169.2,""duration"":2.0,""k"":1.0,""lam"":0.00693,""n_req"":1,""p0"":0.0,""pos"":[1.4000000000000001,1.8],""sender"":""r02"",""t"":168.2,""t_ref"":121.5,""task_id"":""survey-23-0086"",""type"":""survey""}"
169.000,ANNOUNCE,survey-11-0098,r04,"{""deadline"":170.0,""duration"":2.0,""k"":1.0,""lam"":0.00693,""n_req"":1,""p0"":0.0,""pos"":[0.6000000000000001,1.0],""sender"":""r04"",""t"":169.0,""t_ref"":148.0,""task_id"":""survey-11-0098"",""type"":""survey""}"
169.000,DETECTED,roi-024,r01,"{""event_created_at"":168.2653147755789,""latency"":0.7346852244210993}"
169.000,ANNOUNCE,roi-024,r01,"{""deadline"":170.0,""duration"":10.0,""k"":1.0,""lam"":0.00693,""n_req"":3,""p0"":0.8,""pos"":[1.2817707483621725,0.8836281577592675],""sender"":""r01"",""t"":169.0,""t_ref"":169.0,""task_id"":""roi-024"",""type"":""surround""}"
169.100,BID,roi-024,r00,"{""cost"":0.4286190726988658,""sender"":""r00"",""t"":169.1,""task_id"":""roi-024""}"
169.100,BID,roi-024,r01,"{""cost"":0.10507470618678605,""sender"":""r01"",""t"":169.1,""task_id"":""roi-024""}"
169.100,BID,roi-024,r02,"{""cost"":0.4711226963505996,""sender"":""r02"",""t"":169.1,""task_id"":""roi-024""}"
169.100,BID,roi-024,r03,"{""cost"":0.36031318293270087,""sender"":""r03"",""t"":169.1,""task_id"":""roi-024""}"
169.100,BID,roi-024,r04,"{""cost"":0.295687951683262,""sender"":""r04"",""t"":169.1,""task_id"":""roi-024""}"
169.100,BID,roi-024,r05,"{""cost"":0.4274190542041524,""sender"":""r05"",""t"":169.1,""task_id"":""roi-024""}"
169.100,BID,roi-024,r06,"{""cost"":0.3069208739297395,""sender"":""r06"",""t"":169.1,""task_id"":""roi-024""}"
169.200,FAILED,survey-23-0086,r02,{}
170.000,ANNOUNCE,survey-09-0099,r02,"{""deadline"":171.0,""duration"":2.0,""k"":1.0,""lam"":0.00693,""n_req"":1,""p0"":0.0,""pos"":[1.8,0.6000000000000001],""sender"":""r02"",""t"":170.0,""t_ref"":150.0,""task_id"":""survey-09-0099"",""type"":""survey""}"
170.000,AWARD,roi-024,r01,"{""sender"":""r01"",""t"":170.0,""task_id"":""roi-024"",""winners"":[""r01"",""r06"",""r03""]}"
170.000,ANNOUNCE,survey-11-0098,r04,"{""deadline"":171.0,""duration"":2.0,""k"":1.0,""lam"":0.00693,""n_req"":1,""p0"":0.0,""pos"":[0.6000000000000001,1.0],""sender"":""r04"",""t"":170.0,""t_ref"":148.0,""task_id"":""survey-11-0098"",""type"":""survey""}"
170.100,RELEASE,survey-21-0095,r01,"{""reason"":""preempted"",""sender"":""r01"",""t"":170.1,""task_id"":""survey-21-0095""}"
170.200,ANNOUNCE,survey-21-0095,r00,"{""deadline"":171.2,""duration"":2.0,""k"":1.0,""lam"":0.00693,""n_req"":1,""p0"":0.0,""pos"":[0.6000000000000001,1.8],""sender"":""r00"",""t"":170.2,""t_ref"":139.0,""task_id"":""survey-21-0095"",""type"":""survey""}"
171.000,ANNOUNCE,survey-09-0099,r02,"{""deadline"":172.0,""duration"":2.0,""k"":1.0,""lam"":0.00693,""n_req"":1,""p0"":0.0,""pos"":[1.8,0.6000000000000001],""sender"":""r02"",""t"":171.0,""t_ref"":150.0,""task_id"":""survey-09-0099"",""type"":""survey""}"
171.000,FAILED,survey-11-0098,r04,{}
171.200,ANNOUNCE,survey-21-0095,r00,"{""deadline"":172.2,""duration"":2.0,""k"":1.0,""lam"":0.00693,""n_req"":1,""p0"":0.0,""pos"":[0.6000000000000001,1.8],""sender"":""r00"",""t"":171.2,""t_ref"":139.0,""task_id"":""survey-21-0095"",""type"":""survey""}"
172.000,ANNOUNCE,survey-09-0099,r02,"{""deadline"":173.0,""duration"":2.0,""k"":1.0,""lam"":0.00693,""n_req"":1,""p0"":0.0,""pos"":[1.8,0.6000000000000001],""sender"":""r02"",""t"":172.0,""t_ref"":150.0,""task_id"":""survey-09-0099"",""type"":""survey""}"
172.200,ANNOUNCE,survey-21-0095,r00,"{""deadline"":173.2,""duration"":2.0,""k"":1.0,""lam"":0.00693,""n_req"":1,""p0"":0.0,""pos"":[0.6000000000000001,1.8],""sender"":""r00"",""t"":172.2,""t_ref"":139.0,""task_id"":""survey-21-0095"",""type"":""survey""}"
173.000,FAILED,survey-09-0099,r02,{}
173.200,FAILED,survey-21-0095,r00,{}
175.400,DONE,roi-020,r02,"{""sender"":""r02"",""t"":175.4,""task_id"":""roi-020""}"
176.500,DETECTED,roi-013,r00,"{""event_created_at"":176.06616286836706,""latency"":0.43383713163294146}"
176.500,ANNOUNCE,roi-013,r00,"{""deadline"":177.5,""duration"":15.0,""k"":1.0,""lam"":0.00693,""n_req"":1,""p0"":0.6,""pos"":[0.8108729496639469,0.47232302721569264],""sender"":""r00"",""t"":176.5,""t_ref"":176.5,""task_id"":""roi-013"",""type"":""guard""}"
176.600,BID,roi-013,r00,"{""cost"":0.22737314161533095,""sender"":""r00"",""t"":176.6,""task_id"":""roi-013""}"
176.600,BID,roi-013,r01,"{""cost"":0.3780574988338811,""sender"":""r01"",""t"":176.6,""task_id"":""roi-013""}"
176.600,BID,roi-013,r02,"{""cost"":0.5108376343961887,""sender"":""r02"",""t"":176.6,""task_id"":""roi-013""}"
176.600,BID,roi-013,r03,"{""cost"":0.7266452349780221,""sender"":""r03"",""t"":176.6,""task_id"":""roi-013""}"
176.600,BID,roi-013,r04,"{""cost"":0.27718319561685406,""sender"":""r04"",""t"":176.6,""task_id"":""roi-013""}"
176.600,BID,roi-013,r05,"{""cost"":0.24078428815821346,""sender"":""r05"",""t"":176.6,""task_id"":""roi-013""}"
176.600,BID,roi-013,r06,"{""cost"":0.5124524573948354,""sender"":""r06"",""t"":176.6,""task_id"":""roi-013""}"
177.500,AWARD,roi-013,r00,"{""sender"":""r00"",""t"":177.5,""task_id"":""roi-013"",""winners"":[""r00""]}"
178.000,ANNOUNCE,survey-15-0100,r01,"{""deadline"":179.0,""duration"":2.0,""k"":1.0,""lam"":0.00693,""n_req"":1,""p0"":0.0,""pos"":[0.2,1.4000000000000001],""sender"":""r01"",""t"":178.0,""t_ref"":0.0,""task_id"":""survey-15-0100"",""type"":""survey""}"
178.600,RELEASE,roi-001,r05,"{""reason"":""coordination_timeout"",""sender"":""r05"",""t"":178.6,""task_id"":""roi-001""}"
178.600,ANNOUNCE,roi-001,r05,"{""deadline"":179.6,""duration"":15.0,""k"":1.0,""lam"":0.00693,""n_req"":1,""p0"":0.6,""pos"":[1.342573203097012,0.1722898936752511],""sender"":""r05"",""t"":178.6,""t_ref"":87.5,""task_id"":""roi-001"",""type"":""guard""}"
178.700,BID,roi-001,r00,"{""cost"":0.6077241155424116,""sender"":""r00"",""t"":178.7,""task_id"":""roi-001""}"
178.700,BID,roi-001,r01,"{""cost"":0.40938975425041124,""sender"":""r01"",""t"":178.7,""task_id"":""roi-001""}"
178.700,BID,roi-001,r02,"{""cost"":0.47473648625978115,""sender"":""r02"",""t"":178.7,""task_id"":""roi-001""}"
178.700,BID,roi-001,r03,"{""cost"":0.7747454082753529,""sender"":""r03"",""t"":178.7,""task_id"":""roi-001""}"
178.700,BID,roi-001,r04,"{""cost"":0.44483553653701163,""sender"":""r04"",""t"":178.7,""task_id"":""roi-001""}"
178.700,BID,roi-001,r05,"{""cost"":0.45640941236209764,""sender"":""r05"",""t"":178.7,""task_id"":""roi-001""}"
178.700,BID,roi-001,r06,"{""cost"":0.4358210985345242,""sender"":""r06"",""t"":178.7,""task_id"":""roi-001""}"
179.000,ANNOUNCE,survey-15-0100,r01,"{""deadline"":180.0,""duration"":2.0,""k"":1.0,""lam"":0.00693,""n_req"":1,""p0"":0.0,""pos"":[0.2,1.4000000000000001],""sender"":""r01"",""t"":179.0,""t_ref"":0.0,""task_id"":""survey-15-0100"",""type"":""survey""}"
179.600,AWARD,roi-001,r05,"{""sender"":""r05"",""t"":179.6,""task_id"":""roi-001"",""winners"":[""r01""]}"
180.000,ANNOUNCE,survey-19-0101,r05,"{""deadline"":181.0,""duration"":2.0,""k"":1.0,""lam"":0.00693,""n_req"":1,""p0"":0.0,""pos"":[1.8,1.4000000000000001],""sender"":""r05"",""t"":180.0,""t_ref"":0.0,""task_id"":""survey-19-0101"",""type"":""survey""}"
180.000,ANNOUNCE,survey-22-0102,r01,"{""deadline"":181.0,""duration"":2.0,""k"":1.0,""lam"":0.00693,""n_req"":1,""p0"":0.0,""pos"":[1.0,1.8],""sender"":""r01"",""t"":180.0,""t_ref"":86.5,""task_id"":""survey-22-0102"",""type"":""survey""}"
180.000,ANNOUNCE,survey-15-0100,r01,"{""deadline"":181.0,""duration"":2.0,""k"":1.0,""lam"":0.00693,""n_req"":1,""p0"":0.0,""pos"":[0.2,1.4000000000000001],""sender"":""r01"",""t"":180.0,""t_ref"":0.0,""task_id"":""survey-15-0100"",""type"":""survey""}"
180.600,DONE,survey-17-0089,r04,"{""sender"":""r04"",""t"":180.6,""task_id"":""survey-17-0089""}"
181.000,FAILED,survey-15-0100,r01,{}
181.000,ANNOUNCE,survey-22-0102,r01,"{""deadline"":182.0,""duration"":2.0,""k"":1.0,""lam"":0.00693,""n_req"":1,""p0"":0.0,""pos"":[1.0,1.8],""sender"":""r01"",""t"":181.0,""t_ref"":86.5,""task_id"":""survey-22-0102"",""type"":""survey""}"
181.000,ANNOUNCE,survey-19-0101,r05,"{""deadline"":182.0,""duration"":2.0,""k"":1.0,""lam"":0.00693,""n_req"":1,""p0"":0.0,""pos"":[1.8,1.4000000000000001],""sender"":""r05"",""t"":181.0,""t_ref"":0.0,""task_id"":""survey-19-0101"",""type"":""survey""}"
181.100,BID,survey-19-0101,r04,"{""cost"":0.29093016044496434,""sender"":""r04"",""t"":181.1,""task_id"":""survey-19-0101""}"
181.500,DETECTED,roi-017,r02,"{""event_created_at"":181.0091097785551,""latency"":0.4908902214448858}"
181.500,ANNOUNCE,roi-017,r02,"{""deadline"":182.5,""duration"":20.0,""k"":1.0,""lam"":0.00693,""n_req"":2,""p0"":0.4,""pos"":[1.1794578626566814,1.1923922642863103],""sender"":""r02"",""t"":181.5,""t_ref"":181.5,""task_id"":""roi-017"",""type"":""push""}"
181.600,BID,roi-017,r00,"{""cost"":0.6407081766819034,""sender"":""r00"",""t"":181.6,""task_id"":""roi-017""}"
181.600,BID,roi-017,r01,"{""cost"":0.456866344182414,""sender"":""r01"",""t"":181.6,""task_id"":""roi-017""}"
181.600,BID,roi-017,r02,"{""cost"":0.22972109386042155,""sender"":""r02"",""t"":181.6,""task_id"":""roi-017""}"
181.600,BID,roi-017,r03,"{""cost"":0.4438358290058897,""sender"":""r03"",""t"":181.6,""task_id"":""roi-017""}"
181.600,BID,roi-017,r04,"{""cost"":0.09658931639442761,""sender"":""r04"",""t"":181.6,""task_id"":""roi-017""}"
181.600,BID,roi-017,r05,"{""cost"":0.4656319637103121,""sender"":""r05"",""t"":181.6,""task_id"":""roi-017""}"
181.600,BID,roi-017,r06,"{""cost"":0.2841658326942904,""sender"":""r06"",""t"":181.6,""task_id"":""roi-017""}"
182.000,ANNOUNCE,survey-10-0103,r03,"{""deadline"":183.0,""duration"":2.0,""k"":1.0,""lam"":0.00693,""n_req"":1,""p0"":0.0,""pos"":[0.2,1.0],""sender"":""r03"",""t"":182.0,""t_ref"":53.0,""task_id"":""survey-10-0103"",""type"":""survey""}"
182.000,ANNOUNCE,survey-20-0104,r06,"{""deadline"":183.0,""duration"":2.0,""k"":1.0,""lam"":0.00693,""n_req"":1,""p0"":0.0,""pos"":[0.2,1.8],""sender"":""r06"",""t"":182.0,""t_ref"":138.0,""task_id"":""survey-20-0104"",""type"":""survey""}"
182.000,ANNOUNCE,survey-22-0102,r01,"{""deadline"":183.0,""duration"":2.0,""k"":1.0,""lam"":0.00693,""n_req"":1,""p0"":0.0,""pos"":[1.0,1.8],""sender"":""r01"",""t"":182.0,""t_ref"":86.5,""task_id"":""survey-22-0102"",""type"":""survey""}"
182.000,AWARD,survey-19-0101,r05,"{""sender"":""r05"",""t"":182.0,""task_id"":""survey-19-0101"",""winners"":[""r04""]}"
182.500,AWARD,roi-017,r02,"{""sender"":""r02"",""t"":182.5,""task_id"":""roi-017"",""winners"":[""r04"",""r02""]}"
182.600,RELEASE,survey-19-0101,r04,"{""reason"":""roi_priority"",""sender"":""r04"",""t"":182.6,""task_id"":""survey-19-0101""}"
182.700,ANNOUNCE,survey-19-0101,r05,"{""deadline"":183.7,""duration"":2.0,""k"":1.0,""lam"":0.00693,""n_req"":1,""p0"":0.0,""pos"":[1.8,1.4000000000000001],""sender"":""r05"",""t"":182.7,""t_ref"":0.0,""task_id"":""survey-19-0101"",""type"":""survey""}"
183.000,FAILED,survey-22-0102,r01,{}
183.000,ANNOUNCE,survey-10-0103,r03,"{""deadline"":184.0,""duration"":2.0,""k"":1.0,""lam"":0.00693,""n_req"":1,""p0"":0.0,""pos"":[0.2,1.0],""sender"":""r03"",""t"":183.0,""t_ref"":53.0,""task_id"":""survey-10-0103"",""type"":""survey""}"
183.000,ANNOUNCE,survey-20-0104,r06,"{""deadline"":184.0,""duration"":2.0,""k"":1.0,""lam"":0.00693,""n_req"":1,""p0"":0.0,""pos"":[0.2,1.8],""sender"":""r06"",""t"":183.0,""t_ref"":138.0,""task_id"":""survey-20-0104"",""type"":""survey""}"
183.600,DONE,roi-002,r03,"{""sender"":""r03"",""t"":183.6,""task_id"":""roi-002""}"
183.700,ANNOUNCE,survey-19-0101,r05,"{""deadline"":184.7,""duration"":2.0,""k"":1.0,""lam"":0.00693,""n_req"":1,""p0"":0.0,""pos"":[1.8,1.4000000000000001],""sender"":""r05"",""t"":183.7,""t_ref"":0.0,""task_id"":""survey-19-0101"",""type"":""survey""}"
184.000,ANNOUNCE,survey-02-0105,r02,"{""deadline"":185.0,""duration"":2.0,""k"":1.0,""lam"":0.00693,""n_req"":1,""p0"":0.0,""pos"":[1.0,0.2],""sender"":""r02"",""t"":184.0,""t_ref"":164.5,""task_id"":""survey-02-0105"",""type"":""survey""}"
184.000,ANNOUNCE,survey-10-0103,r03,"{""deadline"":185.0,""duration"":2.0,""k"":1.0,""lam"":0.00693,""n_req"":1,""p0"":0.0,""pos"":[0.2,1.0],""sender"":""r03"",""t"":184.0,""t_ref"":53.0,""task_id"":""survey-10-0103"",""type"":""survey""}"
184.000,ANNOUNCE,survey-20-0104,r06,"{""deadline"":185.0,""duration"":2.0,""k"":1.0,""lam"":0.00693,""n_req"":1,""p0"":0.0,""pos"":[0.2,1.8],""sender"":""r06"",""t"":184.0,""t_ref"":138.0,""task_id"":""survey-20-0104"",""type"":""survey""}"
184.700,ANNOUNCE,survey-19-0101,r05,"{""deadline"":185.7,""duration"":2.0,""k"":1.0,""lam"":0.00693,""n_req"":1,""p0"":0.0,""pos"":[1.8,1.4000000000000001],""sender"":""r05"",""t"":184.7,""t_ref"":0.0,""task_id"":""survey-19-0101"",""type"":""survey""}"
185.000,ANNOUNCE,survey-02-0105,r02,"{""deadline"":186.0,""duration"":2.0,""k"":1.0,""lam"":0.00693,""n_req"":1,""p0"":0.0,""pos"":[1.0,0.2],""sender"":""r02"",""t"":185.0,""t_ref"":164.5,""task_id"":""survey-02-0105"",""type"":""survey""}"
185.000,FAILED,survey-10-0103,r03,{}
185.000,FAILED,survey-20-0104,r06,{}
185.700,FAILED,survey-19-0101,r05,{}
186.000,ANNOUNCE,survey-24-0106,r03,"{""deadline"":187.0,""duration"":2.0,""k"":1.0,""lam"":0.00693,""n_req"":1,""p0"":0.0,""pos"":[1.8,1.8],""sender"":""r03"",""t"":186.0,""t_ref"":0.0,""task_id"":""survey-24-0106"",""type"":""survey""}"
186.000,ANNOUNCE,survey-04-0107,r04,"{""deadline"":187.0,""duration"":2.0,""k"":1.0,""lam"":0.00693,""n_req"":1,""p0"":0.0,""pos"":[1.8,0.2],""sender"":""r04"",""t"":186.0,""t_ref"":144.0,""task_id"":""survey-04-0107"",""type"":""survey""}"
186.000,ANNOUNCE,survey-01-0108,r01,"{""deadline"":187.0,""duration"":2.0,""k"":1.0,""lam"":0.00693,""n_req"":1,""p0"":0.0,""pos"":[0.6000000000000001,0.2],""sender"":""r01"",""t"":186.0,""t_ref"":166.5,""task_id"":""survey-01-0108"",""type"":""survey""}"
186.000,ANNOUNCE,survey-02-0105,r02,"{""deadline"":187.0,""duration"":2.0,""k"":1.0,""lam"":0.00693,""n_req"":1,""p0"":0.0,""pos"":[1.0,0.2],""sender"":""r02"",""t"":186.0,""t_ref"":164.5,""task_id"":""survey-02-0105"",""type"":""survey""}"
186.500,DETECTED,roi-015,r04,"{""event_created_at"":186.38617443911878,""latency"":0.11382556088122442}"
186.500,ANNOUNCE,roi-015,r04,"{""deadline"":187.5,""duration"":10.0,""k"":1.0,""lam"":0.00693,""n_req"":3,""p0"":0.8,""pos"":[1.179478486855692,1.2740195895790134],""sender"":""r04"",""t"":186.5,""t_ref"":186.5,""task_id"":""roi-015"",""type"":""surround""}"
186.600,BID,roi-015,r00,"{""cost"":0.6639020218850762,""sender"":""r00"",""t"":186.6,""task_id"":""roi-015""}"
186.600,BID,roi-015,r01,"{""cost"":0.4849182435436953,""sender"":""r01"",""t"":186.6,""task_id"":""roi-015""}"
186.600,BID,roi-015,r02,"{""cost"":0.3856406730605433,""sender"":""r02"",""t"":186.6,""task_id"":""roi-015""}"
186.600,BID,roi-015,r03,"{""cost"":0.23361254889801997,""sender"":""r03"",""t"":186.6,""task_id"":""roi-015""}"
186.600,BID,roi-015,r04,"{""cost"":0.18866235372462453,""sender"":""r04"",""t"":186.6,""task_id"":""roi-015""}"
186.600,BID,roi-015,r05,"{""cost"":0.4878385897919708,""sender"":""r05"",""t"":186.6,""task_id"":""roi-015""}"
186.600,BID,roi-015,r06,"{""cost"":0.3111403173630437,""sender"":""r06"",""t"":186.6,""task_id"":""roi-015""}"
187.000,ANNOUNCE,survey-01-0108,r01,"{""deadline"":188.0,""duration"":2.0,""k"":1.0,""lam"":0.00693,""n_req"":1,""p0"":0.0,""pos"":[0.6000000000000001,0.2],""sender"":""r01"",""t"":187.0,""t_ref"":166.5,""task_id"":""survey-01-0108"",""type"":""survey""}"
187.000,FAILED,survey-02-0105,r02,{}
187.000,ANNOUNCE,survey-24-0106,r03,"{""deadline"":188.0,""duration"":2.0,""k"":1.0,""lam"":0.00693,""n_req"":1,""p0"":0.0,""pos"":[1.8,1.8],""sender"":""r03"",""t"":187.0,""t_ref"":0.0,""task_id"":""survey-24-0106"",""type"":""survey""}"
187.000,ANNOUNCE,survey-04-0107,r04,"{""deadline"":188.0,""duration"":2.0,""k"":1.0,""lam"":0.00693,""n_req"":1,""p0"":0.0,""pos"":[1.8,0.2],""sender"":""r04"",""t"":187.0,""t_ref"":144.0,""task_id"":""survey-04-0107"",""type"":""survey""}"
187.000,DONE,roi-010,r00,"{""sender"":""r00"",""t"":187.0,""task_id"":""roi-010""}"
187.100,BID,survey-04-0107,r05,"{""cost"":0.43609958770837315,""sender"":""r05"",""t"":187.1,""task_id"":""survey-04-0107""}"
187.500,AWARD,roi-015,r04,"{""sender"":""r04"",""t"":187.5,""task_id"":""roi-015"",""winners"":[""r04"",""r03"",""r06""]}"
187.600,RELEASE,roi-017,r04,"{""reason"":""preempted"",""sender"":""r04"",""t"":187.6,""task_id"":""roi-017""}"
187.700,ANNOUNCE,roi-017,r02,"{""deadline"":188.7,""duration"":20.0,""k"":1.0,""lam"":0.00693,""n_req"":2,""p0"":0.4,""pos"":[1.1794578626566814,1.1923922642863103],""sender"":""r02"",""t"":187.7,""t_ref"":181.5,""task_id"":""roi-017"",""type"":""push""}"
187.800,BID,roi-017,r00,"{""cost"":0.47404151001523676,""sender"":""r00"",""t"":187.8,""task_id"":""roi-017""}"
187.800,BID,roi-017,r01,"{""cost"":0.456866344182414,""sender"":""r01"",""t"":187.8,""task_id"":""roi-017""}"
187.800,BID,roi-017,r02,"{""cost"":0.20960254082250052,""sender"":""r02"",""t"":187.8,""task_id"":""roi-017""}"
187.800,BID,roi-017,r03,"{""cost"":0.393013497742968,""sender"":""r03"",""t"":187.8,""task_id"":""roi-017""}"
187.800,BID,roi-017,r04,"{""cost"":0.17666262009773465,""sender"":""r04"",""t"":187.8,""task_id"":""roi-017""}"
187.800,BID,roi-017,r05,"{""cost"":0.29896529704364544,""sender"":""r05"",""t"":187.8,""task_id"":""roi-017""}"
187.800,BID,roi-017,r06,"{""cost"":0.45083249936095704,""sender"":""r06"",""t"":187.8,""task_id"":""roi-017""}"
188.000,ANNOUNCE,survey-23-0109,r02,"{""deadline"":189.0,""duration"":2.0,""k"":1.0,""lam"":0.00693,""n_req"":1,""p0"":0.0,""pos"":[1.4000000000000001,1.8],""sender"":""r02"",""t"":188.0,""t_ref"":121.5,""task_id"":""survey-23-0109"",""type"":""survey""}"
188.000,ANNOUNCE,survey-03-0110,r03,"{""deadline"":189.0,""duration"":2.0,""k"":1.0,""lam"":0.00693,""n_req"":1,""p0"":0.0,""pos"":[1.4000000000000001,0.2],""sender"":""r03"",""t"":188.0,""t_ref"":167.0,""task_id"":""survey-03-0110"",""type"":""survey""}"
188.000,ANNOUNCE,survey-05-0111,r05,"{""deadline"":189.0,""duration"":2.0,""k"":1.0,""lam"":0.00693,""n_req"":1,""p0"":0.0,""pos"":[0.2,0.6000000000000001],""sender"":""r05"",""t"":188.0,""t_ref"":168.5,""task_id"":""survey-05-0111"",""type"":""survey""}"
188.000,ANNOUNCE,survey-01-0108,r01,"{""deadline"":189.0,""duration"":2.0,""k"":1.0,""lam"":0.00693,""n_req"":1,""p0"":0.0,""pos"":[0.6000000000000001,0.2],""sender"":""r01"",""t"":188.0,""t_ref"":166.5,""task_id"":""survey-01-0108"",""type"":""survey""}"
188.000,ANNOUNCE,survey-24-0106,r03,"{""deadline"":189.0,""duration"":2.0,""k"":1.0,""lam"":0.00693,""n_req"":1,""p0"":0.0,""pos"":[1.8,1.8],""sender"":""r03"",""t"":188.0,""t_ref"":0.0,""task_id"":""survey-24-0106"",""type"":""survey""}"
188.000,AWARD,survey-04-0107,r04,"{""sender"":""r04"",""t"":188.0,""task_id"":""survey-04-0107"",""winners"":[""r05""]}"
188.700,AWARD,roi-017,r02,"{""sender"":""r02"",""t"":188.7,""task_id"":""roi-017"",""winners"":[""r04"",""r02""]}"
189.000,FAILED,survey-01-0108,r01,{}
189.000,ANNOUNCE,survey-23-0109,r02,"{""deadline"":190.0,""duration"":2.0,""k"":1.0,""lam"":0.00693,""n_req"":1,""p0"":0.0,""pos"":[1.4000000000000001,1.8],""sender"":""r02"",""t"":189.0,""t_ref"":121.5,""task_id"":""survey-23-0109"",""type"":""survey""}"
189.000,FAILED,survey-24-0106,r03,{}
189.000,ANNOUNCE,survey-03-0110,r03,"{""deadline"":190.0,""duration"":2.0,""k"":1.0,""lam"":0.00693,""n_req"":1,""p0"":0.0,""pos"":[1.4000000000000001,0.2],""sender"":""r03"",""t"":189.0,""t_ref"":167.0,""task_id"":""survey-03-0110"",""type"":""survey""}"
189.000,ANNOUNCE,survey-05-0111,r05,"{""deadline"":190.0,""duration"":2.0,""k"":1.0,""lam"":0.00693,""n_req"":1,""p0"":0.0,""pos"":[0.2,0.6000000000000001],""sender"":""r05"",""t"":189.0,""t_ref"":168.5,""task_id"":""survey-05-0111"",""type"":""survey""}"
190.000,ANNOUNCE,survey-23-0109,r02,"{""deadline"":191.0,""duration"":2.0,""k"":1.0,""lam"":0.00693,""n_req"":1,""p0"":0.0,""pos"":[1.4000000000000001,1.8],""sender"":""r02"",""t"":190.0,""t_ref"":121.5,""task_id"":""survey-23-0109"",""type"":""survey""}"
190.000,ANNOUNCE,survey-03-0110,r03,"{""deadline"":191.0,""duration"":2.0,""k"":1.0,""lam"":0.00693,""n_req"":1,""p0"":0.0,""pos"":[1.4000000000000001,0.2],""sender"":""r03"",""t"":190.0,""t_ref"":167.0,""task_id"":""survey-03-0110"",""type"":""survey""}"
190.000,ANNOUNCE,survey-05-0111,r05,"{""deadline"":191.0,""duration"":2.0,""k"":1.0,""lam"":0.00693,""n_req"":1,""p0"":0.0,""pos"":[0.2,0.6000000000000001],""sender"":""r05"",""t"":190.0,""t_ref"":168.5,""task_id"":""survey-05-0111"",""type"":""survey""}"
191.000,FAILED,survey-23-0109,r02,{}
191.000,FAILED,survey-03-0110,r03,{}
191.000,FAILED,survey-05-0111,r05,{}
192.000,ANNOUNCE,survey-21-0112,r00,"{""deadline"":193.0,""duration"":2.0,""k"":1.0,""lam"":0.00693,""n_req"":1,""p0"":0.0,""pos"":[0.6000000000000001,1.8],""sender"":""r00"",""t"":192.0,""t_ref"":139.0,""task_id"":""survey-21-0112"",""type"":""survey""}"
192.000,ANNOUNCE,survey-09-0113,r02,"{""deadline"":193.0,""duration"":2.0,""k"":1.0,""lam"":0.00693,""n_req"":1,""p0"":0.0,""pos"":[1.8,0.6000000000000001],""sender"":""r02"",""t"":192.0,""t_ref"":150.0,""task_id"":""survey-09-0113"",""type"":""survey""}"
193.000,ANNOUNCE,survey-21-0112,r00,"{""deadline"":194.0,""duration"":2.0,""k"":1.0,""lam"":0.00693,""n_req"":1,""p0"":0.0,""pos"":[0.6000000000000001,1.8],""sender"":""r00"",""t"":193.0,""t_ref"":139.0,""task_id"":""survey-21-0112"",""type"":""survey""}"
193.000,ANNOUNCE,survey-09-0113,r02,"{""deadline"":194.0,""duration"":2.0,""k"":1.0,""lam"":0.00693,""n_req"":1,""p0"":0.0,""pos"":[1.8,0.6000000000000001],""sender"":""r02"",""t"":193.0,""t_ref"":150.0,""task_id"":""survey-09-0113"",""type"":""survey""}"
193.500,DETECTED,roi-004,r05,"{""event_created_at"":172.1085791528843,""latency"":21.39142084711571}"
193.500,ANNOUNCE,roi-004,r05,"{""deadline"":194.5,""duration"":20.0,""k"":1.0,""lam"":0.00693,""n_req"":2,""p0"":0.4,""pos"":[1.2001472041002212,0.360287141620823],""sender"":""r05"",""t"":193.5,""t_ref"":193.5,""task_id"":""roi-004"",""type"":""push""}"
193.600,BID,roi-004,r00,"{""cost"":0.31965540144710364,""sender"":""r00"",""t"":193.6,""task_id"":""roi-004""}"
193.600,BID,roi-004,r01,"{""cost"":0.509988185496393,""sender"":""r01"",""t"":193.6,""task_id"":""roi-004""}"
193.600,BID,roi-004,r02,"{""cost"":0.6286366474191716,""sender"":""r02"",""t"":193.6,""task_id"":""roi-004""}"
193.600,BID,roi-004,r03,"{""cost"":0.5303856536341178,""sender"":""r03"",""t"":193.6,""task_id"":""roi-004""}"
193.600,BID,roi-004,r04,"{""cost"":0.644973087216799,""sender"":""r04"",""t"":193.6,""task_id"":""roi-004""}"
193.600,BID,roi-004,r05,"{""cost"":0.09819082111286973,""sender"":""r05"",""t"":193.6,""task_id"":""roi-004""}"
193.600,BID,roi-004,r06,"{""cost"":0.5235431844124381,""sender"":""r06"",""t"":193.6,""task_id"":""roi-004""}"
194.000,ANNOUNCE,survey-11-0114,r04,"{""deadline"":195.0,""duration"":2.0,""k"":1.0,""lam"":0.00693,""n_req"":1,""p0"":0.0,""pos"":[0.6000000000000001,1.0],""sender"":""r04"",""t"":194.0,""t_ref"":175.5,""task_id"":""survey-11-0114"",""type"":""survey""}"
194.000,ANNOUNCE,survey-21-0112,r00,"{""deadline"":195.0,""duration"":2.0,""k"":1.0,""lam"":0.00693,""n_req"":1,""p0"":0.0,""pos"":[0.6000000000000001,1.8],""sender"":""r00"",""t"":194.0,""t_ref"":139.0,""task_id"":""survey-21-0112"",""type"":""survey""}"
194.000,ANNOUNCE,survey-09-0113,r02,"{""deadline"":195.0,""duration"":2.0,""k"":1.0,""lam"":0.00693,""n_req"":1,""p0"":0.0,""pos"":[1.8,0.6000000000000001],""sender"":""r02"",""t"":194.0,""t_ref"":150.0,""task_id"":""survey-09-0113"",""type"":""survey""}"
194.500,AWARD,roi-004,r05,"{""sender"":""r05"",""t"":194.5,""task_id"":""roi-004"",""winners"":[""r05"",""r00""]}"
194.500,DETECTED,roi-022,r05,"{""event_created_at"":191.86932503320028,""latency"":2.6306749667997167}"
194.500,ANNOUNCE,roi-022,r05,"{""deadline"":195.5,""duration"":15.0,""k"":1.0,""lam"":0.00693,""n_req"":1,""p0"":0.6,""pos"":[1.2771755883634768,0.5420925791537239],""sender"":""r05"",""t"":194.5,""t_ref"":194.5,""task_id"":""roi-022"",""type"":""guard""}"
194.600,BID,roi-022,r00,"{""cost"":0.3425672778055525,""sender"":""r00"",""t"":194.6,""task_id"":""roi-022""}"
194.600,BID,roi-022,r03,"{""cost"":0.463726044321831,""sender"":""r03"",""t"":194.6,""task_id"":""roi-022""}"
194.600,BID,roi-022,r04,"{""cost"":0.5834699727696517,""sender"":""r04"",""t"":194.6,""task_id"":""roi-022""}"
194.600,BID,roi-022,r05,"{""cost"":0.09885916203888513,""sender"":""r05"",""t"":194.6,""task_id"":""roi-022""}"
194.600,RELEASE,survey-04-0107,r05,"{""reason"":""preempted"",""sender"":""r05"",""t"":194.6,""task_id"":""survey-04-0107""}"
194.700,ANNOUNCE,survey-04-0107,r04,"{""deadline"":195.7,""duration"":2.0,""k"":1.0,""lam"":0.00693,""n_req"":1,""p0"":0.0,""pos"":[1.8,0.2],""sender"":""r04"",""t"":194.7,""t_ref"":144.0,""task_id"":""survey-04-0107"",""type"":""survey""}"
195.000,FAILED,survey-21-0112,r00,{}
195.000,FAILED,survey-09-0113,r02,{}
195.000,ANNOUNCE,survey-11-0114,r04,"{""deadline"":196.0,""duration"":2.0,""k"":1.0,""lam"":0.00693,""n_req"":1,""p0"":0.0,""pos"":[0.6000000000000001,1.0],""sender"":""r04"",""t"":195.0,""t_ref"":175.5,""task_id"":""survey-11-0114"",""type"":""survey""}"
195.000,DETECTED,roi-005,r00,"{""event_created_at"":194.93366811393582,""latency"":0.06633188606417662}"
195.000,ANNOUNCE,roi-005,r00,"{""deadline"":196.0,""duration"":15.0,""k"":1.0,""lam"":0.00693,""n_req"":1,""p0"":0.6,""pos"":[0.7398738491939159,0.4215025496825206],""sender"":""r00"",""t"":195.0,""t_ref"":195.0,""task_id"":""roi-005"",""type"":""guard""}"
195.100,BID,roi-005,r01,"{""cost"":0.5755217243448525,""sender"":""r01"",""t"":195.1,""task_id"":""roi-005""}"
195.100,BID,roi-005,r02,"{""cost"":0.6695682421397283,""sender"":""r02"",""t"":195.1,""task_id"":""roi-005""}"
195.100,BID,roi-005,r05,"{""cost"":0.2650989443314885,""sender"":""r05"",""t"":195.1,""task_id"":""roi-005""}"
195.100,BID,roi-005,r06,"{""cost"":0.5936098589972096,""sender"":""r06"",""t"":195.1,""task_id"":""roi-005""}"
195.500,AWARD,roi-022,r05,"{""sender"":""r05"",""t"":195.5,""task_id"":""roi-022"",""winners"":[""r05""]}"
195.600,RELEASE,roi-004,r05,"{""reason"":""preempted"",""sender"":""r05"",""t"":195.6,""task_id"":""roi-004""}"
195.700,ANNOUNCE,survey-04-0107,r04,"{""deadline"":196.7,""duration"":2.0,""k"":1.0,""lam"":0.00693,""n_req"":1,""p0"":0.0,""pos"":[1.8,0.2],""sender"":""r04"",""t"":195.7,""t_ref"":144.0,""task_id"":""survey-04-0107"",""type"":""survey""}"
195.700,ANNOUNCE,roi-004,r05,"{""deadline"":196.7,""duration"":20.0,""k"":1.0,""lam"":0.00693,""n_req"":2,""p0"":0.4,""pos"":[1.2001472041002212,0.360287141620823],""sender"":""r05"",""t"":195.7,""t_ref"":193.5,""task_id"":""roi-004"",""type"":""push""}"
195.800,BID,roi-004,r00,"{""cost"":0.31965540144710364,""sender"":""r00"",""t"":195.8,""task_id"":""roi-004""}"
195.800,BID,roi-004,r03,"{""cost"":0.5303856536341178,""sender"":""r03"",""t"":195.8,""task_id"":""roi-004""}"
195.800,BID,roi-004,r04,"{""cost"":0.644973087216799,""sender"":""r04"",""t"":195.8,""task_id"":""roi-004""}"
195.800,BID,roi-004,r05,"{""cost"":0.2366866801268958,""sender"":""r05"",""t"":195.8,""task_id"":""roi-004""}"
196.000,ANNOUNCE,survey-16-0115,r02,"{""deadline"":197.0,""duration"":2.0,""k"":1.0,""lam"":0.00693,""n_req"":1,""p0"":0.0,""pos"":[0.6000000000000001,1.4000000000000001],""sender"":""r02"",""t"":196.0,""t_ref"":176.5,""task_id"":""survey-16-0115"",""type"":""survey""}"
196.000,AWARD,roi-005,r00,"{""sender"":""r00"",""t"":196.0,""task_id"":""roi-005"",""winners"":[""r05""]}"
196.000,ANNOUNCE,survey-11-0114,r04,"{""deadline"":197.0,""duration"":2.0,""k"":1.0,""lam"":0.00693,""n_req"":1,""p0"":0.0,""pos"":[0.6000000000000001,1.0],""sender"":""r04"",""t"":196.0,""t_ref"":175.5,""task_id"":""survey-11-0114"",""type"":""survey""}"
196.700,ANNOUNCE,survey-04-0107,r04,"{""deadline"":197.7,""duration"":2.0,""k"":1.0,""lam"":0.00693,""n_req"":1,""p0"":0.0,""pos"":[1.8,0.2],""sender"":""r04"",""t"":196.7,""t_ref"":144.0,""task_id"":""survey-04-0107"",""type"":""survey""}"
196.700,AWARD,roi-004,r05,"{""sender"":""r05"",""t"":196.7,""task_id"":""roi-004"",""winners"":[""r05"",""r00""]}"
197.000,ANNOUNCE,survey-16-0115,r02,"{""deadline"":198.0,""duration"":2.0,""k"":1.0,""lam"":0.00693,""n_req"":1,""p0"":0.0,""pos"":[0.6000000000000001,1.4000000000000001],""sender"":""r02"",""t"":197.0,""t_ref"":176.5,""task_id"":""survey-16-0115"",""type"":""survey""}"
197.000,FAILED,survey-11-0114,r04,{}
197.300,DONE,roi-008,r02,"{""sender"":""r02"",""t"":197.3,""task_id"":""roi-008""}"
197.700,FAILED,survey-04-0107,r04,{}
198.000,ANNOUNCE,survey-14-0116,r00,"{""deadline"":199.0,""duration"":2.0,""k"":1.0,""lam"":0.00693,""n_req"":1,""p0"":0.0,""pos"":[1.8,1.0],""sender"":""r00"",""t"":198.0,""t_ref"":179.0,""task_id"":""survey-14-0116"",""type"":""survey""}"
198.000,ANNOUNCE,survey-16-0115,r02,"{""deadline"":199.0,""duration"":2.0,""k"":1.0,""lam"":0.00693,""n_req"":1,""p0"":0.0,""pos"":[0.6000000000000001,1.4000000000000001],""sender"":""r02"",""t"":198.0,""t_ref"":176.5,""task_id"":""survey-16-0115"",""type"":""survey""}"
199.000,ANNOUNCE,survey-14-0116,r00,"{""deadline"":200.0,""duration"":2.0,""k"":1.0,""lam"":0.00693,""n_req"":1,""p0"":0.0,""pos"":[1.8,1.0],""sender"":""r00"",""t"":199.0,""t_ref"":179.0,""task_id"":""survey-14-0116"",""type"":""survey""}"
199.000,FAILED,survey-16-0115,r02,{}
200.000,ANNOUNCE,survey-15-0117,r01,"{""deadline"":201.0,""duration"":2.0,""k"":1.0,""lam"":0.00693,""n_req"":1,""p0"":0.0,""pos"":[0.2,1.4000000000000001],""sender"":""r01"",""t"":200.0,""t_ref"":0.0,""task_id"":""survey-15-0117"",""type"":""survey""}"
200.000,ANNOUNCE,survey-14-0116,r00,"{""deadline"":201.0,""duration"":2.0,""k"":1.0,""lam"":0.00693,""n_req"":1,""p0"":0.0,""pos"":[1.8,1.0],""sender"":""r00"",""t"":200.0,""t_ref"":179.0,""task_id"":""survey-14-0116"",""type"":""survey""}"
201.000,FAILED,survey-14-0116,r00,{}
201.000,ANNOUNCE,survey-15-0117,r01,"{""deadline"":202.0,""duration"":2.0,""k"":1.0,""lam"":0.00693,""n_req"":1,""p0"":0.0,""pos"":[0.2,1.4000000000000001],""sender"":""r01"",""t"":201.0,""t_ref"":0.0,""task_id"":""survey-15-0117"",""type"":""survey""}"
201.400,DONE,roi-024,r01,"{""sender"":""r01"",""t"":201.4,""task_id"":""roi-024""}"
202.000,ANNOUNCE,survey-22-0118,r01,"{""deadline"":203.0,""duration"":2.0,""k"":1.0,""lam"":0.00693,""n_req"":1,""p0"":0.0,""pos"":[1.0,1.8],""sender"":""r01"",""t"":202.0,""t_ref"":86.5,""task_id"":""survey-22-0118"",""type"":""survey""}"
202.000,ANNOUNCE,survey-15-0117,r01,"{""deadline"":203.0,""duration"":2.0,""k"":1.0,""lam"":0.00693,""n_req"":1,""p0"":0.0,""pos"":[0.2,1.4000000000000001],""sender"":""r01"",""t"":202.0,""t_ref"":0.0,""task_id"":""survey-15-0117"",""type"":""survey""}"
203.000,FAILED,survey-15-0117,r01,{}
203.000,ANNOUNCE,survey-22-0118,r01,"{""deadline"":204.0,""duration"":2.0,""k"":1.0,""lam"":0.00693,""n_req"":1,""p0"":0.0,""pos"":[1.0,1.8],""sender"":""r01"",""t"":203.0,""t_ref"":86.5,""task_id"":""survey-22-0118"",""type"":""survey""}"
204.000,ANNOUNCE,survey-19-0119,r05,"{""deadline"":205.0,""duration"":2.0,""k"":1.0,""lam"":0.00693,""n_req"":1,""p0"":0.0,""pos"":[1.8,1.4000000000000001],""sender"":""r05"",""t"":204.0,""t_ref"":0.0,""task_id"":""survey-19-0119"",""type"":""survey""}"
204.000,ANNOUNCE,survey-10-0120,r03,"{""deadline"":205.0,""duration"":2.0,""k"":1.0,""lam"":0.00693,""n_req"":1,""p0"":0.0,""pos"":[0.2,1.0],""sender"":""r03"",""t"":204.0,""t_ref"":53.0,""task_id"":""survey-10-0120"",""type"":""survey""}"
204.000,ANNOUNCE,survey-20-0121,r06,"{""deadline"":205.0,""duration"":2.0,""k"":1.0,""lam"":0.00693,""n_req"":1,""p0"":0.0,""pos"":[0.2,1.8],""sender"":""r06"",""t"":204.0,""t_ref"":138.0,""task_id"":""survey-20-0121"",""type"":""survey""}"
204.000,ANNOUNCE,survey-22-0118,r01,"{""deadline"":205.0,""duration"":2.0,""k"":1.0,""lam"":0.00693,""n_req"":1,""p0"":0.0,""pos"":[1.0,1.8],""sender"":""r01"",""t"":204.0,""t_ref"":86.5,""task_id"":""survey-22-0118"",""type"":""survey""}"
205.000,FAILED,survey-22-0118,r01,{}
205.000,ANNOUNCE,survey-10-0120,r03,"{""deadline"":206.0,""duration"":2.0,""k"":1.0,""lam"":0.00693,""n_req"":1,""p0"":0.0,""pos"":[0.2,1.0],""sender"":""r03"",""t"":205.0,""t_ref"":53.0,""task_id"":""survey-10-0120"",""type"":""survey""}"
205.000,ANNOUNCE,survey-19-0119,r05,"{""deadline"":206.0,""duration"":2.0,""k"":1.0,""lam"":0.00693,""n_req"":1,""p0"":0.0,""pos"":[1.8,1.4000000000000001],""sender"":""r05"",""t"":205.0,""t_ref"":0.0,""task_id"":""survey-19-0119"",""type"":""survey""}"
205.000,ANNOUNCE,survey-20-0121,r06,"{""deadline"":206.0,""duration"":2.0,""k"":1.0,""lam"":0.00693,""n_req"":1,""p0"":0.0,""pos"":[0.2,1.8],""sender"":""r06"",""t"":205.0,""t_ref"":138.0,""task_id"":""survey-20-0121"",""type"":""survey""}"
205.100,DONE,roi-013,r00,"{""sender"":""r00"",""t"":205.1,""task_id"":""roi-013""}"
206.000,ANNOUNCE,survey-10-0120,r03,"{""deadline"":207.0,""duration"":2.0,""k"":1.0,""lam"":0.00693,""n_req"":1,""p0"":0.0,""pos"":[0.2,1.0],""sender"":""r03"",""t"":206.0,""t_ref"":53.0,""task_id"":""survey-10-0120"",""type"":""survey""}"
206.000,ANNOUNCE,survey-19-0119,r05,"{""deadline"":207.0,""duration"":2.0,""k"":1.0,""lam"":0.00693,""n_req"":1,""p0"":0.0,""pos"":[1.8,1.4000000000000001],""sender"":""r05"",""t"":206.0,""t_ref"":0.0,""task_id"":""survey-19-0119"",""type"":""survey""}"
206.000,ANNOUNCE,survey-20-0121,r06,"{""deadline"":207.0,""duration"":2.0,""k"":1.0,""lam"":0.00693,""n_req"":1,""p0"":0.0,""pos"":[0.2,1.8],""sender"":""r06"",""t"":206.0,""t_ref"":138.0,""task_id"":""survey-20-0121"",""type"":""survey""}"
207.000,FAILED,survey-10-0120,r03,{}
207.000,FAILED,survey-19-0119,r05,{}
207.000,FAILED,survey-20-0121,r06,{}
208.000,ANNOUNCE,survey-24-0122,r03,"{""deadline"":209.0,""duration"":2.0,""k"":1.0,""lam"":0.00693,""n_req"":1,""p0"":0.0,""pos"":[1.8,1.8],""sender"":""r03"",""t"":208.0,""t_ref"":0.0,""task_id"":""survey-24-0122"",""type"":""survey""}"
208.000,ANNOUNCE,survey-01-0123,r01,"{""deadline"":209.0,""duration"":2.0,""k"":1.0,""lam"":0.00693,""n_req"":1,""p0"":0.0,""pos"":[0.6000000000000001,0.2],""sender"":""r01"",""t"":208.0,""t_ref"":166.5,""task_id"":""survey-01-0123"",""type"":""survey""}"
208.000,DETECTED,roi-012,r05,"{""event_created_at"":207.59244224005488,""latency"":0.4075577599451208}"
208.000,ANNOUNCE,roi-012,r05,"{""deadline"":209.0,""duration"":20.0,""k"":1.0,""lam"":0.00693,""n_req"":2,""p0"":0.4,""pos"":[1.123091829407452,0.5293702227466385],""sender"":""r05"",""t"":208.0,""t_ref"":208.0,""task_id"":""roi-012"",""type"":""push""}"
208.100,BID,roi-012,r00,"{""cost"":0.24892612749464876,""sender"":""r00"",""t"":208.1,""task_id"":""roi-012""}"
208.100,BID,roi-012,r03,"{""cost"":0.419180823100582,""sender"":""r03"",""t"":208.1,""task_id"":""roi-012""}"
208.100,BID,roi-012,r04,"{""cost"":0.5854978768860961,""sender"":""r04"",""t"":208.1,""task_id"":""roi-012""}"
208.100,BID,roi-012,r06,"{""cost"":0.42011335138331807,""sender"":""r06"",""t"":208.1,""task_id"":""roi-012""}"
208.100,RELEASE,survey-00-0070,r00,"{""reason"":""coordination_timeout"",""sender"":""r00"",""t"":208.1,""task_id"":""survey-00-0070""}"
208.100,ANNOUNCE,survey-00-0070,r00,"{""deadline"":209.1,""duration"":2.0,""k"":1.0,""lam"":0.00693,""n_req"":1,""p0"":0.0,""pos"":[0.2,0.2],""sender"":""r00"",""t"":208.1,""t_ref"":7.5,""task_id"":""survey-00-0070"",""type"":""survey""}"
209.000,ANNOUNCE,survey-01-0123,r01,"{""deadline"":210.0,""duration"":2.0,""k"":1.0,""lam"":0.00693,""n_req"":1,""p0"":0.0,""pos"":[0.6000000000000001,0.2],""sender"":""r01"",""t"":209.0,""t_ref"":166.5,""task_id"":""survey-01-0123"",""type"":""survey""}"
209.000,ANNOUNCE,survey-24-0122,r03,"{""deadline"":210.0,""duration"":2.0,""k"":1.0,""lam"":0.00693,""n_req"":1,""p0"":0.0,""pos"":[1.8,1.8],""sender"":""r03"",""t"":209.0,""t_ref"":0.0,""task_id"":""survey-24-0122"",""type"":""survey""}"
209.000,AWARD,roi-012,r05,"{""sender"":""r05"",""t"":209.0,""task_id"":""roi-012"",""winners"":[""r00"",""r03""]}"
209.100,ANNOUNCE,survey-00-0070,r00,"{""deadline"":210.1,""duration"":2.0,""k"":1.0,""lam"":0.00693,""n_req"":1,""p0"":0.0,""pos"":[0.2,0.2],""sender"":""r00"",""t"":209.1,""t_ref"":7.5,""task_id"":""survey-00-0070"",""type"":""survey""}"
210.000,ANNOUNCE,survey-23-0124,r02,"{""deadline"":211.0,""duration"":2.0,""k"":1.0,""lam"":0.00693,""n_req"":1,""p0"":0.0,""pos"":[1.4000000000000001,1.8],""sender"":""r02"",""t"":210.0,""t_ref"":121.5,""task_id"":""survey-23-0124"",""type"":""survey""}"
210.000,ANNOUNCE,survey-05-0125,r05,"{""deadline"":211.0,""duration"":2.0,""k"":1.0,""lam"":0.00693,""n_req"":1,""p0"":0.0,""pos"":[0.2,0.6000000000000001],""sender"":""r05"",""t"":210.0,""t_ref"":168.5,""task_id"":""survey-05-0125"",""type"":""survey""}"
210.000,ANNOUNCE,survey-01-0123,r01,"{""deadline"":211.0,""duration"":2.0,""k"":1.0,""lam"":0.00693,""n_req"":1,""p0"":0.0,""pos"":[0.6000000000000001,0.2],""sender"":""r01"",""t"":210.0,""t_ref"":166.5,""task_id"":""survey-01-0123"",""type"":""survey""}"
210.000,ANNOUNCE,survey-24-0122,r03,"{""deadline"":211.0,""duration"":2.0,""k"":1.0,""lam"":0.00693,""n_req"":1,""p0"":0.0,""pos"":[1.8,1.8],""sender"":""r03"",""t"":210.0,""t_ref"":0.0,""task_id"":""survey-24-0122"",""type"":""survey""}"
210.100,ANNOUNCE,survey-00-0070,r00,"{""deadline"":211.1,""duration"":2.0,""k"":1.0,""lam"":0.00693,""n_req"":1,""p0"":0.0,""pos"":[0.2,0.2],""sender"":""r00"",""t"":210.1,""t_ref"":7.5,""task_id"":""survey-00-0070"",""type"":""survey""}"
211.000,FAILED,survey-01-0123,r01,{}
211.000,ANNOUNCE,survey-23-0124,r02,"{""deadline"":212.0,""duration"":2.0,""k"":1.0,""lam"":0.00693,""n_req"":1,""p0"":0.0,""pos"":[1.4000000000000001,1.8],""sender"":""r02"",""t"":211.0,""t_ref"":121.5,""task_id"":""survey-23-0124"",""type"":""survey""}"
211.000,FAILED,survey-24-0122,r03,{}
211.000,ANNOUNCE,survey-05-0125,r05,"{""deadline"":212.0,""duration"":2.0,""k"":1.0,""lam"":0.00693,""n_req"":1,""p0"":0.0,""pos"":[0.2,0.6000000000000001],""sender"":""r05"",""t"":211.0,""t_ref"":168.5,""task_id"":""survey-05-0125"",""type"":""survey""}"
211.100,FAILED,survey-00-0070,r00,{}
212.000,ANNOUNCE,survey-23-0124,r02,"{""deadline"":213.0,""duration"":2.0,""k"":1.0,""lam"":0.00693,""n_req"":1,""p0"":0.0,""pos"":[1.4000000000000001,1.8],""sender"":""r02"",""t"":212.0,""t_ref"":121.5,""task_id"":""survey-23-0124"",""type"":""survey""}"
212.000,ANNOUNCE,survey-05-0125,r05,"{""deadline"":213.0,""duration"":2.0,""k"":1.0,""lam"":0.00693,""n_req"":1,""p0"":0.0,""pos"":[0.2,0.6000000000000001],""sender"":""r05"",""t"":212.0,""t_ref"":168.5,""task_id"":""survey-05-0125"",""type"":""survey""}"
213.000,FAILED,survey-23-0124,r02,{}
213.000,FAILED,survey-05-0125,r05,{}
214.000,ANNOUNCE,survey-21-0126,r00,"{""deadline"":215.0,""duration"":2.0,""k"":1.0,""lam"":0.00693,""n_req"":1,""p0"":0.0,""pos"":[0.6000000000000001,1.8],""sender"":""r00"",""t"":214.0,""t_ref"":139.0,""task_id"":""survey-21-0126"",""type"":""survey""}"
214.000,ANNOUNCE,survey-09-0127,r02,"{""deadline"":215.0,""duration"":2.0,""k"":1.0,""lam"":0.00693,""n_req"":1,""p0"":0.0,""pos"":[1.8,0.6000000000000001],""sender"":""r02"",""t"":214.0,""t_ref"":150.0,""task_id"":""survey-09-0127"",""type"":""survey""}"
214.900,DONE,roi-022,r05,"{""sender"":""r05"",""t"":214.9,""task_id"":""roi-022""}"
215.000,ANNOUNCE,survey-21-0126,r00,"{""deadline"":216.0,""duration"":2.0,""k"":1.0,""lam"":0.00693,""n_req"":1,""p0"":0.0,""pos"":[0.6000000000000001,1.8],""sender"":""r00"",""t"":215.0,""t_ref"":139.0,""task_id"":""survey-21-0126"",""type"":""survey""}"
215.000,ANNOUNCE,survey-09-0127,r02,"{""deadline"":216.0,""duration"":2.0,""k"":1.0,""lam"":0.00693,""n_req"":1,""p0"":0.0,""pos"":[1.8,0.6000000000000001],""sender"":""r02"",""t"":215.0,""t_ref"":150.0,""task_id"":""survey-09-0127"",""type"":""survey""}"
216.000,ANNOUNCE,survey-04-0128,r04,"{""deadline"":217.0,""duration"":2.0,""k"":1.0,""lam"":0.00693,""n_req"":1,""p0"":0.0,""pos"":[1.8,0.2],""sender"":""r04"",""t"":216.0,""t_ref"":144.0,""task_id"":""survey-04-0128"",""type"":""survey""}"
216.000,ANNOUNCE,survey-11-0129,r04,"{""deadline"":217.0,""duration"":2.0,""k"":1.0,""lam"":0.00693,""n_req"":1,""p0"":0.0,""pos"":[0.6000000000000001,1.0],""sender"":""r04"",""t"":216.0,""t_ref"":175.5,""task_id"":""survey-11-0129"",""type"":""survey""}"
216.000,ANNOUNCE,survey-21-0126,r00,"{""deadline"":217.0,""duration"":2.0,""k"":1.0,""lam"":0.00693,""n_req"":1,""p0"":0.0,""pos"":[0.6000000000000001,1.8],""sender"":""r00"",""t"":216.0,""t_ref"":139.0,""task_id"":""survey-21-0126"",""type"":""survey""}"
216.000,ANNOUNCE,survey-09-0127,r02,"{""deadline"":217.0,""duration"":2.0,""k"":1.0,""lam"":0.00693,""n_req"":1,""p0"":0.0,""pos"":[1.8,0.6000000000000001],""sender"":""r02"",""t"":216.0,""t_ref"":150.0,""task_id"":""survey-09-0127"",""type"":""survey""}"
217.000,FAILED,survey-21-0126,r00,{}
217.000,FAILED,survey-09-0127,r02,{}
217.000,ANNOUNCE,survey-04-0128,r04,"{""deadline"":218.0,""duration"":2.0,""k"":1.0,""lam"":0.00693,""n_req"":1,""p0"":0.0,""pos"":[1.8,0.2],""sender"":""r04"",""t"":217.0,""t_ref"":144.0,""task_id"":""survey-04-0128"",""type"":""survey""}"
217.000,ANNOUNCE,survey-11-0129,r04,"{""deadline"":218.0,""duration"":2.0,""k"":1.0,""lam"":0.00693,""n_req"":1,""p0"":0.0,""pos"":[0.6000000000000001,1.0],""sender"":""r04"",""t"":217.0,""t_ref"":175.5,""task_id"":""survey-11-0129"",""type"":""survey""}"
217.400,DONE,roi-015,r03,"{""sender"":""r03"",""t"":217.4,""task_id"":""roi-015""}"
218.000,ANNOUNCE,survey-16-0130,r02,"{""deadline"":219.0,""duration"":2.0,""k"":1.0,""lam"":0.00693,""n_req"":1,""p0"":0.0,""pos"":[0.6000000000000001,1.4000000000000001],""sender"":""r02"",""t"":218.0,""t_ref"":176.5,""task_id"":""survey-16-0130"",""type"":""survey""}"
218.000,ANNOUNCE,survey-04-0128,r04,"{""deadline"":219.0,""duration"":2.0,""k"":1.0,""lam"":0.00693,""n_req"":1,""p0"":0.0,""pos"":[1.8,0.2],""sender"":""r04"",""t"":218.0,""t_ref"":144.0,""task_id"":""survey-04-0128"",""type"":""survey""}"
218.000,ANNOUNCE,survey-11-0129,r04,"{""deadline"":219.0,""duration"":2.0,""k"":1.0,""lam"":0.00693,""n_req"":1,""p0"":0.0,""pos"":[0.6000000000000001,1.0],""sender"":""r04"",""t"":218.0,""t_ref"":175.5,""task_id"":""survey-11-0129"",""type"":""survey""}"
218.100,BID,survey-04-0128,r06,"{""cost"":0.4272377802985564,""sender"":""r06"",""t"":218.1,""task_id"":""survey-04-0128""}"
219.000,ANNOUNCE,survey-16-0130,r02,"{""deadline"":220.0,""duration"":2.0,""k"":1.0,""lam"":0.00693,""n_req"":1,""p0"":0.0,""pos"":[0.6000000000000001,1.4000000000000001],""sender"":""r02"",""t"":219.0,""t_ref"":176.5,""task_id"":""survey-16-0130"",""type"":""survey""}"
219.000,FAILED,survey-11-0129,r04,{}
219.000,AWARD,survey-04-0128,r04,"{""sender"":""r04"",""t"":219.0,""task_id"":""survey-04-0128"",""winners"":[""r06""]}"
220.000,ANNOUNCE,survey-14-0131,r00,"{""deadline"":221.0,""duration"":2.0,""k"":1.0,""lam"":0.00693,""n_req"":1,""p0"":0.0,""pos"":[1.8,1.0],""sender"":""r00"",""t"":220.0,""t_ref"":179.0,""task_id"":""survey-14-0131"",""type"":""survey""}"
220.000,ANNOUNCE,survey-16-0130,r02,"{""deadline"":221.0,""duration"":2.0,""k"":1.0,""lam"":0.00693,""n_req"":1,""p0"":0.0,""pos"":[0.6000000000000001,1.4000000000000001],""sender"":""r02"",""t"":220.0,""t_ref"":176.5,""task_id"":""survey-16-0130"",""type"":""survey""}"
221.000,ANNOUNCE,survey-14-0131,r00,"{""deadline"":222.0,""duration"":2.0,""k"":1.0,""lam"":0.00693,""n_req"":1,""p0"":0.0,""pos"":[1.8,1.0],""sender"":""r00"",""t"":221.0,""t_ref"":179.0,""task_id"":""survey-14-0131"",""type"":""survey""}"
221.000,FAILED,survey-16-0130,r02,{}
222.000,ANNOUNCE,survey-15-0132,r01,"{""deadline"":223.0,""duration"":2.0,""k"":1.0,""lam"":0.00693,""n_req"":1,""p0"":0.0,""pos"":[0.2,1.4000000000000001],""sender"":""r01"",""t"":222.0,""t_ref"":0.0,""task_id"":""survey-15-0132"",""type"":""survey""}"
222.000,ANNOUNCE,survey-14-0131,r00,"{""deadline"":223.0,""duration"":2.0,""k"":1.0,""lam"":0.00693,""n_req"":1,""p0"":0.0,""pos"":[1.8,1.0],""sender"":""r00"",""t"":222.0,""t_ref"":179.0,""task_id"":""survey-14-0131"",""type"":""survey""}"
223.000,FAILED,survey-14-0131,r00,{}
223.000,ANNOUNCE,survey-15-0132,r01,"{""deadline"":224.0,""duration"":2.0,""k"":1.0,""lam"":0.00693,""n_req"":1,""p0"":0.0,""pos"":[0.2,1.4000000000000001],""sender"":""r01"",""t"":223.0,""t_ref"":0.0,""task_id"":""survey-15-0132"",""type"":""survey""}"
224.000,ANNOUNCE,survey-22-0133,r01,"{""deadline"":225.0,""duration"":2.0,""k"":1.0,""lam"":0.00693,""n_req"":1,""p0"":0.0,""pos"":[1.0,1.8],""sender"":""r01"",""t"":224.0,""t_ref"":86.5,""task_id"":""survey-22-0133"",""type"":""survey""}"
224.000,ANNOUNCE,survey-15-0132,r01,"{""deadline"":225.0,""duration"":2.0,""k"":1.0,""lam"":0.00693,""n_req"":1,""p0"":0.0,""pos"":[0.2,1.4000000000000001],""sender"":""r01"",""t"":224.0,""t_ref"":0.0,""task_id"":""survey-15-0132"",""type"":""survey""}"
225.000,FAILED,survey-15-0132,r01,{}
225.000,ANNOUNCE,survey-22-0133,r01,"{""deadline"":226.0,""duration"":2.0,""k"":1.0,""lam"":0.00693,""n_req"":1,""p0"":0.0,""pos"":[1.0,1.8],""sender"":""r01"",""t"":225.0,""t_ref"":86.5,""task_id"":""survey-22-0133"",""type"":""survey""}"
225.900,DONE,roi-001,r01,"{""sender"":""r01"",""t"":225.9,""task_id"":""roi-001""}"
226.000,ANNOUNCE,survey-19-0134,r05,"{""deadline"":227.0,""duration"":2.0,""k"":1.0,""lam"":0.00693,""n_req"":1,""p0"":0.0,""pos"":[1.8,1.4000000000000001],""sender"":""r05"",""t"":226.0,""t_ref"":0.0,""task_id"":""survey-19-0134"",""type"":""survey""}"
226.000,ANNOUNCE,survey-10-0135,r03,"{""deadline"":227.0,""duration"":2.0,""k"":1.0,""lam"":0.00693,""n_req"":1,""p0"":0.0,""pos"":[0.2,1.0],""sender"":""r03"",""t"":226.0,""t_ref"":53.0,""task_id"":""survey-10-0135"",""type"":""survey""}"
226.000,ANNOUNCE,survey-20-0136,r06,"{""deadline"":227.0,""duration"":2.0,""k"":1.0,""lam"":0.00693,""n_req"":1,""p0"":0.0,""pos"":[0.2,1.8],""sender"":""r06"",""t"":226.0,""t_ref"":138.0,""task_id"":""survey-20-0136"",""type"":""survey""}"
226.000,ANNOUNCE,survey-22-0133,r01,"{""deadline"":227.0,""duration"":2.0,""k"":1.0,""lam"":0.00693,""n_req"":1,""p0"":0.0,""pos"":[1.0,1.8],""sender"":""r01"",""t"":226.0,""t_ref"":86.5,""task_id"":""survey-22-0133"",""type"":""survey""}"
226.100,BID,survey-10-0135,r01,"{""cost"":0.49166979257940424,""sender"":""r01"",""t"":226.1,""task_id"":""survey-10-0135""}"
227.000,FAILED,survey-22-0133,r01,{}
227.000,AWARD,survey-10-0135,r03,"{""sender"":""r03"",""t"":227.0,""task_id"":""survey-10-0135"",""winners"":[""r01""]}"
227.000,ANNOUNCE,survey-19-0134,r05,"{""deadline"":228.0,""duration"":2.0,""k"":1.0,""lam"":0.00693,""n_req"":1,""p0"":0.0,""pos"":[1.8,1.4000000000000001],""sender"":""r05"",""t"":227.0,""t_ref"":0.0,""task_id"":""survey-19-0134"",""type"":""survey""}"
227.000,ANNOUNCE,survey-20-0136,r06,"{""deadline"":228.0,""duration"":2.0,""k"":1.0,""lam"":0.00693,""n_req"":1,""p0"":0.0,""pos"":[0.2,1.8],""sender"":""r06"",""t"":227.0,""t_ref"":138.0,""task_id"":""survey-20-0136"",""type"":""survey""}"
228.000,ANNOUNCE,survey-19-0134,r05,"{""deadline"":229.0,""duration"":2.0,""k"":1.0,""lam"":0.00693,""n_req"":1,""p0"":0.0,""pos"":[1.8,1.4000000000000001],""sender"":""r05"",""t"":228.0,""t_ref"":0.0,""task_id"":""survey-19-0134"",""type"":""survey""}"
228.000,ANNOUNCE,survey-20-0136,r06,"{""deadline"":229.0,""duration"":2.0,""k"":1.0,""lam"":0.00693,""n_req"":1,""p0"":0.0,""pos"":[0.2,1.8],""sender"":""r06"",""t"":228.0,""t_ref"":138.0,""task_id"":""survey-20-0136"",""type"":""survey""}"
228.000,DETECTED,roi-018,r05,"{""event_created_at"":227.56237464125618,""latency"":0.4376253587438157}"
228.000,ANNOUNCE,roi-018,r05,"{""deadline"":229.0,""duration"":15.0,""k"":1.0,""lam"":0.00693,""n_req"":1,""p0"":0.6,""pos"":[0.657213401300583,0.6498346797457903],""sender"":""r05"",""t"":228.0,""t_ref"":228.0,""task_id"":""roi-018"",""type"":""guard""}"
228.100,BID,roi-018,r00,"{""cost"":0.539592166523296,""sender"":""r00"",""t"":228.1,""task_id"":""roi-018""}"
228.100,BID,roi-018,r01,"{""cost"":0.28837929508114485,""sender"":""r01"",""t"":228.1,""task_id"":""roi-018""}"
228.100,BID,roi-018,r02,"{""cost"":0.44104357893934054,""sender"":""r02"",""t"":228.1,""task_id"":""roi-018""}"
228.100,BID,roi-018,r03,"{""cost"":0.33529298152348913,""sender"":""r03"",""t"":228.1,""task_id"":""roi-018""}"
228.100,BID,roi-018,r04,"{""cost"":0.43969506151048454,""sender"":""r04"",""t"":228.1,""task_id"":""roi-018""}"
228.100,BID,roi-018,r05,"{""cost"":0.42139557354385093,""sender"":""r05"",""t"":228.1,""task_id"":""roi-018""}"
228.100,BID,roi-018,r06,"{""cost"":0.2966511223279882,""sender"":""r06"",""t"":228.1,""task_id"":""roi-018""}"
229.000,FAILED,survey-19-0134,r05,{}
229.000,AWARD,roi-018,r05,"{""sender"":""r05"",""t"":229.0,""task_id"":""roi-018"",""winners"":[""r01""]}"
229.000,FAILED,survey-20-0136,r06,{}
229.100,RELEASE,survey-10-0135,r01,"{""reason"":""preempted"",""sender"":""r01"",""t"":229.1,""task_id"":""survey-10-0135""}"
229.200,ANNOUNCE,survey-10-0135,r03,"{""deadline"":230.2,""duration"":2.0,""k"":1.0,""lam"":0.00693,""n_req"":1,""p0"":0.0,""pos"":[0.2,1.0],""sender"":""r03"",""t"":229.2,""t_ref"":53.0,""task_id"":""survey-10-0135"",""type"":""survey""}"
230.000,ANNOUNCE,survey-24-0137,r03,"{""deadline"":231.0,""duration"":2.0,""k"":1.0,""lam"":0.00693,""n_req"":1,""p0"":0.0,""pos"":[1.8,1.8],""sender"":""r03"",""t"":230.0,""t_ref"":0.0,""task_id"":""survey-24-0137"",""type"":""survey""}"
230.000,ANNOUNCE,survey-00-0138,r00,"{""deadline"":231.0,""duration"":2.0,""k"":1.0,""lam"":0.00693,""n_req"":1,""p0"":0.0,""pos"":[0.2,0.2],""sender"":""r00"",""t"":230.0,""t_ref"":7.5,""task_id"":""survey-00-0138"",""type"":""survey""}"
230.200,ANNOUNCE,survey-10-0135,r03,"{""deadline"":231.2,""duration"":2.0,""k"":1.0,""lam"":0.00693,""n_req"":1,""p0"":0.0,""pos"":[0.2,1.0],""sender"":""r03"",""t"":230.2,""t_ref"":53.0,""task_id"":""survey-10-0135"",""type"":""survey""}"
231.000,ANNOUNCE,survey-00-0138,r00,"{""deadline"":232.0,""duration"":2.0,""k"":1.0,""lam"":0.00693,""n_req"":1,""p0"":0.0,""pos"":[0.2,0.2],""sender"":""r00"",""t"":231.0,""t_ref"":7.5,""task_id"":""survey-00-0138"",""type"":""survey""}"
231.000,ANNOUNCE,survey-24-0137,r03,"{""deadline"":232.0,""duration"":2.0,""k"":1.0,""lam"":0.00693,""n_req"":1,""p0"":0.0,""pos"":[1.8,1.8],""sender"":""r03"",""t"":231.0,""t_ref"":0.0,""task_id"":""survey-24-0137"",""type"":""survey""}"
231.200,ANNOUNCE,survey-10-0135,r03,"{""deadline"":232.2,""duration"":2.0,""k"":1.0,""lam"":0.00693,""n_req"":1,""p0"":0.0,""pos"":[0.2,1.0],""sender"":""r03"",""t"":231.2,""t_ref"":53.0,""task_id"":""survey-10-0135"",""type"":""survey""}"
232.000,ANNOUNCE,survey-23-0139,r02,"{""deadline"":233.0,""duration"":2.0,""k"":1.0,""lam"":0.00693,""n_req"":1,""p0"":0.0,""pos"":[1.4000000000000001,1.8],""sender"":""r02"",""t"":232.0,""t_ref"":121.5,""task_id"":""survey-23-0139"",""type"":""survey""}"
232.000,ANNOUNCE,survey-05-0140,r05,"{""deadline"":233.0,""duration"":2.0,""k"":1.0,""lam"":0.00693,""n_req"":1,""p0"":0.0,""pos"":[0.2,0.6000000000000001],""sender"":""r05"",""t"":232.0,""t_ref"":168.5,""task_id"":""survey-05-0140"",""type"":""survey""}"
232.000,ANNOUNCE,survey-00-0138,r00,"{""deadline"":233.0,""duration"":2.0,""k"":1.0,""lam"":0.00693,""n_req"":1,""p0"":0.0,""pos"":[0.2,0.2],""sender"":""r00"",""t"":232.0,""t_ref"":7.5,""task_id"":""survey-00-0138"",""type"":""survey""}"
232.000,ANNOUNCE,survey-24-0137,r03,"{""deadline"":233.0,""duration"":2.0,""k"":1.0,""lam"":0.00693,""n_req"":1,""p0"":0.0,""pos"":[1.8,1.8],""sender"":""r03"",""t"":232.0,""t_ref"":0.0,""task_id"":""survey-24-0137"",""type"":""survey""}"
232.200,FAILED,survey-10-0135,r03,{}
233.000,FAILED,survey-00-0138,r00,{}
233.000,ANNOUNCE,survey-23-0139,r02,"{""deadline"":234.0,""duration"":2.0,""k"":1.0,""lam"":0.00693,""n_req"":1,""p0"":0.0,""pos"":[1.4000000000000001,1.8],""sender"":""r02"",""t"":233.0,""t_ref"":121.5,""task_id"":""survey-23-0139"",""type"":""survey""}"
233.000,FAILED,survey-24-0137,r03,{}
233.000,ANNOUNCE,survey-05-0140,r05,"{""deadline"":234.0,""duration"":2.0,""k"":1.0,""lam"":0.00693,""n_req"":1,""p0"":0.0,""pos"":[0.2,0.6000000000000001],""sender"":""r05"",""t"":233.0,""t_ref"":168.5,""task_id"":""survey-05-0140"",""type"":""survey""}"
234.000,ANNOUNCE,survey-23-0139,r02,"{""deadline"":235.0,""duration"":2.0,""k"":1.0,""lam"":0.00693,""n_req"":1,""p0"":0.0,""pos"":[1.4000000000000001,1.8],""sender"":""r02"",""t"":234.0,""t_ref"":121.5,""task_id"":""survey-23-0139"",""type"":""survey""}"
234.000,ANNOUNCE,survey-05-0140,r05,"{""deadline"":235.0,""duration"":2.0,""k"":1.0,""lam"":0.00693,""n_req"":1,""p0"":0.0,""pos"":[0.2,0.6000000000000001],""sender"":""r05"",""t"":234.0,""t_ref"":168.5,""task_id"":""survey-05-0140"",""type"":""survey""}"
235.000,FAILED,survey-23-0139,r02,{}
235.000,FAILED,survey-05-0140,r05,{}
236.000,ANNOUNCE,survey-21-0141,r00,"{""deadline"":237.0,""duration"":2.0,""k"":1.0,""lam"":0.00693,""n_req"":1,""p0"":0.0,""pos"":[0.6000000000000001,1.8],""sender"":""r00"",""t"":236.0,""t_ref"":139.0,""task_id"":""survey-21-0141"",""type"":""survey""}"
236.900,DONE,survey-04-0128,r06,"{""sender"":""r06"",""t"":236.9,""task_id"":""survey-04-0128""}"
237.000,ANNOUNCE,survey-21-0141,r00,"{""deadline"":238.0,""duration"":2.0,""k"":1.0,""lam"":0.00693,""n_req"":1,""p0"":0.0,""pos"":[0.6000000000000001,1.8],""sender"":""r00"",""t"":237.0,""t_ref"":139.0,""task_id"":""survey-21-0141"",""type"":""survey""}"
237.100,BID,survey-21-0141,r06,"{""cost"":0.695298365846503,""sender"":""r06"",""t"":237.1,""task_id"":""survey-21-0141""}"
237.300,DONE,roi-005,r05,"{""sender"":""r05"",""t"":237.3,""task_id"":""roi-005""}"
238.000,ANNOUNCE,survey-11-0142,r04,"{""deadline"":239.0,""duration"":2.0,""k"":1.0,""lam"":0.00693,""n_req"":1,""p0"":0.0,""pos"":[0.6000000000000001,1.0],""sender"":""r04"",""t"":238.0,""t_ref"":175.5,""task_id"":""survey-11-0142"",""type"":""survey""}"
238.000,AWARD,survey-21-0141,r00,"{""sender"":""r00"",""t"":238.0,""task_id"":""survey-21-0141"",""winners"":[""r06""]}"
238.900,DONE,roi-017,r02,"{""sender"":""r02"",""t"":238.9,""task_id"":""roi-017""}"
239.000,ANNOUNCE,survey-11-0142,r04,"{""deadline"":240.0,""duration"":2.0,""k"":1.0,""lam"":0.00693,""n_req"":1,""p0"":0.0,""pos"":[0.6000000000000001,1.0],""sender"":""r04"",""t"":239.0,""t_ref"":175.5,""task_id"":""survey-11-0142"",""type"":""survey""}"
239.100,BID,survey-11-0142,r02,"{""cost"":0.2270283922792755,""sender"":""r02"",""t"":239.1,""task_id"":""survey-11-0142""}"
239.100,BID,survey-11-0142,r04,"{""cost"":0.21735257369217958,""sender"":""r04"",""t"":239.1,""task_id"":""survey-11-0142""}"
240.000,ANNOUNCE,survey-16-0143,r02,"{""deadline"":241.0,""duration"":2.0,""k"":1.0,""lam"":0.00693,""n_req"":1,""p0"":0.0,""pos"":[0.6000000000000001,1.4000000000000001],""sender"":""r02"",""t"":240.0,""t_ref"":176.5,""task_id"":""survey-16-0143"",""type"":""survey""}"
240.000,AWARD,survey-11-0142,r04,"{""sender"":""r04"",""t"":240.0,""task_id"":""survey-11-0142"",""winners"":[""r04""]}"
240.100,BID,survey-16-0143,r02,"{""cost"":0.22887563352737966,""sender"":""r02"",""t"":240.1,""task_id"":""survey-16-0143""}"
241.000,AWARD,survey-16-0143,r02,"{""sender"":""r02"",""t"":241.0,""task_id"":""survey-16-0143"",""winners"":[""r02""]}"
242.000,ANNOUNCE,survey-14-0144,r00,"{""deadline"":243.0,""duration"":2.0,""k"":1.0,""lam"":0.00693,""n_req"":1,""p0"":0.0,""pos"":[1.8,1.0],""sender"":""r00"",""t"":242.0,""t_ref"":179.0,""task_id"":""survey-14-0144"",""type"":""survey""}"
243.000,ANNOUNCE,survey-14-0144,r00,"{""deadline"":244.0,""duration"":2.0,""k"":1.0,""lam"":0.00693,""n_req"":1,""p0"":0.0,""pos"":[1.8,1.0],""sender"":""r00"",""t"":243.0,""t_ref"":179.0,""task_id"":""survey-14-0144"",""type"":""survey""}"
244.000,ANNOUNCE,survey-15-0145,r01,"{""deadline"":245.0,""duration"":2.0,""k"":1.0,""lam"":0.00693,""n_req"":1,""p0"":0.0,""pos"":[0.2,1.4000000000000001],""sender"":""r01"",""t"":244.0,""t_ref"":0.0,""task_id"":""survey-15-0145"",""type"":""survey""}"
244.000,ANNOUNCE,survey-14-0144,r00,"{""deadline"":245.0,""duration"":2.0,""k"":1.0,""lam"":0.00693,""n_req"":1,""p0"":0.0,""pos"":[1.8,1.0],""sender"":""r00"",""t"":244.0,""t_ref"":179.0,""task_id"":""survey-14-0144"",""type"":""survey""}"
245.000,FAILED,survey-14-0144,r00,{}
245.000,ANNOUNCE,survey-15-0145,r01,"{""deadline"":246.0,""duration"":2.0,""k"":1.0,""lam"":0.00693,""n_req"":1,""p0"":0.0,""pos"":[0.2,1.4000000000000001],""sender"":""r01"",""t"":245.0,""t_ref"":0.0,""task_id"":""survey-15-0145"",""type"":""survey""}"
246.000,ANNOUNCE,survey-22-0146,r01,"{""deadline"":247.0,""duration"":2.0,""k"":1.0,""lam"":0.00693,""n_req"":1,""p0"":0.0,""pos"":[1.0,1.8],""sender"":""r01"",""t"":246.0,""t_ref"":86.5,""task_id"":""survey-22-0146"",""type"":""survey""}"
246.000,ANNOUNCE,survey-15-0145,r01,"{""deadline"":247.0,""duration"":2.0,""k"":1.0,""lam"":0.00693,""n_req"":1,""p0"":0.0,""pos"":[0.2,1.4000000000000001],""sender"":""r01"",""t"":246.0,""t_ref"":0.0,""task_id"":""survey-15-0145"",""type"":""survey""}"
247.000,FAILED,survey-15-0145,r01,{}
247.000,ANNOUNCE,survey-22-0146,r01,"{""deadline"":248.0,""duration"":2.0,""k"":1.0,""lam"":0.00693,""n_req"":1,""p0"":0.0,""pos"":[1.0,1.8],""sender"":""r01"",""t"":247.0,""t_ref"":86.5,""task_id"":""survey-22-0146"",""type"":""survey""}"
248.000,ANNOUNCE,survey-19-0147,r05,"{""deadline"":249.0,""duration"":2.0,""k"":1.0,""lam"":0.00693,""n_req"":1,""p0"":0.0,""pos"":[1.8,1.4000000000000001],""sender"":""r05"",""t"":248.0,""t_ref"":0.0,""task_id"":""survey-19-0147"",""type"":""survey""}"
248.000,ANNOUNCE,survey-20-0148,r06,"{""deadline"":249.0,""duration"":2.0,""k"":1.0,""lam"":0.00693,""n_req"":1,""p0"":0.0,""pos"":[0.2,1.8],""sender"":""r06"",""t"":248.0,""t_ref"":138.0,""task_id"":""survey-20-0148"",""type"":""survey""}"
248.000,ANNOUNCE,survey-22-0146,r01,"{""deadline"":249.0,""duration"":2.0,""k"":1.0,""lam"":0.00693,""n_req"":1,""p0"":0.0,""pos"":[1.0,1.8],""sender"":""r01"",""t"":248.0,""t_ref"":86.5,""task_id"":""survey-22-0146"",""type"":""survey""}"
249.000,FAILED,survey-22-0146,r01,{}
249.000,ANNOUNCE,survey-19-0147,r05,"{""deadline"":250.0,""duration"":2.0,""k"":1.0,""lam"":0.00693,""n_req"":1,""p0"":0.0,""pos"":[1.8,1.4000000000000001],""sender"":""r05"",""t"":249.0,""t_ref"":0.0,""task_id"":""survey-19-0147"",""type"":""survey""}"
249.000,ANNOUNCE,survey-20-0148,r06,"{""deadline"":250.0,""duration"":2.0,""k"":1.0,""lam"":0.00693,""n_req"":1,""p0"":0.0,""pos"":[0.2,1.8],""sender"":""r06"",""t"":249.0,""t_ref"":138.0,""task_id"":""survey-20-0148"",""type"":""survey""}"
250.000,ANNOUNCE,survey-19-0147,r05,"{""deadline"":251.0,""duration"":2.0,""k"":1.0,""lam"":0.00693,""n_req"":1,""p0"":0.0,""pos"":[1.8,1.4000000000000001],""sender"":""r05"",""t"":250.0,""t_ref"":0.0,""task_id"":""survey-19-0147"",""type"":""survey""}"
250.000,ANNOUNCE,survey-20-0148,r06,"{""deadline"":251.0,""duration"":2.0,""k"":1.0,""lam"":0.00693,""n_req"":1,""p0"":0.0,""pos"":[0.2,1.8],""sender"":""r06"",""t"":250.0,""t_ref"":138.0,""task_id"":""survey-20-0148"",""type"":""survey""}"
250.600,DONE,survey-11-0142,r04,"{""sender"":""r04"",""t"":250.6,""task_id"":""survey-11-0142""}"
251.000,FAILED,survey-19-0147,r05,{}
251.000,FAILED,survey-20-0148,r06,{}
251.400,DONE,survey-16-0143,r02,"{""sender"":""r02"",""t"":251.4,""task_id"":""survey-16-0143""}"
252.000,ANNOUNCE,survey-24-0149,r03,"{""deadline"":253.0,""duration"":2.0,""k"":1.0,""lam"":0.00693,""n_req"":1,""p0"":0.0,""pos"":[1.8,1.8],""sender"":""r03"",""t"":252.0,""t_ref"":0.0,""task_id"":""survey-24-0149"",""type"":""survey""}"
252.000,ANNOUNCE,survey-00-0150,r00,"{""deadline"":253.0,""duration"":2.0,""k"":1.0,""lam"":0.00693,""n_req"":1,""p0"":0.0,""pos"":[0.2,0.2],""sender"":""r00"",""t"":252.0,""t_ref"":7.5,""task_id"":""survey-00-0150"",""type"":""survey""}"
252.000,ANNOUNCE,survey-10-0151,r03,"{""deadline"":253.0,""duration"":2.0,""k"":1.0,""lam"":0.00693,""n_req"":1,""p0"":0.0,""pos"":[0.2,1.0],""sender"":""r03"",""t"":252.0,""t_ref"":53.0,""task_id"":""survey-10-0151"",""type"":""survey""}"
252.100,BID,survey-24-0149,r02,"{""cost"":0.4395431314027228,""sender"":""r02"",""t"":252.1,""task_id"":""survey-24-0149""}"
252.100,BID,survey-00-0150,r04,"{""cost"":0.3230268424829239,""sender"":""r04"",""t"":252.1,""task_id"":""survey-00-0150""}"
253.000,AWARD,survey-00-0150,r00,"{""sender"":""r00"",""t"":253.0,""task_id"":""survey-00-0150"",""winners"":[""r04""]}"
253.000,AWARD,survey-24-0149,r03,"{""sender"":""r03"",""t"":253.0,""task_id"":""survey-24-0149"",""winners"":[""r02""]}"
253.000,ANNOUNCE,survey-10-0151,r03,"{""deadline"":254.0,""duration"":2.0,""k"":1.0,""lam"":0.00693,""n_req"":1,""p0"":0.0,""pos"":[0.2,1.0],""sender"":""r03"",""t"":253.0,""t_ref"":53.0,""task_id"":""survey-10-0151"",""type"":""survey""}"
254.000,ANNOUNCE,survey-23-0152,r02,"{""deadline"":255.0,""duration"":2.0,""k"":1.0,""lam"":0.00693,""n_req"":1,""p0"":0.0,""pos"":[1.4000000000000001,1.8],""sender"":""r02"",""t"":254.0,""t_ref"":121.5,""task_id"":""survey-23-0152"",""type"":""survey""}"
254.000,ANNOUNCE,survey-05-0153,r05,"{""deadline"":255.0,""duration"":2.0,""k"":1.0,""lam"":0.00693,""n_req"":1,""p0"":0.0,""pos"":[0.2,0.6000000000000001],""sender"":""r05"",""t"":254.0,""t_ref"":168.5,""task_id"":""survey-05-0153"",""type"":""survey""}"
254.000,ANNOUNCE,survey-10-0151,r03,"{""deadline"":255.0,""duration"":2.0,""k"":1.0,""lam"":0.00693,""n_req"":1,""p0"":0.0,""pos"":[0.2,1.0],""sender"":""r03"",""t"":254.0,""t_ref"":53.0,""task_id"":""survey-10-0151"",""type"":""survey""}"
254.400,DONE,roi-018,r01,"{""sender"":""r01"",""t"":254.4,""task_id"":""roi-018""}"
255.000,ANNOUNCE,survey-23-0152,r02,"{""deadline"":256.0,""duration"":2.0,""k"":1.0,""lam"":0.00693,""n_req"":1,""p0"":0.0,""pos"":[1.4000000000000001,1.8],""sender"":""r02"",""t"":255.0,""t_ref"":121.5,""task_id"":""survey-23-0152"",""type"":""survey""}"
255.000,FAILED,survey-10-0151,r03,{}
255.000,ANNOUNCE,survey-05-0153,r05,"{""deadline"":256.0,""duration"":2.0,""k"":1.0,""lam"":0.00693,""n_req"":1,""p0"":0.0,""pos"":[0.2,0.6000000000000001],""sender"":""r05"",""t"":255.0,""t_ref"":168.5,""task_id"":""survey-05-0153"",""type"":""survey""}"
255.100,BID,survey-05-0153,r01,"{""cost"":0.17141847864529042,""sender"":""r01"",""t"":255.1,""task_id"":""survey-05-0153""}"
256.000,ANNOUNCE,survey-23-0152,r02,"{""deadline"":257.0,""duration"":2.0,""k"":1.0,""lam"":0.00693,""n_req"":1,""p0"":0.0,""pos"":[1.4000000000000001,1.8],""sender"":""r02"",""t"":256.0,""t_ref"":121.5,""task_id"":""survey-23-0152"",""type"":""survey""}"
256.000,AWARD,survey-05-0153,r05,"{""sender"":""r05"",""t"":256.0,""task_id"":""survey-05-0153"",""winners"":[""r01""]}"
257.000,FAILED,survey-23-0152,r02,{}
258.000,ANNOUNCE,survey-01-0154,r01,"{""deadline"":259.0,""duration"":2.0,""k"":1.0,""lam"":0.00693,""n_req"":1,""p0"":0.0,""pos"":[0.6000000000000001,0.2],""sender"":""r01"",""t"":258.0,""t_ref"":238.5,""task_id"":""survey-01-0154"",""type"":""survey""}"
259.000,ANNOUNCE,survey-01-0154,r01,"{""deadline"":260.0,""duration"":2.0,""k"":1.0,""lam"":0.00693,""n_req"":1,""p0"":0.0,""pos"":[0.6000000000000001,0.2],""sender"":""r01"",""t"":259.0,""t_ref"":238.5,""task_id"":""survey-01-0154"",""type"":""survey""}"
260.000,ANNOUNCE,survey-18-0155,r04,"{""deadline"":261.0,""duration"":2.0,""k"":1.0,""lam"":0.00693,""n_req"":1,""p0"":0.0,""pos"":[1.4000000000000001,1.4000000000000001],""sender"":""r04"",""t"":260.0,""t_ref"":241.0,""task_id"":""survey-18-0155"",""type"":""survey""}"
260.000,ANNOUNCE,survey-01-0154,r01,"{""deadline"":261.0,""duration"":2.0,""k"":1.0,""lam"":0.00693,""n_req"":1,""p0"":0.0,""pos"":[0.6000000000000001,0.2],""sender"":""r01"",""t"":260.0,""t_ref"":238.5,""task_id"":""survey-01-0154"",""type"":""survey""}"
261.000,FAILED,survey-01-0154,r01,{}
261.000,ANNOUNCE,survey-18-0155,r04,"{""deadline"":262.0,""duration"":2.0,""k"":1.0,""lam"":0.00693,""n_req"":1,""p0"":0.0,""pos"":[1.4000000000000001,1.4000000000000001],""sender"":""r04"",""t"":261.0,""t_ref"":241.0,""task_id"":""survey-18-0155"",""type"":""survey""}"
262.000,ANNOUNCE,survey-04-0156,r04,"{""deadline"":263.0,""duration"":2.0,""k"":1.0,""lam"":0.00693,""n_req"":1,""p0"":0.0,""pos"":[1.8,0.2],""sender"":""r04"",""t"":262.0,""t_ref"":242.5,""task_id"":""survey-04-0156"",""type"":""survey""}"
262.000,ANNOUNCE,survey-18-0155,r04,"{""deadline"":263.0,""duration"":2.0,""k"":1.0,""lam"":0.00693,""n_req"":1,""p0"":0.0,""pos"":[1.4000000000000001,1.4000000000000001],""sender"":""r04"",""t"":262.0,""t_ref"":241.0,""task_id"":""survey-18-0155"",""type"":""survey""}"
263.000,FAILED,survey-18-0155,r04,{}
263.000,ANNOUNCE,survey-04-0156,r04,"{""deadline"":264.0,""duration"":2.0,""k"":1.0,""lam"":0.00693,""n_req"":1,""p0"":0.0,""pos"":[1.8,0.2],""sender"":""r04"",""t"":263.0,""t_ref"":242.5,""task_id"":""survey-04-0156"",""type"":""survey""}"
263.600,DONE,roi-004,r00,"{""sender"":""r00"",""t"":263.6,""task_id"":""roi-004""}"
264.000,ANNOUNCE,survey-14-0157,r00,"{""deadline"":265.0,""duration"":2.0,""k"":1.0,""lam"":0.00693,""n_req"":1,""p0"":0.0,""pos"":[1.8,1.0],""sender"":""r00"",""t"":264.0,""t_ref"":179.0,""task_id"":""survey-14-0157"",""type"":""survey""}"
264.000,ANNOUNCE,survey-09-0158,r02,"{""deadline"":265.0,""duration"":2.0,""k"":1.0,""lam"":0.00693,""n_req"":1,""p0"":0.0,""pos"":[1.8,0.6000000000000001],""sender"":""r02"",""t"":264.0,""t_ref"":245.0,""task_id"":""survey-09-0158"",""type"":""survey""}"
264.000,ANNOUNCE,survey-04-0156,r04,"{""deadline"":265.0,""duration"":2.0,""k"":1.0,""lam"":0.00693,""n_req"":1,""p0"":0.0,""pos"":[1.8,0.2],""sender"":""r04"",""t"":264.0,""t_ref"":242.5,""task_id"":""survey-04-0156"",""type"":""survey""}"
264.100,BID,survey-04-0156,r05,"{""cost"":0.23176082116616076,""sender"":""r05"",""t"":264.1,""task_id"":""survey-04-0156""}"
265.000,ANNOUNCE,survey-14-0157,r00,"{""deadline"":266.0,""duration"":2.0,""k"":1.0,""lam"":0.00693,""n_req"":1,""p0"":0.0,""pos"":[1.8,1.0],""sender"":""r00"",""t"":265.0,""t_ref"":179.0,""task_id"":""survey-14-0157"",""type"":""survey""}"
265.000,ANNOUNCE,survey-09-0158,r02,"{""deadline"":266.0,""duration"":2.0,""k"":1.0,""lam"":0.00693,""n_req"":1,""p0"":0.0,""pos"":[1.8,0.6000000000000001],""sender"":""r02"",""t"":265.0,""t_ref"":245.0,""task_id"":""survey-09-0158"",""type"":""survey""}"
265.000,AWARD,survey-04-0156,r04,"{""sender"":""r04"",""t"":265.0,""task_id"":""survey-04-0156"",""winners"":[""r05""]}"
265.300,DONE,survey-05-0153,r01,"{""sender"":""r01"",""t"":265.3,""task_id"":""survey-05-0153""}"
265.500,DONE,survey-21-0141,r06,"{""sender"":""r06"",""t"":265.5,""task_id"":""survey-21-0141""}"
266.000,ANNOUNCE,survey-15-0159,r01,"{""deadline"":267.0,""duration"":2.0,""k"":1.0,""lam"":0.00693,""n_req"":1,""p0"":0.0,""pos"":[0.2,1.4000000000000001],""sender"":""r01"",""t"":266.0,""t_ref"":0.0,""task_id"":""survey-15-0159"",""type"":""survey""}"
266.000,ANNOUNCE,survey-14-0157,r00,"{""deadline"":267.0,""duration"":2.0,""k"":1.0,""lam"":0.00693,""n_req"":1,""p0"":0.0,""pos"":[1.8,1.0],""sender"":""r00"",""t"":266.0,""t_ref"":179.0,""task_id"":""survey-14-0157"",""type"":""survey""}"
266.000,ANNOUNCE,survey-09-0158,r02,"{""deadline"":267.0,""duration"":2.0,""k"":1.0,""lam"":0.00693,""n_req"":1,""p0"":0.0,""pos"":[1.8,0.6000000000000001],""sender"":""r02"",""t"":266.0,""t_ref"":245.0,""task_id"":""survey-09-0158"",""type"":""survey""}"
266.100,BID,survey-14-0157,r01,"{""cost"":0.5732896710602455,""sender"":""r01"",""t"":266.1,""task_id"":""survey-14-0157""}"
266.100,BID,survey-14-0157,r06,"{""cost"":0.4997067655531523,""sender"":""r06"",""t"":266.1,""task_id"":""survey-14-0157""}"
266.900,DONE,survey-00-0150,r04,"{""sender"":""r04"",""t"":266.9,""task_id"":""survey-00-0150""}"
267.000,AWARD,survey-14-0157,r00,"{""sender"":""r00"",""t"":267.0,""task_id"":""survey-14-0157"",""winners"":[""r06""]}"
267.000,ANNOUNCE,survey-15-0159,r01,"{""deadline"":268.0,""duration"":2.0,""k"":1.0,""lam"":0.00693,""n_req"":1,""p0"":0.0,""pos"":[0.2,1.4000000000000001],""sender"":""r01"",""t"":267.0,""t_ref"":0.0,""task_id"":""survey-15-0159"",""type"":""survey""}"
267.000,FAILED,survey-09-0158,r02,{}
267.100,BID,survey-15-0159,r01,"{""cost"":0.28006347180618235,""sender"":""r01"",""t"":267.1,""task_id"":""survey-15-0159""}"
267.100,BID,survey-15-0159,r04,"{""cost"":0.4145842850880463,""sender"":""r04"",""t"":267.1,""task_id"":""survey-15-0159""}"
268.000,AWARD,survey-15-0159,r01,"{""sender"":""r01"",""t"":268.0,""task_id"":""survey-15-0159"",""winners"":[""r01""]}"
270.000,ANNOUNCE,survey-19-0160,r05,"{""deadline"":271.0,""duration"":2.0,""k"":1.0,""lam"":0.00693,""n_req"":1,""p0"":0.0,""pos"":[1.8,1.4000000000000001],""sender"":""r05"",""t"":270.0,""t_ref"":0.0,""task_id"":""survey-19-0160"",""type"":""survey""}"
270.000,ANNOUNCE,survey-20-0161,r06,"{""deadline"":271.0,""duration"":2.0,""k"":1.0,""lam"":0.00693,""n_req"":1,""p0"":0.0,""pos"":[0.2,1.8],""sender"":""r06"",""t"":270.0,""t_ref"":138.0,""task_id"":""survey-20-0161"",""type"":""survey""}"
270.100,BID,survey-20-0161,r04,"{""cost"":0.505090456423108,""sender"":""r04"",""t"":270.1,""task_id"":""survey-20-0161""}"
270.500,DETECTED,roi-009,r01,"{""event_created_at"":127.31803183980313,""latency"":143.18196816019687}"
270.500,ANNOUNCE,roi-009,r01,"{""deadline"":271.5,""duration"":15.0,""k"":1.0,""lam"":0.00693,""n_req"":1,""p0"":0.6,""pos"":[0.06438411836609753,0.8669014614910657],""sender"":""r01"",""t"":270.5,""t_ref"":270.5,""task_id"":""roi-009"",""type"":""guard""}"
270.600,BID,roi-009,r00,"{""cost"":0.5656085322199047,""sender"":""r00"",""t"":270.6,""task_id"":""roi-009""}"
270.600,BID,roi-009,r01,"{""cost"":0.10345522708114577,""sender"":""r01"",""t"":270.6,""task_id"":""roi-009""}"
270.600,BID,roi-009,r02,"{""cost"":0.686582153508702,""sender"":""r02"",""t"":270.6,""task_id"":""roi-009""}"
270.600,BID,roi-009,r03,"{""cost"":0.5571298009635015,""sender"":""r03"",""t"":270.6,""task_id"":""roi-009""}"
270.600,BID,roi-009,r04,"{""cost"":0.168939493822958,""sender"":""r04"",""t"":270.6,""task_id"":""roi-009""}"
270.600,BID,roi-009,r05,"{""cost"":0.5427730935060175,""sender"":""r05"",""t"":270.6,""task_id"":""roi-009""}"
270.600,BID,roi-009,r06,"{""cost"":0.3755922810455429,""sender"":""r06"",""t"":270.6,""task_id"":""roi-009""}"
271.000,ANNOUNCE,survey-19-0160,r05,"{""deadline"":272.0,""duration"":2.0,""k"":1.0,""lam"":0.00693,""n_req"":1,""p0"":0.0,""pos"":[1.8,1.4000000000000001],""sender"":""r05"",""t"":271.0,""t_ref"":0.0,""task_id"":""survey-19-0160"",""type"":""survey""}"
271.000,AWARD,survey-20-0161,r06,"{""sender"":""r06"",""t"":271.0,""task_id"":""survey-20-0161"",""winners"":[""r04""]}"
271.500,AWARD,roi-009,r01,"{""sender"":""r01"",""t"":271.5,""task_id"":""roi-009"",""winners"":[""r01""]}"
271.600,RELEASE,survey-15-0159,r01,"{""reason"":""preempted"",""sender"":""r01"",""t"":271.6,""task_id"":""survey-15-0159""}"
271.600,DONE,survey-24-0149,r02,"{""sender"":""r02"",""t"":271.6,""task_id"":""survey-24-0149""}"
271.700,ANNOUNCE,survey-15-0159,r01,"{""deadline"":272.7,""duration"":2.0,""k"":1.0,""lam"":0.00693,""n_req"":1,""p0"":0.0,""pos"":[0.2,1.4000000000000001],""sender"":""r01"",""t"":271.7,""t_ref"":0.0,""task_id"":""survey-15-0159"",""type"":""survey""}"
271.800,BID,survey-15-0159,r02,"{""cost"":0.5729483127376876,""sender"":""r02"",""t"":271.8,""task_id"":""survey-15-0159""}"
272.000,ANNOUNCE,survey-13-0162,r06,"{""deadline"":273.0,""duration"":2.0,""k"":1.0,""lam"":0.00693,""n_req"":1,""p0"":0.0,""pos"":[1.4000000000000001,1.0],""sender"":""r06"",""t"":272.0,""t_ref"":253.0,""task_id"":""survey-13-0162"",""type"":""survey""}"
272.000,ANNOUNCE,survey-19-0160,r05,"{""deadline"":273.0,""duration"":2.0,""k"":1.0,""lam"":0.00693,""n_req"":1,""p0"":0.0,""pos"":[1.8,1.4000000000000001],""sender"":""r05"",""t"":272.0,""t_ref"":0.0,""task_id"":""survey-19-0160"",""type"":""survey""}"
272.700,AWARD,survey-15-0159,r01,"{""sender"":""r01"",""t"":272.7,""task_id"":""survey-15-0159"",""winners"":[""r02""]}"
273.000,FAILED,survey-19-0160,r05,{}
273.000,ANNOUNCE,survey-13-0162,r06,"{""deadline"":274.0,""duration"":2.0,""k"":1.0,""lam"":0.00693,""n_req"":1,""p0"":0.0,""pos"":[1.4000000000000001,1.0],""sender"":""r06"",""t"":273.0,""t_ref"":253.0,""task_id"":""survey-13-0162"",""type"":""survey""}"
274.000,ANNOUNCE,survey-13-0162,r06,"{""deadline"":275.0,""duration"":2.0,""k"":1.0,""lam"":0.00693,""n_req"":1,""p0"":0.0,""pos"":[1.4000000000000001,1.0],""sender"":""r06"",""t"":274.0,""t_ref"":253.0,""task_id"":""survey-13-0162"",""type"":""survey""}"
275.000,FAILED,survey-13-0162,r06,{}
276.000,ANNOUNCE,survey-12-0163,r05,"{""deadline"":277.0,""duration"":2.0,""k"":1.0,""lam"":0.00693,""n_req"":1,""p0"":0.0,""pos"":[1.0,1.0],""sender"":""r05"",""t"":276.0,""t_ref"":256.0,""task_id"":""survey-12-0163"",""type"":""survey""}"
276.000,ANNOUNCE,survey-11-0164,r04,"{""deadline"":277.0,""duration"":2.0,""k"":1.0,""lam"":0.00693,""n_req"":1,""p0"":0.0,""pos"":[0.6000000000000001,1.0],""sender"":""r04"",""t"":276.0,""t_ref"":257.5,""task_id"":""survey-11-0164"",""type"":""survey""}"
276.200,DONE,survey-04-0156,r05,"{""sender"":""r05"",""t"":276.2,""task_id"":""survey-04-0156""}"
277.000,ANNOUNCE,survey-11-0164,r04,"{""deadline"":278.0,""duration"":2.0,""k"":1.0,""lam"":0.00693,""n_req"":1,""p0"":0.0,""pos"":[0.6000000000000001,1.0],""sender"":""r04"",""t"":277.0,""t_ref"":257.5,""task_id"":""survey-11-0164"",""type"":""survey""}"
277.000,ANNOUNCE,survey-12-0163,r05,"{""deadline"":278.0,""duration"":2.0,""k"":1.0,""lam"":0.00693,""n_req"":1,""p0"":0.0,""pos"":[1.0,1.0],""sender"":""r05"",""t"":277.0,""t_ref"":256.0,""task_id"":""survey-12-0163"",""type"":""survey""}"
277.100,BID,survey-11-0164,r05,"{""cost"":0.49963504026979977,""sender"":""r05"",""t"":277.1,""task_id"":""survey-11-0164""}"
278.000,AWARD,survey-11-0164,r04,"{""sender"":""r04"",""t"":278.0,""task_id"":""survey-11-0164"",""winners"":[""r05""]}"
278.000,ANNOUNCE,survey-12-0163,r05,"{""deadline"":279.0,""duration"":2.0,""k"":1.0,""lam"":0.00693,""n_req"":1,""p0"":0.0,""pos"":[1.0,1.0],""sender"":""r05"",""t"":278.0,""t_ref"":256.0,""task_id"":""survey-12-0163"",""type"":""survey""}"
279.000,FAILED,survey-12-0163,r05,{}
280.000,ANNOUNCE,survey-01-0165,r01,"{""deadline"":281.0,""duration"":2.0,""k"":1.0,""lam"":0.00693,""n_req"":1,""p0"":0.0,""pos"":[0.6000000000000001,0.2],""sender"":""r01"",""t"":280.0,""t_ref"":238.5,""task_id"":""survey-01-0165"",""type"":""survey""}"
281.000,ANNOUNCE,survey-01-0165,r01,"{""deadline"":282.0,""duration"":2.0,""k"":1.0,""lam"":0.00693,""n_req"":1,""p0"":0.0,""pos"":[0.6000000000000001,0.2],""sender"":""r01"",""t"":281.0,""t_ref"":238.5,""task_id"":""survey-01-0165"",""type"":""survey""}"
281.000,DETECTED,roi-016,r04,"{""event_created_at"":126.16718502770237,""latency"":154.83281497229763}"
281.000,ANNOUNCE,roi-016,r04,"{""deadline"":282.0,""duration"":20.0,""k"":1.0,""lam"":0.00693,""n_req"":2,""p0"":0.4,""pos"":[0.08158432125250091,1.414957020397166],""sender"":""r04"",""t"":281.0,""t_ref"":281.0,""task_id"":""roi-016"",""type"":""push""}"
281.100,BID,roi-016,r00,"{""cost"":0.6590270316169831,""sender"":""r00"",""t"":281.1,""task_id"":""roi-016""}"
281.100,BID,roi-016,r01,"{""cost"":0.3635684051457879,""sender"":""r01"",""t"":281.1,""task_id"":""roi-016""}"
281.100,BID,roi-016,r02,"{""cost"":0.41460080958763973,""sender"":""r02"",""t"":281.1,""task_id"":""roi-016""}"
281.100,BID,roi-016,r03,"{""cost"":0.6431709186497602,""sender"":""r03"",""t"":281.1,""task_id"":""roi-016""}"
281.100,BID,roi-016,r04,"{""cost"":0.10402299976219063,""sender"":""r04"",""t"":281.1,""task_id"":""roi-016""}"
281.100,BID,roi-016,r05,"{""cost"":0.6744102743021648,""sender"":""r05"",""t"":281.1,""task_id"":""roi-016""}"
281.100,BID,roi-016,r06,"{""cost"":0.4971848834982865,""sender"":""r06"",""t"":281.1,""task_id"":""roi-016""}"
282.000,ANNOUNCE,survey-16-0166,r02,"{""deadline"":283.0,""duration"":2.0,""k"":1.0,""lam"":0.00693,""n_req"":1,""p0"":0.0,""pos"":[0.6000000000000001,1.4000000000000001],""sender"":""r02"",""t"":282.0,""t_ref"":262.0,""task_id"":""survey-16-0166"",""type"":""survey""}"
282.000,ANNOUNCE,survey-01-0165,r01,"{""deadline"":283.0,""duration"":2.0,""k"":1.0,""lam"":0.00693,""n_req"":1,""p0"":0.0,""pos"":[0.6000000000000001,0.2],""sender"":""r01"",""t"":282.0,""t_ref"":238.5,""task_id"":""survey-01-0165"",""type"":""survey""}"
282.000,AWARD,roi-016,r04,"{""sender"":""r04"",""t"":282.0,""task_id"":""roi-016"",""winners"":[""r04"",""r01""]}"
282.100,RELEASE,survey-20-0161,r04,"{""reason"":""preempted"",""sender"":""r04"",""t"":282.1,""task_id"":""survey-20-0161""}"
282.200,ANNOUNCE,survey-20-0161,r06,"{""deadline"":283.2,""duration"":2.0,""k"":1.0,""lam"":0.00693,""n_req"":1,""p0"":0.0,""pos"":[0.2,1.8],""sender"":""r06"",""t"":282.2,""t_ref"":138.0,""task_id"":""survey-20-0161"",""type"":""survey""}"
283.000,FAILED,survey-01-0165,r01,{}
283.000,ANNOUNCE,survey-16-0166,r02,"{""deadline"":284.0,""duration"":2.0,""k"":1.0,""lam"":0.00693,""n_req"":1,""p0"":0.0,""pos"":[0.6000000000000001,1.4000000000000001],""sender"":""r02"",""t"":283.0,""t_ref"":262.0,""task_id"":""survey-16-0166"",""type"":""survey""}"
283.200,ANNOUNCE,survey-20-0161,r06,"{""deadline"":284.2,""duration"":2.0,""k"":1.0,""lam"":0.00693,""n_req"":1,""p0"":0.0,""pos"":[0.2,1.8],""sender"":""r06"",""t"":283.2,""t_ref"":138.0,""task_id"":""survey-20-0161"",""type"":""survey""}"
284.000,ANNOUNCE,survey-16-0166,r02,"{""deadline"":285.0,""duration"":2.0,""k"":1.0,""lam"":0.00693,""n_req"":1,""p0"":0.0,""pos"":[0.6000000000000001,1.4000000000000001],""sender"":""r02"",""t"":284.0,""t_ref"":262.0,""task_id"":""survey-16-0166"",""type"":""survey""}"
284.200,ANNOUNCE,survey-20-0161,r06,"{""deadline"":285.2,""duration"":2.0,""k"":1.0,""lam"":0.00693,""n_req"":1,""p0"":0.0,""pos"":[0.2,1.8],""sender"":""r06"",""t"":284.2,""t_ref"":138.0,""task_id"":""survey-20-0161"",""type"":""survey""}"
285.000,FAILED,survey-16-0166,r02,{}
285.200,FAILED,survey-20-0161,r06,{}
286.000,ANNOUNCE,survey-09-0167,r02,"{""deadline"":287.0,""duration"":2.0,""k"":1.0,""lam"":0.00693,""n_req"":1,""p0"":0.0,""pos"":[1.8,0.6000000000000001],""sender"":""r02"",""t"":286.0,""t_ref"":245.0,""task_id"":""survey-09-0167"",""type"":""survey""}"
286.000,ANNOUNCE,survey-02-0168,r02,"{""deadline"":287.0,""duration"":2.0,""k"":1.0,""lam"":0.00693,""n_req"":1,""p0"":0.0,""pos"":[1.0,0.2],""sender"":""r02"",""t"":286.0,""t_ref"":267.5,""task_id"":""survey-02-0168"",""type"":""survey""}"
286.600,DONE,roi-012,r00,"{""sender"":""r00"",""t"":286.6,""task_id"":""roi-012""}"
287.000,ANNOUNCE,survey-09-0167,r02,"{""deadline"":288.0,""duration"":2.0,""k"":1.0,""lam"":0.00693,""n_req"":1,""p0"":0.0,""pos"":[1.8,0.6000000000000001],""sender"":""r02"",""t"":287.0,""t_ref"":245.0,""task_id"":""survey-09-0167"",""type"":""survey""}"
287.000,ANNOUNCE,survey-02-0168,r02,"{""deadline"":288.0,""duration"":2.0,""k"":1.0,""lam"":0.00693,""n_req"":1,""p0"":0.0,""pos"":[1.0,0.2],""sender"":""r02"",""t"":287.0,""t_ref"":267.5,""task_id"":""survey-02-0168"",""type"":""survey""}"
287.100,BID,survey-02-0168,r00,"{""cost"":0.1158022053877046,""sender"":""r00"",""t"":287.1,""task_id"":""survey-02-0168""}"
287.100,BID,survey-09-0167,r03,"{""cost"":0.23854976597456623,""sender"":""r03"",""t"":287.1,""task_id"":""survey-09-0167""}"
287.500,DONE,survey-14-0157,r06,"{""sender"":""r06"",""t"":287.5,""task_id"":""survey-14-0157""}"
288.000,AWARD,survey-09-0167,r02,"{""sender"":""r02"",""t"":288.0,""task_id"":""survey-09-0167"",""winners"":[""r03""]}"
288.000,AWARD,survey-02-0168,r02,"{""sender"":""r02"",""t"":288.0,""task_id"":""survey-02-0168"",""winners"":[""r00""]}"
290.000,ANNOUNCE,survey-06-0169,r06,"{""deadline"":291.0,""duration"":2.0,""k"":1.0,""lam"":0.00693,""n_req"":1,""p0"":0.0,""pos"":[0.6000000000000001,0.6000000000000001],""sender"":""r06"",""t"":290.0,""t_ref"":270.0,""task_id"":""survey-06-0169"",""type"":""survey""}"
290.100,BID,survey-06-0169,r06,"{""cost"":0.40694104212396864,""sender"":""r06"",""t"":290.1,""task_id"":""survey-06-0169""}"
290.500,DONE,roi-009,r01,"{""sender"":""r01"",""t"":290.5,""task_id"":""roi-009""}"
291.000,AWARD,survey-06-0169,r06,"{""sender"":""r06"",""t"":291.0,""task_id"":""survey-06-0169"",""winners"":[""r06""]}"
292.000,ANNOUNCE,survey-19-0170,r05,"{""deadline"":293.0,""duration"":2.0,""k"":1.0,""lam"":0.00693,""n_req"":1,""p0"":0.0,""pos"":[1.8,1.4000000000000001],""sender"":""r05"",""t"":292.0,""t_ref"":0.0,""task_id"":""survey-19-0170"",""type"":""survey""}"
292.000,ANNOUNCE,survey-00-0171,r00,"{""deadline"":293.0,""duration"":2.0,""k"":1.0,""lam"":0.00693,""n_req"":1,""p0"":0.0,""pos"":[0.2,0.2],""sender"":""r00"",""t"":292.0,""t_ref"":272.5,""task_id"":""survey-00-0171"",""type"":""survey""}"
292.100,BID,survey-00-0171,r01,"{""cost"":0.23521489371469206,""sender"":""r01"",""t"":292.1,""task_id"":""survey-00-0171""}"
293.000,AWARD,survey-00-0171,r00,"{""sender"":""r00"",""t"":293.0,""task_id"":""survey-00-0171"",""winners"":[""r01""]}"
293.000,ANNOUNCE,survey-19-0170,r05,"{""deadline"":294.0,""duration"":2.0,""k"":1.0,""lam"":0.00693,""n_req"":1,""p0"":0.0,""pos"":[1.8,1.4000000000000001],""sender"":""r05"",""t"":293.0,""t_ref"":0.0,""task_id"":""survey-19-0170"",""type"":""survey""}"
294.000,ANNOUNCE,survey-19-0170,r05,"{""deadline"":295.0,""duration"":2.0,""k"":1.0,""lam"":0.00693,""n_req"":1,""p0"":0.0,""pos"":[1.8,1.4000000000000001],""sender"":""r05"",""t"":294.0,""t_ref"":0.0,""task_id"":""survey-19-0170"",""type"":""survey""}"
295.000,FAILED,survey-19-0170,r05,{}
295.100,DONE,survey-02-0168,r00,"{""sender"":""r00"",""t"":295.1,""task_id"":""survey-02-0168""}"
295.900,DONE,survey-15-0159,r02,"{""sender"":""r02"",""t"":295.9,""task_id"":""survey-15-0159""}"
296.000,ANNOUNCE,survey-24-0172,r03,"{""deadline"":297.0,""duration"":2.0,""k"":1.0,""lam"":0.00693,""n_req"":1,""p0"":0.0,""pos"":[1.8,1.8],""sender"":""r03"",""t"":296.0,""t_ref"":277.0,""task_id"":""survey-24-0172"",""type"":""survey""}"
296.100,BID,survey-24-0172,r00,"{""cost"":0.6226078796438117,""sender"":""r00"",""t"":296.1,""task_id"":""survey-24-0172""}"
296.100,BID,survey-24-0172,r02,"{""cost"":0.5730038940621079,""sender"":""r02"",""t"":296.1,""task_id"":""survey-24-0172""}"
297.000,AWARD,survey-24-0172,r03,"{""sender"":""r03"",""t"":297.0,""task_id"":""survey-24-0172"",""winners"":[""r02""]}"
298.200,DONE,survey-11-0164,r05,"{""sender"":""r05"",""t"":298.2,""task_id"":""survey-11-0164""}"
299.400,DONE,survey-09-0167,r03,"{""sender"":""r03"",""t"":299.4,""task_id"":""survey-09-0167""}"
