t,robot_id,x,y,battery,workload,state
0.000,r00,0.120000,0.120000,0.383325,0,EXPLORE
0.000,r01,0.413333,0.200000,0.629992,0,EXPLORE
0.000,r02,0.706667,0.120000,0.753325,0,EXPLORE
0.000,r03,1.000000,0.200000,0.506659,0,EXPLORE
0.000,r04,1.293333,0.120000,0.999992,0,EXPLORE
0.000,r05,1.586667,0.200000,0.259992,0,EXPLORE
0.000,r06,1.880000,0.120000,0.876659,0,EXPLORE
0.500,r00,0.120000,0.120000,0.383285,0,EXPLORE
0.500,r01,0.413333,0.200000,0.629952,0,EXPLORE
0.500,r02,0.706667,0.120000,0.753285,0,EXPLORE
0.500,r03,1.000000,0.200000,0.506619,0,EXPLORE
0.500,r04,1.293333,0.120000,0.999952,0,EXPLORE
0.500,r05,1.586667,0.200000,0.259952,0,EXPLORE
0.500,r06,1.880000,0.120000,0.876619,0,EXPLORE
1.000,r00,0.120000,0.120000,0.383245,0,EXPLORE
1.000,r01,0.413333,0.200000,0.629912,0,EXPLORE
1.000,r02,0.706667,0.120000,0.753245,0,EXPLORE
1.000,r03,1.000000,0.200000,0.506579,0,EXPLORE
1.000,r04,1.293333,0.120000,0.999912,0,EXPLORE
1.000,r05,1.586667,0.200000,0.259912,0,EXPLORE
1.000,r06,1.880000,0.120000,0.876579,0,EXPLORE
1.500,r00,0.136971,0.136971,0.382980,0,EXPLORE
1.500,r01,0.437333,0.200000,0.629646,0,EXPLORE
1.500,r02,0.729821,0.126315,0.752980,0,EXPLORE
1.500,r03,1.024000,0.200000,0.506313,0,EXPLORE
1.500,r04,1.317040,0.123743,0.999646,0,EXPLORE
1.500,r05,1.563607,0.206652,0.259646,0,EXPLORE
1.500,r06,1.857528,0.128427,0.876313,0,EXPLORE
2.000,r00,0.165255,0.165255,0.382564,0,EXPLORE
2.000,r01,0.477333,0.200000,0.629230,0,EXPLORE
2.000,r02,0.768412,0.136840,0.752564,0,EXPLORE
2.000,r03,1.064000,0.200000,0.505897,0,EXPLORE
2.000,r04,1.356550,0.129982,0.999230,0,EXPLORE
2.000,r05,1.525174,0.217738,0.259230,0,EXPLORE
2.000,r06,1.820075,0.142472,0.875897,0,EXPLORE
2.500,r00,0.176569,0.176569,0.382373,0,EXPLORE
2.500,r01,0.517333,0.200000,0.628814,0,EXPLORE
2.500,r02,0.807002,0.147364,0.752148,0,EXPLORE
2.500,r03,1.104000,0.200000,0.505481,0,EXPLORE
2.500,r04,1.396061,0.136220,0.998814,0,EXPLORE
2.500,r05,1.486741,0.228825,0.258814,0,EXPLORE
2.500,r06,1.782622,0.156517,0.875481,0,EXPLORE
3.000,r00,0.176569,0.176569,0.382333,0,EXPLORE
3.000,r01,0.557333,0.200000,0.628398,0,EXPLORE
3.000,r02,0.845593,0.157889,0.751732,0,EXPLORE
3.000,r03,1.144000,0.200000,0.505065,0,EXPLORE
3.000,r04,1.435571,0.142459,0.998398,0,EXPLORE
3.000,r05,1.448308,0.239911,0.258398,0,EXPLORE
3.000,r06,1.745169,0.170562,0.875065,0,EXPLORE
3.500,r00,0.176569,0.176569,0.382293,0,EXPLORE
3.500,r01,0.565333,0.200000,0.628283,0,EXPLORE
3.500,r02,0.884183,0.168414,0.751316,0,EXPLORE
3.500,r03,1.184000,0.200000,0.504649,0,EXPLORE
3.500,r04,1.475082,0.148697,0.997982,0,EXPLORE
3.500,r05,1.409875,0.250998,0.257982,0,EXPLORE
3.500,r06,1.707715,0.184607,0.874649,0,EXPLORE
4.000,r00,0.178779,0.216507,0.381877,0,EXPLORE
4.000,r01,0.565333,0.200000,0.628243,0,EXPLORE
4.000,r02,0.922774,0.178938,0.750900,0,EXPLORE
4.000,r03,1.224000,0.200000,0.504233,0,EXPLORE
4.000,r04,1.514592,0.154936,0.997566,0,EXPLORE
4.000,r05,1.371442,0.262084,0.257566,0,EXPLORE
4.000,r06,1.670262,0.198652,0.874233,0,EXPLORE
4.500,r00,0.180989,0.256446,0.381461,0,EXPLORE
4.500,r01,0.566024,0.207970,0.628128,0,EXPLORE
4.500,r02,0.961364,0.189463,0.750484,0,EXPLORE
4.500,r03,1.264000,0.200000,0.503817,0,EXPLORE
4.500,r04,1.554103,0.161174,0.997150,0,EXPLORE
4.500,r05,1.333009,0.273170,0.257150,0,EXPLORE
4.500,r06,1.632809,0.212697,0.873817,0,EXPLORE
5.000,r00,0.183199,0.296385,0.381045,0,EXPLORE
5.000,r01,0.569478,0.247821,0.627712,0,EXPLORE
5.000,r02,0.969082,0.191568,0.750369,0,EXPLORE
5.000,r03,1.304000,0.200000,0.503401,0,EXPLORE
5.000,r04,1.593613,0.167413,0.996734,0,EXPLORE
5.000,r05,1.294576,0.284257,0.256734,0,EXPLORE
5.000,r06,1.595356,0.226742,0.873401,0,EXPLORE
5.500,r00,0.185409,0.336324,0.380629,0,EXPLORE
5.500,r01,0.572932,0.287671,0.627296,0,EXPLORE
5.500,r02,0.969082,0.191568,0.750329,0,EXPLORE
5.500,r03,1.344000,0.200000,0.502985,0,EXPLORE
5.500,r04,1.633124,0.173651,0.996318,0,EXPLORE
5.500,r05,1.256143,0.295343,0.256318,0,EXPLORE
5.500,r06,1.557903,0.240786,0.872985,0,EXPLORE
6.000,r00,0.187619,0.376263,0.380213,0,EXPLORE
6.000,r01,0.576385,0.327522,0.626880,0,EXPLORE
6.000,r02,0.969686,0.199545,0.750213,0,EXPLORE
6.000,r03,1.368000,0.200000,0.502719,0,EXPLORE
6.000,r04,1.672634,0.179890,0.995902,0,EXPLORE
6.000,r05,1.217710,0.306430,0.255902,0,EXPLORE
6.000,r06,1.520450,0.254831,0.872569,0,EXPLORE
6.500,r00,0.189829,0.416202,0.379797,0,EXPLORE
6.500,r01,0.579839,0.367373,0.626464,0,EXPLORE
6.500,r02,0.972706,0.239431,0.749797,0,EXPLORE
6.500,r03,1.368000,0.200000,0.502679,0,EXPLORE
6.500,r04,1.712145,0.186128,0.995486,0,EXPLORE
6.500,r05,1.179277,0.317516,0.255486,0,EXPLORE
6.500,r06,1.482996,0.268876,0.872153,0,EXPLORE
7.000,r00,0.192039,0.456141,0.379381,0,EXPLORE
7.000,r01,0.583293,0.407223,0.626048,0,EXPLORE
7.000,r02,0.975725,0.279317,0.749381,0,EXPLORE
7.000,r03,1.368000,0.200000,0.502639,0,EXPLORE
7.000,r04,1.751655,0.192367,0.995070,0,EXPLORE
7.000,r05,1.140845,0.328603,0.255070,0,EXPLORE
7.000,r06,1.445543,0.282921,0.871737,0,EXPLORE
7.500,r00,0.194249,0.496080,0.378965,0,EXPLORE
7.500,r01,0.586746,0.447074,0.625632,0,EXPLORE
7.500,r02,0.978744,0.319203,0.748965,0,EXPLORE
7.500,r03,1.391480,0.221741,0.502299,0,EXPLORE
7.500,r04,1.767460,0.194862,0.994880,0,EXPLORE
7.500,r05,1.102412,0.339689,0.254654,0,EXPLORE
7.500,r06,1.408090,0.296966,0.871321,0,EXPLORE
8.000,r00,0.196459,0.536019,0.378549,0,EXPLORE
8.000,r01,0.590200,0.486924,0.625216,0,EXPLORE
8.000,r02,0.981763,0.359089,0.748549,0,EXPLORE
8.000,r03,1.420831,0.248917,0.501883,0,EXPLORE
8.000,r04,1.767460,0.194862,0.994840,0,EXPLORE
8.000,r05,1.063979,0.350775,0.254238,0,EXPLORE
8.000,r06,1.370637,0.311011,0.870905,0,EXPLORE
8.500,r00,0.198228,0.567970,0.378209,0,EXPLORE
8.500,r01,0.593654,0.526775,0.624800,0,EXPLORE
8.500,r02,0.984783,0.398975,0.748133,0,EXPLORE
8.500,r03,1.450181,0.276094,0.501467,0,EXPLORE
8.500,r04,1.767460,0.194862,0.994800,0,EXPLORE
8.500,r05,1.025546,0.361862,0.253822,0,EXPLORE
8.500,r06,1.333184,0.325056,0.870489,0,EXPLORE
9.000,r00,0.198228,0.567970,0.378169,0,EXPLORE
9.000,r01,0.597108,0.566626,0.624384,0,EXPLORE
9.000,r02,0.987802,0.438860,0.747717,0,EXPLORE
9.000,r03,1.479532,0.303270,0.501051,0,EXPLORE
9.000,r04,1.734531,0.217571,0.994384,0,EXPLORE
9.000,r05,0.987113,0.372948,0.253406,0,EXPLORE
9.000,r06,1.295731,0.339101,0.870073,0,EXPLORE
9.500,r00,0.198228,0.567970,0.378129,0,EXPLORE
9.500,r01,0.597108,0.566626,0.624344,0,EXPLORE
9.500,r02,0.990821,0.478746,0.747301,0,EXPLORE
9.500,r03,1.508882,0.330446,0.500635,0,EXPLORE
9.500,r04,1.701602,0.240280,0.993968,0,EXPLORE
9.500,r05,0.948680,0.384035,0.252990,0,EXPLORE
9.500,r06,1.258277,0.353146,0.869657,0,EXPLORE
10.000,r00,0.222223,0.568450,0.377863,0,EXPLORE
10.000,r01,0.597108,0.566626,0.624304,0,EXPLORE
10.000,r02,0.993841,0.518632,0.746885,0,EXPLORE
10.000,r03,1.538232,0.357623,0.500219,0,EXPLORE
10.000,r04,1.668674,0.262990,0.993552,0,EXPLORE
10.000,r05,0.910247,0.395121,0.252574,0,EXPLORE
10.000,r06,1.220824,0.367191,0.869241,0,EXPLORE
10.500,r00,0.262215,0.569249,0.377447,0,EXPLORE
10.500,r01,0.586298,0.578422,0.624114,0,EXPLORE
10.500,r02,0.996860,0.558518,0.746469,0,EXPLORE
10.500,r03,1.567583,0.384799,0.499803,0,EXPLORE
10.500,r04,1.635745,0.285699,0.993136,0,EXPLORE
10.500,r05,0.871814,0.406208,0.252158,0,EXPLORE
10.500,r06,1.183371,0.381236,0.868825,0,EXPLORE
11.000,r00,0.302207,0.570049,0.377031,0,EXPLORE
11.000,r01,0.559275,0.607914,0.623698,0,EXPLORE
11.000,r02,0.997464,0.566495,0.746354,0,EXPLORE
11.000,r03,1.596933,0.411975,0.499387,0,EXPLORE
11.000,r04,1.602817,0.308408,0.992720,0,EXPLORE
11.000,r05,0.833381,0.417294,0.251742,0,EXPLORE
11.000,r06,1.145918,0.395281,0.868409,0,EXPLORE
11.500,r00,0.342199,0.570849,0.376615,0,EXPLORE
11.500,r01,0.532252,0.637405,0.623282,0,EXPLORE
11.500,r02,0.997464,0.566495,0.746314,0,EXPLORE
11.500,r03,1.626284,0.439152,0.498971,0,EXPLORE
11.500,r04,1.569888,0.331117,0.992304,0,EXPLORE
11.500,r05,0.794948,0.428380,0.251326,0,EXPLORE
11.500,r06,1.108465,0.409326,0.867993,0,EXPLORE
12.000,r00,0.382191,0.571648,0.376199,0,EXPLORE
12.000,r01,0.505228,0.666896,0.622866,0,EXPLORE
12.000,r02,0.997464,0.566495,0.746274,1,NAVIGATE
12.000,r03,1.655634,0.466328,0.498555,0,EXPLORE
12.000,r04,1.536959,0.353826,0.991888,0,EXPLORE
12.000,r05,0.756515,0.439467,0.250910,0,EXPLORE
12.000,r06,1.108465,0.409326,0.867953,1,NAVIGATE
12.500,r00,0.422183,0.572448,0.375783,0,EXPLORE
12.500,r01,0.478205,0.696388,0.622450,0,EXPLORE
12.500,r02,0.997464,0.566495,0.746234,1,NAVIGATE
12.500,r03,1.684985,0.493504,0.498139,0,EXPLORE
12.500,r04,1.504031,0.376536,0.991472,0,EXPLORE
12.500,r05,0.718082,0.450553,0.250494,0,EXPLORE
12.500,r06,1.108465,0.409326,0.867913,1,NAVIGATE
13.000,r00,0.462175,0.573248,0.375367,0,EXPLORE
13.000,r01,0.451181,0.725879,0.622034,0,EXPLORE
13.000,r02,1.008040,0.578501,0.746044,1,NAVIGATE
13.000,r03,1.714335,0.520681,0.497723,0,EXPLORE
13.000,r04,1.471102,0.399245,0.991056,0,EXPLORE
13.000,r05,0.679649,0.461640,0.250078,0,EXPLORE
13.000,r06,1.111777,0.424979,0.867723,1,NAVIGATE
13.500,r00,0.502167,0.574048,0.374951,0,EXPLORE
13.500,r01,0.424158,0.755370,0.621618,0,EXPLORE
13.500,r02,1.034481,0.608515,0.745628,1,NAVIGATE
13.500,r03,1.743685,0.547857,0.497307,0,EXPLORE
13.500,r04,1.438174,0.421954,0.990640,0,EXPLORE
13.500,r05,0.641216,0.472726,0.249662,0,EXPLORE
13.500,r06,1.120056,0.464113,0.867307,1,NAVIGATE
14.000,r00,0.542159,0.574847,0.374535,0,EXPLORE
14.000,r01,0.397135,0.784861,0.621202,0,EXPLORE
14.000,r02,1.060923,0.638530,0.745212,1,NAVIGATE
14.000,r03,1.773036,0.575033,0.496891,0,EXPLORE
14.000,r04,1.405245,0.444663,0.990224,0,EXPLORE
14.000,r05,0.602783,0.483813,0.249246,0,EXPLORE
14.000,r06,1.128336,0.503247,0.866891,1,NAVIGATE
14.500,r00,0.582151,0.575647,0.374119,0,EXPLORE
14.500,r01,0.370111,0.814353,0.620786,0,EXPLORE
14.500,r02,1.087364,0.668544,0.744796,1,NAVIGATE
14.500,r03,1.778906,0.580468,0.496775,0,EXPLORE
14.500,r04,1.372316,0.467372,0.989808,0,EXPLORE
14.500,r05,0.564350,0.494899,0.248830,0,EXPLORE
14.500,r06,1.136615,0.542380,0.866475,1,NAVIGATE
15.000,r00,0.622143,0.576447,0.373703,0,EXPLORE
15.000,r01,0.343088,0.843844,0.620370,0,EXPLORE
15.000,r02,1.113805,0.698559,0.744380,1,NAVIGATE
15.000,r03,1.778906,0.580468,0.496735,0,EXPLORE
15.000,r04,1.339388,0.490082,0.989392,0,EXPLORE
15.000,r05,0.525917,0.505985,0.248414,0,EXPLORE
15.000,r06,1.144895,0.581514,0.866059,1,NAVIGATE
15.500,r00,0.662135,0.577246,0.373287,0,EXPLORE
15.500,r01,0.316065,0.873335,0.619954,0,EXPLORE
15.500,r02,1.140246,0.728573,0.743964,1,NAVIGATE
15.500,r03,1.771805,0.584154,0.496620,0,EXPLORE
15.500,r04,1.306459,0.512791,0.988976,0,EXPLORE
15.500,r05,0.487484,0.517072,0.247998,0,EXPLORE
15.500,r06,1.153174,0.620648,0.865643,1,NAVIGATE
16.000,r00,0.702127,0.578046,0.372871,0,EXPLORE
16.000,r01,0.289041,0.902827,0.619538,0,EXPLORE
16.000,r02,1.166687,0.758587,0.743548,1,NAVIGATE
16.000,r03,1.736303,0.602582,0.496204,0,EXPLORE
16.000,r04,1.273531,0.535500,0.988560,0,EXPLORE
16.000,r05,0.449052,0.528158,0.247582,0,EXPLORE
16.000,r06,1.161454,0.659782,0.865227,1,NAVIGATE
16.500,r00,0.742119,0.578846,0.372455,0,EXPLORE
16.500,r01,0.262018,0.932318,0.619122,0,EXPLORE
16.500,r02,1.166687,0.758587,0.743508,1,WAIT_PEERS
16.500,r03,1.700801,0.621009,0.495788,0,EXPLORE
16.500,r04,1.240602,0.558209,0.988144,0,EXPLORE
16.500,r05,0.410619,0.539245,0.247166,0,EXPLORE
16.500,r06,1.169734,0.698915,0.864811,1,NAVIGATE
17.000,r00,0.742119,0.578846,0.372415,1,NAVIGATE
17.000,r01,0.234995,0.961809,0.618706,0,EXPLORE
17.000,r02,1.166687,0.758587,0.743468,1,WAIT_PEERS
17.000,r03,1.665298,0.639437,0.495372,0,EXPLORE
17.000,r04,1.207673,0.580918,0.987728,0,EXPLORE
17.000,r05,0.372186,0.550331,0.246750,0,EXPLORE
17.000,r06,1.178013,0.738049,0.864395,1,NAVIGATE
17.500,r00,0.742119,0.578846,0.372375,1,NAVIGATE
17.500,r01,0.218781,0.979504,0.618440,0,EXPLORE
17.500,r02,1.166687,0.758587,0.743428,1,EXECUTE
17.500,r03,1.629796,0.657864,0.494956,0,EXPLORE
17.500,r04,1.174745,0.603628,0.987312,0,EXPLORE
17.500,r05,0.333753,0.561417,0.246334,0,EXPLORE
17.500,r06,1.181325,0.753703,0.864204,1,EXECUTE
18.000,r00,0.750239,0.565059,0.372185,1,NAVIGATE
18.000,r01,0.218781,0.979504,0.618400,0,EXPLORE
18.000,r02,1.166687,0.758587,0.743388,1,EXECUTE
18.000,r03,1.594293,0.676292,0.494540,0,EXPLORE
18.000,r04,1.141816,0.626337,0.986896,0,EXPLORE
18.000,r05,0.295320,0.572504,0.245918,0,EXPLORE
18.000,r06,1.181325,0.753703,0.864164,1,EXECUTE
18.500,r00,0.770539,0.530593,0.371769,1,NAVIGATE
18.500,r01,0.218781,0.979504,0.618360,0,EXPLORE
18.500,r02,1.166687,0.758587,0.743348,1,EXECUTE
18.500,r03,1.558791,0.694719,0.494124,0,EXPLORE
18.500,r04,1.108888,0.649046,0.986480,0,EXPLORE
18.500,r05,0.256887,0.583590,0.245502,0,EXPLORE
18.500,r06,1.181325,0.753703,0.864124,1,EXECUTE
19.000,r00,0.790839,0.496128,0.371353,1,NAVIGATE
19.000,r01,0.250778,0.979919,0.618019,0,EXPLORE
19.000,r02,1.166687,0.758587,0.743308,1,EXECUTE
19.000,r03,1.523288,0.713147,0.493708,0,EXPLORE
19.000,r04,1.075959,0.671755,0.986064,0,EXPLORE
19.000,r05,0.226140,0.592459,0.245162,0,EXPLORE
19.000,r06,1.181325,0.753703,0.864084,1,EXECUTE
19.500,r00,0.794899,0.489234,0.371237,1,EXECUTE
19.500,r01,0.290775,0.980437,0.617603,0,EXPLORE
19.500,r02,1.166687,0.758587,0.743268,1,EXECUTE
19.500,r03,1.487786,0.731575,0.493292,0,EXPLORE
19.500,r04,1.043030,0.694464,0.985648,0,EXPLORE
19.500,r05,0.226140,0.592459,0.245122,0,EXPLORE
19.500,r06,1.181325,0.753703,0.864044,1,EXECUTE
20.000,r00,0.794899,0.489234,0.371197,1,EXECUTE
20.000,r01,0.330771,0.980956,0.617187,0,EXPLORE
20.000,r02,1.166687,0.758587,0.743228,1,EXECUTE
20.000,r03,1.452283,0.750002,0.492876,0,EXPLORE
20.000,r04,1.010102,0.717173,0.985232,0,EXPLORE
20.000,r05,0.226140,0.592459,0.245082,0,EXPLORE
20.000,r06,1.181325,0.753703,0.864004,1,EXECUTE
20.500,r00,0.794899,0.489234,0.371157,1,EXECUTE
20.500,r01,0.370768,0.981474,0.616771,0,EXPLORE
20.500,r02,1.166687,0.758587,0.743188,1,EXECUTE
20.500,r03,1.416781,0.768430,0.492460,0,EXPLORE
20.500,r04,0.977173,0.739883,0.984816,0,EXPLORE
20.500,r05,0.245913,0.606062,0.244816,0,EXPLORE
20.500,r06,1.181325,0.753703,0.863964,1,EXECUTE
21.000,r00,0.794899,0.489234,0.371117,1,EXECUTE
21.000,r01,0.410764,0.981993,0.616355,0,EXPLORE
21.000,r02,1.166687,0.758587,0.743148,1,EXECUTE
21.000,r03,1.381278,0.786857,0.492044,0,EXPLORE
21.000,r04,0.944245,0.762592,0.984400,0,EXPLORE
21.000,r05,0.278868,0.628733,0.244400,0,EXPLORE
21.000,r06,1.181325,0.753703,0.863924,1,EXECUTE
21.500,r00,0.794899,0.489234,0.371077,1,EXECUTE
21.500,r01,0.450761,0.982511,0.615939,0,EXPLORE
21.500,r02,1.166687,0.758587,0.743108,1,EXECUTE
21.500,r03,1.381278,0.786857,0.492004,0,NAVIGATE
21.500,r04,0.911316,0.785301,0.983984,0,EXPLORE
21.500,r05,0.278868,0.628733,0.244360,0,NAVIGATE
21.500,r06,1.181325,0.753703,0.863884,1,EXECUTE
22.000,r00,0.794899,0.489234,0.371037,1,EXECUTE
22.000,r01,0.490758,0.983030,0.615523,0,EXPLORE
22.000,r02,1.166687,0.758587,0.743068,1,EXECUTE
22.000,r03,1.381278,0.786857,0.491964,0,NAVIGATE
22.000,r04,0.878387,0.808010,0.983568,0,EXPLORE
22.000,r05,0.278868,0.628733,0.244320,0,NAVIGATE
22.000,r06,1.181325,0.753703,0.863844,1,EXECUTE
22.500,r00,0.794899,0.489234,0.370997,1,EXECUTE
22.500,r01,0.530754,0.983548,0.615107,0,EXPLORE
22.500,r02,1.166687,0.758587,0.743028,1,EXECUTE
22.500,r03,1.395537,0.794115,0.491774,0,NAVIGATE
22.500,r04,0.845459,0.830719,0.983152,0,EXPLORE
22.500,r05,0.285019,0.643504,0.244130,0,NAVIGATE
22.500,r06,1.181325,0.753703,0.863804,1,EXECUTE
23.000,r00,0.794899,0.489234,0.370957,1,EXECUTE
23.000,r01,0.530754,0.983548,0.615067,1,NAVIGATE
23.000,r02,1.166687,0.758587,0.742988,1,EXECUTE
23.000,r03,1.431185,0.812261,0.491358,0,NAVIGATE
23.000,r04,0.845459,0.830719,0.983112,1,NAVIGATE
23.000,r05,0.285019,0.643504,0.244090,1,NAVIGATE
23.000,r06,1.181325,0.753703,0.863764,1,EXECUTE
23.500,r00,0.794899,0.489234,0.370917,1,EXECUTE
23.500,r01,0.530754,0.983548,0.615027,1,NAVIGATE
23.500,r02,1.166687,0.758587,0.742948,1,EXECUTE
23.500,r03,1.466832,0.830407,0.490942,0,NAVIGATE
23.500,r04,0.845459,0.830719,0.983072,1,NAVIGATE
23.500,r05,0.285019,0.643504,0.244050,1,NAVIGATE
23.500,r06,1.181325,0.753703,0.863724,1,EXECUTE
24.000,r00,0.794899,0.489234,0.370877,1,EXECUTE
24.000,r01,0.530754,0.983548,0.614987,1,NAVIGATE
24.000,r02,1.166687,0.758587,0.742908,1,EXECUTE
24.000,r03,1.502479,0.848552,0.490526,0,NAVIGATE
24.000,r04,0.831262,0.823340,0.982882,1,NAVIGATE
24.000,r05,0.279372,0.628533,0.243859,1,NAVIGATE
24.000,r06,1.181325,0.753703,0.863684,1,EXECUTE
24.500,r00,0.794899,0.489234,0.370837,1,EXECUTE
24.500,r01,0.545957,0.988536,0.614797,1,NAVIGATE
24.500,r02,1.166687,0.758587,0.742868,1,EXECUTE
24.500,r03,1.538127,0.866698,0.490110,0,NAVIGATE
24.500,r04,0.795771,0.804891,0.982466,1,NAVIGATE
24.500,r05,0.265254,0.591107,0.243443,1,NAVIGATE
24.500,r06,1.181325,0.753703,0.863644,1,EXECUTE
25.000,r00,0.794899,0.489234,0.370797,1,EXECUTE
25.000,r01,0.583963,1.001006,0.614381,1,NAVIGATE
25.000,r02,1.166687,0.758587,0.742828,1,EXECUTE
25.000,r03,1.573774,0.884844,0.489694,0,NAVIGATE
25.000,r04,0.760280,0.786442,0.982050,1,NAVIGATE
25.000,r05,0.251137,0.553682,0.243027,1,NAVIGATE
25.000,r06,1.181325,0.753703,0.863604,1,EXECUTE
25.500,r00,0.794899,0.489234,0.370757,1,EXECUTE
25.500,r01,0.621970,1.013477,0.613965,1,NAVIGATE
25.500,r02,1.166687,0.758587,0.742788,1,EXECUTE
25.500,r03,1.609422,0.902989,0.489278,0,NAVIGATE
25.500,r04,0.724788,0.767993,0.981634,1,NAVIGATE
25.500,r05,0.248313,0.546196,0.242912,1,WAIT_PEERS
25.500,r06,1.181325,0.753703,0.863564,1,EXECUTE
26.000,r00,0.794899,0.489234,0.370717,1,EXECUTE
26.000,r01,0.659976,1.025947,0.613549,1,NAVIGATE
26.000,r02,1.166687,0.758587,0.742748,1,EXECUTE
26.000,r03,1.645069,0.921135,0.488862,0,NAVIGATE
26.000,r04,0.689297,0.749544,0.981218,1,NAVIGATE
26.000,r05,0.248313,0.546196,0.242872,1,WAIT_PEERS
26.000,r06,1.181325,0.753703,0.863524,1,EXECUTE
26.500,r00,0.794899,0.489234,0.370677,1,EXECUTE
26.500,r01,0.659976,1.025947,0.613509,2,NAVIGATE
26.500,r02,1.166687,0.758587,0.742708,1,EXECUTE
26.500,r03,1.645069,0.921135,0.488822,1,NAVIGATE
26.500,r04,0.653806,0.731095,0.980802,2,NAVIGATE
26.500,r05,0.248313,0.546196,0.242832,1,WAIT_PEERS
26.500,r06,1.181325,0.753703,0.863484,1,EXECUTE
27.000,r00,0.794899,0.489234,0.370637,1,EXECUTE
27.000,r01,0.659976,1.025947,0.613469,2,NAVIGATE
27.000,r02,1.166687,0.758587,0.742668,1,EXECUTE
27.000,r03,1.645069,0.921135,0.488782,1,NAVIGATE
27.000,r04,0.618314,0.712646,0.980386,2,NAVIGATE
27.000,r05,0.248313,0.546196,0.242792,1,WAIT_PEERS
27.000,r06,1.181325,0.753703,0.863444,1,EXECUTE
27.500,r00,0.794899,0.489234,0.370597,1,EXECUTE
27.500,r01,0.649773,1.013622,0.613278,2,NAVIGATE
27.500,r02,1.166687,0.758587,0.742628,1,EXECUTE
27.500,r03,1.630080,0.926734,0.488591,1,NAVIGATE
27.500,r04,0.582823,0.694197,0.979970,2,NAVIGATE
27.500,r05,0.248313,0.546196,0.242752,1,WAIT_PEERS
27.500,r06,1.181325,0.753703,0.863404,1,EXECUTE
28.000,r00,0.794899,0.489234,0.370557,2,EXECUTE
28.000,r01,0.624266,0.982810,0.612862,2,NAVIGATE
28.000,r02,1.166687,0.758587,0.742588,2,EXECUTE
28.000,r03,1.592609,0.940730,0.488175,1,NAVIGATE
28.000,r04,0.547332,0.675748,0.979554,2,NAVIGATE
28.000,r05,0.248313,0.546196,0.242712,3,WAIT_PEERS
28.000,r06,1.181325,0.753703,0.863364,1,EXECUTE
28.500,r00,0.794899,0.489234,0.370517,2,EXECUTE
28.500,r01,0.598759,0.951998,0.612446,2,NAVIGATE
28.500,r02,1.166687,0.758587,0.742548,2,EXECUTE
28.500,r03,1.555138,0.954727,0.487759,1,NAVIGATE
28.500,r04,0.511840,0.657299,0.979138,2,NAVIGATE
28.500,r05,0.248313,0.546196,0.242672,3,WAIT_PEERS
28.500,r06,1.181325,0.753703,0.863324,1,EXECUTE
29.000,r00,0.794899,0.489234,0.370477,2,EXECUTE
29.000,r01,0.573252,0.921186,0.612030,2,NAVIGATE
29.000,r02,1.166687,0.758587,0.742508,2,EXECUTE
29.000,r03,1.517667,0.968723,0.487343,1,NAVIGATE
29.000,r04,0.476349,0.638850,0.978722,2,NAVIGATE
29.000,r05,0.248313,0.546196,0.242632,3,WAIT_PEERS
29.000,r06,1.181325,0.753703,0.863284,1,EXECUTE
29.500,r00,0.794899,0.489234,0.370437,2,EXECUTE
29.500,r01,0.547744,0.890374,0.611614,2,NAVIGATE
29.500,r02,1.166687,0.758587,0.742468,2,EXECUTE
29.500,r03,1.480195,0.982720,0.486927,1,NAVIGATE
29.500,r04,0.440858,0.620401,0.978306,2,NAVIGATE
29.500,r05,0.248313,0.546196,0.242592,3,WAIT_PEERS
29.500,r06,1.181325,0.753703,0.863244,1,EXECUTE
30.000,r00,0.794899,0.489234,0.370397,2,EXECUTE
30.000,r01,0.522237,0.859562,0.611198,2,NAVIGATE
30.000,r02,1.166687,0.758587,0.742428,2,EXECUTE
30.000,r03,1.442724,0.996716,0.486511,1,NAVIGATE
30.000,r04,0.405366,0.601952,0.977890,2,NAVIGATE
30.000,r05,0.248313,0.546196,0.242552,3,WAIT_PEERS
30.000,r06,1.181325,0.753703,0.863204,1,EXECUTE
30.500,r00,0.794899,0.489234,0.370357,2,EXECUTE
30.500,r01,0.496730,0.828750,0.610782,2,NAVIGATE
30.500,r02,1.166687,0.758587,0.742388,2,EXECUTE
30.500,r03,1.405253,1.010713,0.486095,1,NAVIGATE
30.500,r04,0.369875,0.583503,0.977474,2,NAVIGATE
30.500,r05,0.248313,0.546196,0.242512,3,WAIT_PEERS
30.500,r06,1.181325,0.753703,0.863164,1,EXECUTE
31.000,r00,0.794899,0.489234,0.370317,2,EXECUTE
31.000,r01,0.471223,0.797938,0.610366,2,NAVIGATE
31.000,r02,1.166687,0.758587,0.742348,2,EXECUTE
31.000,r03,1.367781,1.024709,0.485679,1,NAVIGATE
31.000,r04,0.334384,0.565054,0.977058,2,NAVIGATE
31.000,r05,0.248313,0.546196,0.242472,3,WAIT_PEERS
31.000,r06,1.181325,0.753703,0.863124,1,EXECUTE
31.500,r00,0.794899,0.489234,0.370277,2,EXECUTE
31.500,r01,0.445715,0.767126,0.609950,2,NAVIGATE
31.500,r02,1.166687,0.758587,0.742308,2,EXECUTE
31.500,r03,1.330310,1.038706,0.485263,1,NAVIGATE
31.500,r04,0.298892,0.546605,0.976642,2,NAVIGATE
31.500,r05,0.248313,0.546196,0.242432,3,WAIT_PEERS
31.500,r06,1.181325,0.753703,0.863084,1,EXECUTE
32.000,r00,0.794899,0.489234,0.370237,2,EXECUTE
32.000,r01,0.420208,0.736314,0.609534,2,NAVIGATE
32.000,r02,1.166687,0.758587,0.742268,2,EXECUTE
32.000,r03,1.292839,1.052703,0.484847,1,NAVIGATE
32.000,r04,0.263401,0.528156,0.976226,2,NAVIGATE
32.000,r05,0.248313,0.546196,0.242392,3,WAIT_PEERS
32.000,r06,1.181325,0.753703,0.863044,1,EXECUTE
32.500,r00,0.794899,0.489234,0.370197,2,EXECUTE
32.500,r01,0.394701,0.705502,0.609118,2,NAVIGATE
32.500,r02,1.166687,0.758587,0.742228,2,EXECUTE
32.500,r03,1.255368,1.066699,0.484431,1,NAVIGATE
32.500,r04,0.263401,0.528156,0.976186,2,WAIT_PEERS
32.500,r05,0.248313,0.546196,0.242352,3,WAIT_PEERS
32.500,r06,1.181325,0.753703,0.863004,1,EXECUTE
33.000,r00,0.794899,0.489234,0.370157,2,EXECUTE
33.000,r01,0.369194,0.674690,0.608702,2,NAVIGATE
33.000,r02,1.166687,0.758587,0.742188,2,EXECUTE
33.000,r03,1.217896,1.080696,0.484015,1,NAVIGATE
33.000,r04,0.263401,0.528156,0.976146,2,WAIT_PEERS
33.000,r05,0.248313,0.546196,0.242312,3,WAIT_PEERS
33.000,r06,1.181325,0.753703,0.862964,1,EXECUTE
33.500,r00,0.794899,0.489234,0.370117,2,EXECUTE
33.500,r01,0.343686,0.643878,0.608286,2,NAVIGATE
33.500,r02,1.166687,0.758587,0.742148,2,EXECUTE
33.500,r03,1.180425,1.094692,0.483599,1,NAVIGATE
33.500,r04,0.263401,0.528156,0.976106,2,WAIT_PEERS
33.500,r05,0.248313,0.546196,0.242272,3,WAIT_PEERS
33.500,r06,1.181325,0.753703,0.862924,1,EXECUTE
34.000,r00,0.794899,0.489234,0.370077,2,EXECUTE
34.000,r01,0.318179,0.613066,0.607870,2,NAVIGATE
34.000,r02,1.166687,0.758587,0.742108,2,EXECUTE
34.000,r03,1.142954,1.108689,0.483183,1,NAVIGATE
34.000,r04,0.263401,0.528156,0.976066,2,WAIT_PEERS
34.000,r05,0.248313,0.546196,0.242232,3,WAIT_PEERS
34.000,r06,1.181325,0.753703,0.862884,1,EXECUTE
34.500,r00,0.794899,0.489234,0.370037,1,NAVIGATE
34.500,r01,0.292672,0.582254,0.607454,2,NAVIGATE
34.500,r02,1.166687,0.758587,0.742068,2,EXECUTE
34.500,r03,1.105482,1.122685,0.482767,1,NAVIGATE
34.500,r04,0.263401,0.528156,0.976026,2,WAIT_PEERS
34.500,r05,0.248313,0.546196,0.242192,3,WAIT_PEERS
34.500,r06,1.181325,0.753703,0.862844,2,EXECUTE
35.000,r00,0.794899,0.489234,0.369997,1,NAVIGATE
35.000,r01,0.267165,0.551442,0.607038,2,NAVIGATE
35.000,r02,1.166687,0.758587,0.742028,2,EXECUTE
35.000,r03,1.068011,1.136682,0.482351,1,NAVIGATE
35.000,r04,0.263401,0.528156,0.975986,2,WAIT_PEERS
35.000,r05,0.248313,0.546196,0.242152,3,WAIT_PEERS
35.000,r06,1.181325,0.753703,0.862804,2,EXECUTE
35.500,r00,0.786948,0.490118,0.369882,1,NAVIGATE
35.500,r01,0.256962,0.539117,0.606848,2,EXECUTE
35.500,r02,1.166687,0.758587,0.741988,2,EXECUTE
35.500,r03,1.030540,1.150678,0.481935,1,NAVIGATE
35.500,r04,0.263401,0.528156,0.975946,2,EXECUTE
35.500,r05,0.248313,0.546196,0.242112,3,EXECUTE
35.500,r06,1.181325,0.753703,0.862764,2,EXECUTE
36.000,r00,0.747193,0.494534,0.369466,1,NAVIGATE
36.000,r01,0.256962,0.539117,0.606808,2,EXECUTE
36.000,r02,1.166687,0.758587,0.741948,2,EXECUTE
36.000,r03,0.993069,1.164675,0.481519,1,NAVIGATE
36.000,r04,0.263401,0.528156,0.975906,2,EXECUTE
36.000,r05,0.248313,0.546196,0.242072,3,EXECUTE
36.000,r06,1.181325,0.753703,0.862724,2,EXECUTE
36.500,r00,0.707437,0.498950,0.369050,1,NAVIGATE
36.500,r01,0.256962,0.539117,0.606768,2,EXECUTE
36.500,r02,1.166687,0.758587,0.741908,2,EXECUTE
36.500,r03,0.955597,1.178671,0.481103,1,NAVIGATE
36.500,r04,0.263401,0.528156,0.975866,2,EXECUTE
36.500,r05,0.248313,0.546196,0.242032,3,EXECUTE
36.500,r06,1.181325,0.753703,0.862684,2,EXECUTE
37.000,r00,0.667682,0.503367,0.368634,1,NAVIGATE
37.000,r01,0.256962,0.539117,0.606728,2,EXECUTE
37.000,r02,1.166687,0.758587,0.741868,2,EXECUTE
37.000,r03,0.918126,1.192668,0.480687,1,NAVIGATE
37.000,r04,0.263401,0.528156,0.975826,2,EXECUTE
37.000,r05,0.248313,0.546196,0.241992,3,EXECUTE
37.000,r06,1.181325,0.753703,0.862644,2,EXECUTE
37.500,r00,0.627926,0.507783,0.368218,1,NAVIGATE
37.500,r01,0.256962,0.539117,0.606688,2,EXECUTE
37.500,r02,1.166687,0.758587,0.741828,1,NAVIGATE
37.500,r03,0.880655,1.206664,0.480271,1,NAVIGATE
37.500,r04,0.263401,0.528156,0.975786,2,EXECUTE
37.500,r05,0.248313,0.546196,0.241952,3,EXECUTE
37.500,r06,1.181325,0.753703,0.862604,1,NAVIGATE
38.000,r00,0.612024,0.509549,0.368028,1,WAIT_PEERS
38.000,r01,0.256962,0.539117,0.606648,2,EXECUTE
38.000,r02,1.166687,0.758587,0.741788,1,NAVIGATE
38.000,r03,0.843183,1.220661,0.479855,1,NAVIGATE
38.000,r04,0.263401,0.528156,0.975746,2,EXECUTE
38.000,r05,0.248313,0.546196,0.241912,3,EXECUTE
38.000,r06,1.181325,0.753703,0.862564,1,NAVIGATE
38.500,r00,0.612024,0.509549,0.367988,1,WAIT_PEERS
38.500,r01,0.256962,0.539117,0.606608,2,EXECUTE
38.500,r02,1.166687,0.758587,0.741748,1,NAVIGATE
38.500,r03,0.805712,1.234658,0.479439,1,NAVIGATE
38.500,r04,0.263401,0.528156,0.975706,2,EXECUTE
38.500,r05,0.248313,0.546196,0.241872,3,EXECUTE
38.500,r06,1.181325,0.753703,0.862524,1,NAVIGATE
39.000,r00,0.612024,0.509549,0.367948,1,WAIT_PEERS
39.000,r01,0.256962,0.539117,0.606568,2,EXECUTE
39.000,r02,1.129758,0.743218,0.741332,1,NAVIGATE
39.000,r03,0.768241,1.248654,0.479023,1,NAVIGATE
39.000,r04,0.263401,0.528156,0.975666,2,EXECUTE
39.000,r05,0.248313,0.546196,0.241832,3,EXECUTE
39.000,r06,1.145048,0.736851,0.862108,1,NAVIGATE
39.500,r00,0.612024,0.509549,0.367908,1,WAIT_PEERS
39.500,r01,0.256962,0.539117,0.606528,2,EXECUTE
39.500,r02,1.092828,0.727849,0.740916,1,NAVIGATE
39.500,r03,0.730770,1.262651,0.478607,1,NAVIGATE
39.500,r04,0.263401,0.528156,0.975626,2,EXECUTE
39.500,r05,0.248313,0.546196,0.241792,3,EXECUTE
39.500,r06,1.108770,0.720000,0.861692,1,NAVIGATE
40.000,r00,0.612024,0.509549,0.367868,1,WAIT_PEERS
40.000,r01,0.256962,0.539117,0.606488,2,EXECUTE
40.000,r02,1.055899,0.712480,0.740500,1,NAVIGATE
40.000,r03,0.693298,1.276647,0.478191,1,NAVIGATE
40.000,r04,0.263401,0.528156,0.975586,2,EXECUTE
40.000,r05,0.248313,0.546196,0.241752,3,EXECUTE
40.000,r06,1.072493,0.703149,0.861276,1,NAVIGATE
40.500,r00,0.612024,0.509549,0.367828,1,WAIT_PEERS
40.500,r01,0.256962,0.539117,0.606448,2,EXECUTE
40.500,r02,1.018969,0.697111,0.740084,1,NAVIGATE
40.500,r03,0.678310,1.282246,0.478001,1,WAIT_PEERS
40.500,r04,0.263401,0.528156,0.975546,2,EXECUTE
40.500,r05,0.248313,0.546196,0.241712,3,EXECUTE
40.500,r06,1.036216,0.686298,0.860860,1,NAVIGATE
41.000,r00,0.612024,0.509549,0.367788,1,WAIT_PEERS
41.000,r01,0.256962,0.539117,0.606408,2,EXECUTE
41.000,r02,0.982040,0.681742,0.739668,1,NAVIGATE
41.000,r03,0.678310,1.282246,0.477961,1,WAIT_PEERS
41.000,r04,0.263401,0.528156,0.975506,2,EXECUTE
41.000,r05,0.248313,0.546196,0.241672,3,EXECUTE
41.000,r06,0.999939,0.669447,0.860444,1,NAVIGATE
41.500,r00,0.612024,0.509549,0.367748,1,WAIT_PEERS
41.500,r01,0.256962,0.539117,0.606368,2,EXECUTE
41.500,r02,0.945110,0.666373,0.739252,1,NAVIGATE
41.500,r03,0.678310,1.282246,0.477921,1,WAIT_PEERS
41.500,r04,0.263401,0.528156,0.975466,2,EXECUTE
41.500,r05,0.248313,0.546196,0.241632,3,EXECUTE
41.500,r06,0.963661,0.652596,0.860028,1,NAVIGATE
42.000,r00,0.612024,0.509549,0.367708,2,WAIT_PEERS
42.000,r01,0.256962,0.539117,0.606328,2,EXECUTE
42.000,r02,0.908180,0.651004,0.738836,1,NAVIGATE
42.000,r03,0.678310,1.282246,0.477881,1,WAIT_PEERS
42.000,r04,0.263401,0.528156,0.975426,2,EXECUTE
42.000,r05,0.248313,0.546196,0.241592,3,EXECUTE
42.000,r06,0.927384,0.635745,0.859612,1,NAVIGATE
42.500,r00,0.612024,0.509549,0.367668,2,WAIT_PEERS
42.500,r01,0.256962,0.539117,0.606288,2,EXECUTE
42.500,r02,0.871251,0.635635,0.738420,1,NAVIGATE
42.500,r03,0.678310,1.282246,0.477841,1,WAIT_PEERS
42.500,r04,0.263401,0.528156,0.975386,2,EXECUTE
42.500,r05,0.248313,0.546196,0.241552,3,EXECUTE
42.500,r06,0.891107,0.618894,0.859196,1,NAVIGATE
43.000,r00,0.612024,0.509549,0.367628,2,WAIT_PEERS
43.000,r01,0.256962,0.539117,0.606248,2,EXECUTE
43.000,r02,0.834321,0.620266,0.738004,1,NAVIGATE
43.000,r03,0.678310,1.282246,0.477801,1,WAIT_PEERS
43.000,r04,0.263401,0.528156,0.975346,2,EXECUTE
43.000,r05,0.248313,0.546196,0.241512,3,EXECUTE
43.000,r06,0.854829,0.602043,0.858780,1,NAVIGATE
43.500,r00,0.612024,0.509549,0.367588,2,WAIT_PEERS
43.500,r01,0.256962,0.539117,0.606208,2,EXECUTE
43.500,r02,0.797392,0.604897,0.737588,1,NAVIGATE
43.500,r03,0.678310,1.282246,0.477761,1,WAIT_PEERS
43.500,r04,0.263401,0.528156,0.975306,2,EXECUTE
43.500,r05,0.248313,0.546196,0.241472,3,EXECUTE
43.500,r06,0.818552,0.585192,0.858364,1,NAVIGATE
44.000,r00,0.612024,0.509549,0.367548,2,WAIT_PEERS
44.000,r01,0.256962,0.539117,0.606168,2,EXECUTE
44.000,r02,0.760462,0.589528,0.737172,1,NAVIGATE
44.000,r03,0.678310,1.282246,0.477721,1,WAIT_PEERS
44.000,r04,0.263401,0.528156,0.975266,2,EXECUTE
44.000,r05,0.248313,0.546196,0.241432,3,EXECUTE
44.000,r06,0.782275,0.568341,0.857948,1,NAVIGATE
44.500,r00,0.612024,0.509549,0.367508,2,WAIT_PEERS
44.500,r01,0.256962,0.539117,0.606128,2,EXECUTE
44.500,r02,0.723533,0.574159,0.736756,1,NAVIGATE
44.500,r03,0.678310,1.282246,0.477681,1,WAIT_PEERS
44.500,r04,0.263401,0.528156,0.975226,2,EXECUTE
44.500,r05,0.248313,0.546196,0.241392,3,EXECUTE
44.500,r06,0.745998,0.551490,0.857532,1,NAVIGATE
45.000,r00,0.612024,0.509549,0.367468,2,WAIT_PEERS
45.000,r01,0.256962,0.539117,0.606088,2,EXECUTE
45.000,r02,0.686603,0.558790,0.736340,1,NAVIGATE
45.000,r03,0.678310,1.282246,0.477641,1,WAIT_PEERS
45.000,r04,0.263401,0.528156,0.975186,2,EXECUTE
45.000,r05,0.248313,0.546196,0.241352,3,EXECUTE
45.000,r06,0.716976,0.538009,0.857191,1,EXECUTE
45.500,r00,0.612024,0.509549,0.367428,2,WAIT_PEERS
45.500,r01,0.256962,0.539117,0.606048,1,NAVIGATE
45.500,r02,0.649674,0.543421,0.735924,1,NAVIGATE
45.500,r03,0.678310,1.282246,0.477601,1,WAIT_PEERS
45.500,r04,0.263401,0.528156,0.975146,1,NAVIGATE
45.500,r05,0.248313,0.546196,0.241312,2,NAVIGATE
45.500,r06,0.716976,0.538009,0.857151,1,EXECUTE
46.000,r00,0.612024,0.509549,0.367388,2,WAIT_PEERS
46.000,r01,0.256962,0.539117,0.606008,1,NAVIGATE
46.000,r02,0.612744,0.528052,0.735508,1,NAVIGATE
46.000,r03,0.678310,1.282246,0.477561,1,WAIT_PEERS
46.000,r04,0.263401,0.528156,0.975106,1,NAVIGATE
46.000,r05,0.248313,0.546196,0.241272,2,NAVIGATE
46.000,r06,0.716976,0.538009,0.857111,1,EXECUTE
46.500,r00,0.612024,0.509549,0.367348,2,WAIT_PEERS
46.500,r01,0.256962,0.539117,0.605968,1,NAVIGATE
46.500,r02,0.605358,0.524978,0.735393,1,WAIT_PEERS
46.500,r03,0.678310,1.282246,0.477521,1,WAIT_PEERS
46.500,r04,0.263401,0.528156,0.975066,1,NAVIGATE
46.500,r05,0.248313,0.546196,0.241232,2,NAVIGATE
46.500,r06,0.716976,0.538009,0.857071,1,EXECUTE
47.000,r00,0.612024,0.509549,0.367308,2,WAIT_PEERS
47.000,r01,0.275527,0.574548,0.605552,1,NAVIGATE
47.000,r02,0.605358,0.524978,0.735353,1,WAIT_PEERS
47.000,r03,0.678310,1.282246,0.477481,1,WAIT_PEERS
47.000,r04,0.281519,0.563817,0.974650,1,NAVIGATE
47.000,r05,0.284274,0.563712,0.240816,2,NAVIGATE
47.000,r06,0.716976,0.538009,0.857031,1,EXECUTE
47.500,r00,0.612024,0.509549,0.367268,2,WAIT_PEERS
47.500,r01,0.294093,0.609978,0.605136,1,NAVIGATE
47.500,r02,0.605358,0.524978,0.735313,1,WAIT_PEERS
47.500,r03,0.678310,1.282246,0.477441,1,WAIT_PEERS
47.500,r04,0.299637,0.599479,0.974234,1,NAVIGATE
47.500,r05,0.320235,0.581228,0.240400,2,NAVIGATE
47.500,r06,0.716976,0.538009,0.856991,1,EXECUTE
48.000,r00,0.612024,0.509549,0.367228,2,WAIT_PEERS
48.000,r01,0.312659,0.645409,0.604720,1,NAVIGATE
48.000,r02,0.605358,0.524978,0.735273,1,WAIT_PEERS
48.000,r03,0.678310,1.282246,0.477401,1,WAIT_PEERS
48.000,r04,0.317755,0.635140,0.973818,1,NAVIGATE
48.000,r05,0.356196,0.598744,0.239984,2,NAVIGATE
48.000,r06,0.716976,0.538009,0.856951,1,EXECUTE
48.500,r00,0.612024,0.509549,0.367188,2,WAIT_PEERS
48.500,r01,0.331225,0.680839,0.604304,1,NAVIGATE
48.500,r02,0.605358,0.524978,0.735233,1,WAIT_PEERS
48.500,r03,0.678310,1.282246,0.477361,1,WAIT_PEERS
48.500,r04,0.335874,0.670801,0.973402,1,NAVIGATE
48.500,r05,0.356196,0.598744,0.239944,2,EXECUTE
48.500,r06,0.716976,0.538009,0.856911,1,EXECUTE
49.000,r00,0.612024,0.509549,0.367148,2,WAIT_PEERS
49.000,r01,0.349790,0.716269,0.603888,1,NAVIGATE
49.000,r02,0.605358,0.524978,0.735193,1,WAIT_PEERS
49.000,r03,0.678310,1.282246,0.477321,1,WAIT_PEERS
49.000,r04,0.353992,0.706463,0.972986,1,NAVIGATE
49.000,r05,0.356196,0.598744,0.239904,2,EXECUTE
49.000,r06,0.716976,0.538009,0.856871,1,EXECUTE
49.500,r00,0.612024,0.509549,0.367108,2,WAIT_PEERS
49.500,r01,0.368356,0.751700,0.603472,1,NAVIGATE
49.500,r02,0.605358,0.524978,0.735153,1,WAIT_PEERS
49.500,r03,0.678310,1.282246,0.477281,1,WAIT_PEERS
49.500,r04,0.372110,0.742124,0.972570,1,NAVIGATE
49.500,r05,0.356196,0.598744,0.239864,2,EXECUTE
49.500,r06,0.716976,0.538009,0.856831,1,EXECUTE
50.000,r00,0.612024,0.509549,0.367068,2,WAIT_PEERS
50.000,r01,0.386922,0.787130,0.603056,1,NAVIGATE
50.000,r02,0.605358,0.524978,0.735113,1,WAIT_PEERS
50.000,r03,0.678310,1.282246,0.477241,1,WAIT_PEERS
50.000,r04,0.390228,0.777785,0.972154,1,NAVIGATE
50.000,r05,0.356196,0.598744,0.239824,2,EXECUTE
50.000,r06,0.716976,0.538009,0.856791,1,EXECUTE
50.500,r00,0.612024,0.509549,0.367028,2,WAIT_PEERS
50.500,r01,0.405488,0.822561,0.602640,1,NAVIGATE
50.500,r02,0.605358,0.524978,0.735073,1,WAIT_PEERS
50.500,r03,0.678310,1.282246,0.477201,1,WAIT_PEERS
50.500,r04,0.408346,0.813447,0.971738,1,NAVIGATE
50.500,r05,0.356196,0.598744,0.239784,2,EXECUTE
50.500,r06,0.716976,0.538009,0.856751,1,EXECUTE
51.000,r00,0.612024,0.509549,0.366988,2,WAIT_PEERS
51.000,r01,0.424053,0.857991,0.602224,1,NAVIGATE
51.000,r02,0.605358,0.524978,0.735033,1,WAIT_PEERS
51.000,r03,0.678310,1.282246,0.477161,1,WAIT_PEERS
51.000,r04,0.426464,0.849108,0.971322,1,NAVIGATE
51.000,r05,0.356196,0.598744,0.239744,2,EXECUTE
51.000,r06,0.716976,0.538009,0.856711,1,EXECUTE
51.500,r00,0.612024,0.509549,0.366948,2,WAIT_PEERS
51.500,r01,0.442619,0.893421,0.601808,1,NAVIGATE
51.500,r02,0.605358,0.524978,0.734993,1,WAIT_PEERS
51.500,r03,0.678310,1.282246,0.477121,1,WAIT_PEERS
51.500,r04,0.444582,0.884769,0.970906,1,NAVIGATE
51.500,r05,0.356196,0.598744,0.239704,2,EXECUTE
51.500,r06,0.716976,0.538009,0.856671,1,EXECUTE
52.000,r00,0.612024,0.509549,0.366908,2,WAIT_PEERS
52.000,r01,0.461185,0.928852,0.601392,1,NAVIGATE
52.000,r02,0.605358,0.524978,0.734953,1,WAIT_PEERS
52.000,r03,0.678310,1.282246,0.477081,1,WAIT_PEERS
52.000,r04,0.462701,0.920431,0.970490,1,NAVIGATE
52.000,r05,0.356196,0.598744,0.239664,2,EXECUTE
52.000,r06,0.716976,0.538009,0.856631,1,EXECUTE
52.500,r00,0.612024,0.509549,0.366868,2,WAIT_PEERS
52.500,r01,0.479751,0.964282,0.600976,1,NAVIGATE
52.500,r02,0.605358,0.524978,0.734913,1,WAIT_PEERS
52.500,r03,0.678310,1.282246,0.477041,1,WAIT_PEERS
52.500,r04,0.480819,0.956092,0.970074,1,NAVIGATE
52.500,r05,0.356196,0.598744,0.239624,2,EXECUTE
52.500,r06,0.716976,0.538009,0.856591,1,EXECUTE
53.000,r00,0.612024,0.509549,0.366828,2,WAIT_PEERS
53.000,r01,0.498316,0.999713,0.600560,1,NAVIGATE
53.000,r02,0.605358,0.524978,0.734873,1,WAIT_PEERS
53.000,r03,0.678310,1.282246,0.477001,1,WAIT_PEERS
53.000,r04,0.498937,0.991754,0.969658,1,NAVIGATE
53.000,r05,0.356196,0.598744,0.239584,2,EXECUTE
53.000,r06,0.716976,0.538009,0.856551,1,EXECUTE
53.500,r00,0.612024,0.509549,0.366788,2,WAIT_PEERS
53.500,r01,0.516882,1.035143,0.600144,1,NAVIGATE
53.500,r02,0.605358,0.524978,0.734833,1,WAIT_PEERS
53.500,r03,0.678310,1.282246,0.476961,1,WAIT_PEERS
53.500,r04,0.517055,1.027415,0.969242,1,NAVIGATE
53.500,r05,0.356196,0.598744,0.239544,2,EXECUTE
53.500,r06,0.716976,0.538009,0.856511,1,EXECUTE
54.000,r00,0.612024,0.509549,0.366748,2,WAIT_PEERS
54.000,r01,0.535448,1.070573,0.599728,1,NAVIGATE
54.000,r02,0.605358,0.524978,0.734793,1,WAIT_PEERS
54.000,r03,0.678310,1.282246,0.476921,1,WAIT_PEERS
54.000,r04,0.535173,1.063076,0.968826,1,NAVIGATE
54.000,r05,0.356196,0.598744,0.239504,2,EXECUTE
54.000,r06,0.716976,0.538009,0.856471,1,EXECUTE
54.500,r00,0.612024,0.509549,0.366708,2,WAIT_PEERS
54.500,r01,0.554014,1.106004,0.599312,1,NAVIGATE
54.500,r02,0.605358,0.524978,0.734753,1,WAIT_PEERS
54.500,r03,0.678310,1.282246,0.476881,1,WAIT_PEERS
54.500,r04,0.553291,1.098738,0.968410,1,NAVIGATE
54.500,r05,0.356196,0.598744,0.239464,2,EXECUTE
54.500,r06,0.716976,0.538009,0.856431,1,EXECUTE
55.000,r00,0.612024,0.509549,0.366668,2,WAIT_PEERS
55.000,r01,0.572579,1.141434,0.598896,1,NAVIGATE
55.000,r02,0.605358,0.524978,0.734713,1,WAIT_PEERS
55.000,r03,0.678310,1.282246,0.476841,1,WAIT_PEERS
55.000,r04,0.571409,1.134399,0.967994,1,NAVIGATE
55.000,r05,0.356196,0.598744,0.239424,2,EXECUTE
55.000,r06,0.716976,0.538009,0.856391,1,EXECUTE
55.500,r00,0.612024,0.509549,0.366628,2,WAIT_PEERS
55.500,r01,0.591145,1.176865,0.598480,1,NAVIGATE
55.500,r02,0.605358,0.524978,0.734673,1,WAIT_PEERS
55.500,r03,0.678310,1.282246,0.476801,1,WAIT_PEERS
55.500,r04,0.589528,1.170060,0.967578,1,NAVIGATE
55.500,r05,0.356196,0.598744,0.239384,2,EXECUTE
55.500,r06,0.716976,0.538009,0.856351,1,EXECUTE
56.000,r00,0.612024,0.509549,0.366588,2,WAIT_PEERS
56.000,r01,0.609711,1.212295,0.598064,1,NAVIGATE
56.000,r02,0.605358,0.524978,0.734633,1,WAIT_PEERS
56.000,r03,0.678310,1.282246,0.476761,1,WAIT_PEERS
56.000,r04,0.607646,1.205722,0.967162,1,NAVIGATE
56.000,r05,0.356196,0.598744,0.239344,2,EXECUTE
56.000,r06,0.716976,0.538009,0.856311,1,EXECUTE
56.500,r00,0.612024,0.509549,0.366548,2,WAIT_PEERS
56.500,r01,0.628276,1.247725,0.597648,1,NAVIGATE
56.500,r02,0.605358,0.524978,0.734593,1,WAIT_PEERS
56.500,r03,0.678310,1.282246,0.476721,1,WAIT_PEERS
56.500,r04,0.625764,1.241383,0.966746,1,NAVIGATE
56.500,r05,0.356196,0.598744,0.239304,2,EXECUTE
56.500,r06,0.716976,0.538009,0.856271,1,EXECUTE
57.000,r00,0.612024,0.509549,0.366508,2,WAIT_PEERS
57.000,r01,0.635703,1.261898,0.597458,1,EXECUTE
57.000,r02,0.605358,0.524978,0.734553,1,WAIT_PEERS
57.000,r03,0.678310,1.282246,0.476681,1,EXECUTE
57.000,r04,0.636635,1.262780,0.966480,1,EXECUTE
57.000,r05,0.356196,0.598744,0.239264,2,EXECUTE
57.000,r06,0.716976,0.538009,0.856231,1,EXECUTE
57.500,r00,0.612024,0.509549,0.366468,2,WAIT_PEERS
57.500,r01,0.635703,1.261898,0.597418,1,EXECUTE
57.500,r02,0.605358,0.524978,0.734513,1,WAIT_PEERS
57.500,r03,0.678310,1.282246,0.476641,1,EXECUTE
57.500,r04,0.636635,1.262780,0.966440,1,EXECUTE
57.500,r05,0.356196,0.598744,0.239224,2,EXECUTE
57.500,r06,0.716976,0.538009,0.856191,1,EXECUTE
58.000,r00,0.612024,0.509549,0.366428,2,WAIT_PEERS
58.000,r01,0.635703,1.261898,0.597378,1,EXECUTE
58.000,r02,0.605358,0.524978,0.734473,1,WAIT_PEERS
58.000,r03,0.678310,1.282246,0.476601,1,EXECUTE
58.000,r04,0.636635,1.262780,0.966400,1,EXECUTE
58.000,r05,0.356196,0.598744,0.239184,2,EXECUTE
58.000,r06,0.716976,0.538009,0.856151,1,EXECUTE
58.500,r00,0.612024,0.509549,0.366388,2,WAIT_PEERS
58.500,r01,0.635703,1.261898,0.597338,1,EXECUTE
58.500,r02,0.605358,0.524978,0.734433,1,WAIT_PEERS
58.500,r03,0.678310,1.282246,0.476561,1,EXECUTE
58.500,r04,0.636635,1.262780,0.966360,1,EXECUTE
58.500,r05,0.356196,0.598744,0.239144,2,EXECUTE
58.500,r06,0.716976,0.538009,0.856111,1,EXECUTE
59.000,r00,0.612024,0.509549,0.366348,2,WAIT_PEERS
59.000,r01,0.635703,1.261898,0.597298,1,EXECUTE
59.000,r02,0.605358,0.524978,0.734393,1,WAIT_PEERS
59.000,r03,0.678310,1.282246,0.476521,1,EXECUTE
59.000,r04,0.636635,1.262780,0.966320,1,EXECUTE
59.000,r05,0.356196,0.598744,0.239104,2,EXECUTE
59.000,r06,0.716976,0.538009,0.856071,1,EXECUTE
59.500,r00,0.612024,0.509549,0.366308,2,WAIT_PEERS
59.500,r01,0.635703,1.261898,0.597258,1,EXECUTE
59.500,r02,0.605358,0.524978,0.734353,1,WAIT_PEERS
59.500,r03,0.678310,1.282246,0.476481,1,EXECUTE
59.500,r04,0.636635,1.262780,0.966280,1,EXECUTE
59.500,r05,0.356196,0.598744,0.239064,2,EXECUTE
59.500,r06,0.716976,0.538009,0.856031,1,EXECUTE
60.000,r00,0.612024,0.509549,0.366268,2,WAIT_PEERS
60.000,r01,0.635703,1.261898,0.597218,1,EXECUTE
60.000,r02,0.605358,0.524978,0.734313,1,WAIT_PEERS
60.000,r03,0.678310,1.282246,0.476441,1,EXECUTE
60.000,r04,0.636635,1.262780,0.966240,1,EXECUTE
60.000,r05,0.356196,0.598744,0.239024,2,EXECUTE
60.000,r06,0.716976,0.538009,0.855991,0,EXPLORE
60.500,r00,0.612024,0.509549,0.366228,2,WAIT_PEERS
60.500,r01,0.635703,1.261898,0.597178,1,EXECUTE
60.500,r02,0.605358,0.524978,0.734273,1,WAIT_PEERS
60.500,r03,0.678310,1.282246,0.476401,1,EXECUTE
60.500,r04,0.636635,1.262780,0.966200,1,EXECUTE
60.500,r05,0.356196,0.598744,0.238984,2,EXECUTE
60.500,r06,0.716976,0.538009,0.855951,0,EXPLORE
61.000,r00,0.612024,0.509549,0.366188,2,WAIT_PEERS
61.000,r01,0.635703,1.261898,0.597138,1,EXECUTE
61.000,r02,0.605358,0.524978,0.734233,1,WAIT_PEERS
61.000,r03,0.678310,1.282246,0.476361,1,EXECUTE
61.000,r04,0.636635,1.262780,0.966160,1,EXECUTE
61.000,r05,0.356196,0.598744,0.238944,2,EXECUTE
61.000,r06,0.716976,0.538009,0.855911,0,EXPLORE
61.500,r00,0.612024,0.509549,0.366148,2,WAIT_PEERS
61.500,r01,0.635703,1.261898,0.597098,1,EXECUTE
61.500,r02,0.605358,0.524978,0.734193,1,WAIT_PEERS
61.500,r03,0.678310,1.282246,0.476321,1,EXECUTE
61.500,r04,0.636635,1.262780,0.966120,1,EXECUTE
61.500,r05,0.356196,0.598744,0.238904,2,EXECUTE
61.500,r06,0.716976,0.538009,0.855871,0,NAVIGATE
62.000,r00,0.612024,0.509549,0.366108,2,WAIT_PEERS
62.000,r01,0.635703,1.261898,0.597058,1,EXECUTE
62.000,r02,0.605358,0.524978,0.734153,1,WAIT_PEERS
62.000,r03,0.678310,1.282246,0.476281,1,EXECUTE
62.000,r04,0.636635,1.262780,0.966080,1,EXECUTE
62.000,r05,0.356196,0.598744,0.238864,2,EXECUTE
62.000,r06,0.716976,0.538009,0.855831,0,NAVIGATE
62.500,r00,0.612024,0.509549,0.366068,2,WAIT_PEERS
62.500,r01,0.635703,1.261898,0.597018,1,EXECUTE
62.500,r02,0.605358,0.524978,0.734113,1,WAIT_PEERS
62.500,r03,0.678310,1.282246,0.476241,1,EXECUTE
62.500,r04,0.636635,1.262780,0.966040,1,EXECUTE
62.500,r05,0.356196,0.598744,0.238824,2,EXECUTE
62.500,r06,0.721967,0.553210,0.855641,0,NAVIGATE
63.000,r00,0.612024,0.509549,0.366028,2,WAIT_PEERS
63.000,r01,0.635703,1.261898,0.596978,1,EXECUTE
63.000,r02,0.605358,0.524978,0.734073,1,WAIT_PEERS
63.000,r03,0.678310,1.282246,0.476201,1,EXECUTE
63.000,r04,0.636635,1.262780,0.966000,1,EXECUTE
63.000,r05,0.356196,0.598744,0.238784,1,EXECUTE
63.000,r06,0.734445,0.591214,0.855225,0,NAVIGATE
63.500,r00,0.612024,0.509549,0.365988,2,WAIT_PEERS
63.500,r01,0.635703,1.261898,0.596938,1,EXECUTE
63.500,r02,0.605358,0.524978,0.734033,1,WAIT_PEERS
63.500,r03,0.678310,1.282246,0.476161,1,EXECUTE
63.500,r04,0.636635,1.262780,0.965960,1,EXECUTE
63.500,r05,0.356196,0.598744,0.238744,1,NAVIGATE
63.500,r06,0.746923,0.629218,0.854809,0,NAVIGATE
64.000,r00,0.612024,0.509549,0.365948,2,WAIT_PEERS
64.000,r01,0.635703,1.261898,0.596898,1,EXECUTE
64.000,r02,0.605358,0.524978,0.733993,1,WAIT_PEERS
64.000,r03,0.678310,1.282246,0.476121,1,EXECUTE
64.000,r04,0.636635,1.262780,0.965920,1,EXECUTE
64.000,r05,0.356196,0.598744,0.238704,1,NAVIGATE
64.000,r06,0.759401,0.667222,0.854393,0,NAVIGATE
64.500,r00,0.612024,0.509549,0.365908,2,WAIT_PEERS
64.500,r01,0.635703,1.261898,0.596858,1,EXECUTE
64.500,r02,0.605358,0.524978,0.733953,1,WAIT_PEERS
64.500,r03,0.678310,1.282246,0.476081,1,EXECUTE
64.500,r04,0.636635,1.262780,0.965880,1,EXECUTE
64.500,r05,0.371125,0.592986,0.238514,1,NAVIGATE
64.500,r06,0.771879,0.705226,0.853977,0,NAVIGATE
65.000,r00,0.612024,0.509549,0.365868,2,WAIT_PEERS
65.000,r01,0.635703,1.261898,0.596818,1,EXECUTE
65.000,r02,0.605358,0.524978,0.733913,1,WAIT_PEERS
65.000,r03,0.678310,1.282246,0.476041,1,EXECUTE
65.000,r04,0.636635,1.262780,0.965840,1,EXECUTE
65.000,r05,0.408445,0.578591,0.238098,1,NAVIGATE
65.000,r06,0.784358,0.743230,0.853561,0,NAVIGATE
65.500,r00,0.612024,0.509549,0.365828,2,WAIT_PEERS
65.500,r01,0.635703,1.261898,0.596778,1,EXECUTE
65.500,r02,0.605358,0.524978,0.733873,1,WAIT_PEERS
65.500,r03,0.678310,1.282246,0.476001,1,EXECUTE
65.500,r04,0.636635,1.262780,0.965800,1,EXECUTE
65.500,r05,0.445765,0.564196,0.237682,1,NAVIGATE
65.500,r06,0.796836,0.781234,0.853145,0,NAVIGATE
66.000,r00,0.612024,0.509549,0.365788,2,WAIT_PEERS
66.000,r01,0.635703,1.261898,0.596738,1,EXECUTE
66.000,r02,0.605358,0.524978,0.733833,1,WAIT_PEERS
66.000,r03,0.678310,1.282246,0.475961,1,EXECUTE
66.000,r04,0.636635,1.262780,0.965760,1,EXECUTE
66.000,r05,0.483085,0.549802,0.237266,1,NAVIGATE
66.000,r06,0.809314,0.819238,0.852729,0,NAVIGATE
66.500,r00,0.612024,0.509549,0.365748,2,WAIT_PEERS
66.500,r01,0.635703,1.261898,0.596698,1,EXECUTE
66.500,r02,0.605358,0.524978,0.733793,1,WAIT_PEERS
66.500,r03,0.678310,1.282246,0.475921,1,EXECUTE
66.500,r04,0.636635,1.262780,0.965720,1,EXECUTE
66.500,r05,0.520405,0.535407,0.236850,1,NAVIGATE
66.500,r06,0.821792,0.857241,0.852313,0,NAVIGATE
67.000,r00,0.612024,0.509549,0.365708,2,EXECUTE
67.000,r01,0.635703,1.261898,0.596658,0,EXPLORE
67.000,r02,0.605358,0.524978,0.733753,1,EXECUTE
67.000,r03,0.678310,1.282246,0.475881,0,EXPLORE
67.000,r04,0.636635,1.262780,0.965680,0,EXPLORE
67.000,r05,0.550261,0.523891,0.236509,1,EXECUTE
67.000,r06,0.834270,0.895245,0.851897,0,NAVIGATE
67.500,r00,0.612024,0.509549,0.365668,2,EXECUTE
67.500,r01,0.635703,1.261898,0.596618,0,EXPLORE
67.500,r02,0.605358,0.524978,0.733713,1,EXECUTE
67.500,r03,0.678310,1.282246,0.475841,0,EXPLORE
67.500,r04,0.636635,1.262780,0.965640,0,EXPLORE
67.500,r05,0.550261,0.523891,0.236469,1,EXECUTE
67.500,r06,0.846748,0.933249,0.851481,0,NAVIGATE
68.000,r00,0.612024,0.509549,0.365628,2,EXECUTE
68.000,r01,0.635703,1.261898,0.596578,0,EXPLORE
68.000,r02,0.605358,0.524978,0.733673,1,EXECUTE
68.000,r03,0.678310,1.282246,0.475801,0,EXPLORE
68.000,r04,0.636635,1.262780,0.965600,0,EXPLORE
68.000,r05,0.550261,0.523891,0.236429,1,EXECUTE
68.000,r06,0.859226,0.971253,0.851065,0,NAVIGATE
68.500,r00,0.612024,0.509549,0.365588,2,EXECUTE
68.500,r01,0.666923,1.254875,0.596237,0,EXPLORE
68.500,r02,0.605358,0.524978,0.733633,1,EXECUTE
68.500,r03,0.647238,1.289895,0.475460,0,EXPLORE
68.500,r04,0.636635,1.262780,0.965560,0,NAVIGATE
68.500,r05,0.550261,0.523891,0.236389,1,EXECUTE
68.500,r06,0.871704,1.009257,0.850649,0,NAVIGATE
69.000,r00,0.612024,0.509549,0.365548,2,EXECUTE
69.000,r01,0.705948,1.246097,0.595821,0,EXPLORE
69.000,r02,0.605358,0.524978,0.733593,1,EXECUTE
69.000,r03,0.608397,1.299457,0.475044,0,EXPLORE
69.000,r04,0.636635,1.262780,0.965520,0,NAVIGATE
69.000,r05,0.550261,0.523891,0.236349,1,EXECUTE
69.000,r06,0.884182,1.047261,0.850233,0,NAVIGATE
69.500,r00,0.612024,0.509549,0.365508,2,EXECUTE
69.500,r01,0.744972,1.237318,0.595405,0,EXPLORE
69.500,r02,0.605358,0.524978,0.733553,1,EXECUTE
69.500,r03,0.608397,1.299457,0.475004,0,NAVIGATE
69.500,r04,0.652382,1.265611,0.965330,0,NAVIGATE
69.500,r05,0.550261,0.523891,0.236309,1,EXECUTE
69.500,r06,0.896661,1.085265,0.849817,0,NAVIGATE
70.000,r00,0.612024,0.509549,0.365468,2,EXECUTE
70.000,r01,0.783997,1.228540,0.594989,0,EXPLORE
70.000,r02,0.605358,0.524978,0.733513,1,EXECUTE
70.000,r03,0.608397,1.299457,0.474964,0,NAVIGATE
70.000,r04,0.691751,1.272688,0.964914,0,NAVIGATE
70.000,r05,0.550261,0.523891,0.236269,1,EXECUTE
70.000,r06,0.909139,1.123269,0.849401,0,NAVIGATE
70.500,r00,0.612024,0.509549,0.365428,2,EXECUTE
70.500,r01,0.783997,1.228540,0.594949,0,NAVIGATE
70.500,r02,0.605358,0.524978,0.733473,1,EXECUTE
70.500,r03,0.608129,1.315455,0.474774,0,NAVIGATE
70.500,r04,0.731120,1.279764,0.964498,0,NAVIGATE
70.500,r05,0.550261,0.523891,0.236229,1,EXECUTE
70.500,r06,0.921617,1.161273,0.848985,0,NAVIGATE
71.000,r00,0.612024,0.509549,0.365388,2,EXECUTE
71.000,r01,0.783997,1.228540,0.594909,0,NAVIGATE
71.000,r02,0.605358,0.524978,0.733433,1,EXECUTE
71.000,r03,0.607458,1.355450,0.474358,0,NAVIGATE
71.000,r04,0.770489,1.286841,0.964082,0,NAVIGATE
71.000,r05,0.550261,0.523891,0.236189,1,EXECUTE
71.000,r06,0.934095,1.199277,0.848569,0,NAVIGATE
71.500,r00,0.612024,0.509549,0.365348,2,EXECUTE
71.500,r01,0.789654,1.243507,0.594718,0,NAVIGATE
71.500,r02,0.605358,0.524978,0.733393,1,EXECUTE
71.500,r03,0.606787,1.395444,0.473942,0,NAVIGATE
71.500,r04,0.809858,1.293918,0.963666,0,NAVIGATE
71.500,r05,0.550261,0.523891,0.236149,1,EXECUTE
71.500,r06,0.946573,1.237280,0.848153,0,NAVIGATE
72.000,r00,0.612024,0.509549,0.365308,2,EXECUTE
72.000,r01,0.803797,1.280923,0.594302,0,NAVIGATE
72.000,r02,0.605358,0.524978,0.733353,1,EXECUTE
72.000,r03,0.606116,1.435438,0.473526,0,NAVIGATE
72.000,r04,0.849227,1.300995,0.963250,0,NAVIGATE
72.000,r05,0.550261,0.523891,0.236109,1,EXECUTE
72.000,r06,0.959051,1.275284,0.847737,0,NAVIGATE
72.500,r00,0.612024,0.509549,0.365268,2,EXECUTE
72.500,r01,0.817940,1.318339,0.593886,0,NAVIGATE
72.500,r02,0.605358,0.524978,0.733313,1,EXECUTE
72.500,r03,0.605445,1.475433,0.473110,0,NAVIGATE
72.500,r04,0.888596,1.308072,0.962834,0,NAVIGATE
72.500,r05,0.550261,0.523891,0.236069,1,EXECUTE
72.500,r06,0.971529,1.313288,0.847321,0,NAVIGATE
73.000,r00,0.612024,0.509549,0.365228,2,EXECUTE
73.000,r01,0.832083,1.355756,0.593470,0,NAVIGATE
73.000,r02,0.605358,0.524978,0.733273,1,EXECUTE
73.000,r03,0.604774,1.515427,0.472694,0,NAVIGATE
73.000,r04,0.927965,1.315149,0.962418,0,NAVIGATE
73.000,r05,0.550261,0.523891,0.236029,1,EXECUTE
73.000,r06,0.984007,1.351292,0.846905,0,NAVIGATE
73.500,r00,0.612024,0.509549,0.365188,2,EXECUTE
73.500,r01,0.846226,1.393172,0.593054,0,NAVIGATE
73.500,r02,0.605358,0.524978,0.733233,1,EXECUTE
73.500,r03,0.604103,1.555421,0.472278,0,NAVIGATE
73.500,r04,0.967334,1.322225,0.962002,0,NAVIGATE
73.500,r05,0.550261,0.523891,0.235989,1,EXECUTE
73.500,r06,0.991494,1.374095,0.846639,0,EXECUTE
74.000,r00,0.612024,0.509549,0.365148,2,EXECUTE
74.000,r01,0.860368,1.430588,0.592638,0,NAVIGATE
74.000,r02,0.605358,0.524978,0.733193,1,EXECUTE
74.000,r03,0.603432,1.595416,0.471862,0,NAVIGATE
74.000,r04,1.006703,1.329302,0.961586,0,NAVIGATE
74.000,r05,0.550261,0.523891,0.235949,1,EXECUTE
74.000,r06,0.991494,1.374095,0.846599,0,EXECUTE
74.500,r00,0.612024,0.509549,0.365108,2,EXECUTE
74.500,r01,0.874511,1.468005,0.592222,0,NAVIGATE
74.500,r02,0.605358,0.524978,0.733153,1,EXECUTE
74.500,r03,0.602761,1.635410,0.471446,0,NAVIGATE
74.500,r04,1.046072,1.336379,0.961170,0,NAVIGATE
74.500,r05,0.550261,0.523891,0.235909,1,EXECUTE
74.500,r06,0.991494,1.374095,0.846559,0,EXECUTE
75.000,r00,0.612024,0.509549,0.365068,2,EXECUTE
75.000,r01,0.888654,1.505421,0.591806,0,NAVIGATE
75.000,r02,0.605358,0.524978,0.733113,1,EXECUTE
75.000,r03,0.602090,1.675404,0.471030,0,NAVIGATE
75.000,r04,1.085441,1.343456,0.960754,0,NAVIGATE
75.000,r05,0.550261,0.523891,0.235869,1,EXECUTE
75.000,r06,0.991494,1.374095,0.846519,0,EXECUTE
75.500,r00,0.612024,0.509549,0.365028,2,EXECUTE
75.500,r01,0.902797,1.542837,0.591390,0,NAVIGATE
75.500,r02,0.605358,0.524978,0.733073,1,EXECUTE
75.500,r03,0.601419,1.715399,0.470614,0,NAVIGATE
75.500,r04,1.124810,1.350533,0.960338,0,NAVIGATE
75.500,r05,0.550261,0.523891,0.235829,1,EXECUTE
75.500,r06,0.991494,1.374095,0.846479,0,EXPLORE
76.000,r00,0.612024,0.509549,0.364988,2,EXECUTE
76.000,r01,0.916939,1.580254,0.590974,0,NAVIGATE
76.000,r02,0.605358,0.524978,0.733033,1,EXECUTE
76.000,r03,0.600748,1.755393,0.470198,0,NAVIGATE
76.000,r04,1.164179,1.357610,0.959922,0,NAVIGATE
76.000,r05,0.550261,0.523891,0.235789,1,EXECUTE
76.000,r06,0.991494,1.374095,0.846439,0,EXPLORE
76.500,r00,0.612024,0.509549,0.364948,2,EXECUTE
76.500,r01,0.931082,1.617670,0.590558,0,NAVIGATE
76.500,r02,0.605358,0.524978,0.732993,1,EXECUTE
76.500,r03,0.600480,1.771391,0.470007,0,EXECUTE
76.500,r04,1.203548,1.364686,0.959506,0,NAVIGATE
76.500,r05,0.550261,0.523891,0.235749,1,EXECUTE
76.500,r06,0.991494,1.374095,0.846399,0,EXPLORE
77.000,r00,0.612024,0.509549,0.364908,1,NAVIGATE
77.000,r01,0.945225,1.655086,0.590142,0,NAVIGATE
77.000,r02,0.605358,0.524978,0.732953,0,EXPLORE
77.000,r03,0.600480,1.771391,0.469967,0,EXECUTE
77.000,r04,1.242917,1.371763,0.959090,0,NAVIGATE
77.000,r05,0.550261,0.523891,0.235709,0,EXPLORE
77.000,r06,0.977052,1.345539,0.846059,0,EXPLORE
77.500,r00,0.612024,0.509549,0.364868,1,NAVIGATE
77.500,r01,0.959368,1.692503,0.589726,0,NAVIGATE
77.500,r02,0.605358,0.524978,0.732913,0,EXPLORE
77.500,r03,0.600480,1.771391,0.469927,0,EXECUTE
77.500,r04,1.282286,1.378840,0.958674,0,NAVIGATE
77.500,r05,0.550261,0.523891,0.235669,0,EXPLORE
77.500,r06,0.977052,1.345539,0.846019,0,NAVIGATE
78.000,r00,0.612024,0.509549,0.364828,1,NAVIGATE
78.000,r01,0.973510,1.729919,0.589310,0,NAVIGATE
78.000,r02,0.605358,0.524978,0.732873,0,EXPLORE
78.000,r03,0.600480,1.771391,0.469887,0,EXECUTE
78.000,r04,1.321655,1.385917,0.958258,0,NAVIGATE
78.000,r05,0.550261,0.523891,0.235629,0,EXPLORE
78.000,r06,0.977052,1.345539,0.845979,0,NAVIGATE
78.500,r00,0.601570,0.487946,0.364562,1,NAVIGATE
78.500,r01,0.987653,1.767335,0.588894,0,NAVIGATE
78.500,r02,0.605358,0.524978,0.732833,0,NAVIGATE
78.500,r03,0.600480,1.771391,0.469847,0,EXPLORE
78.500,r04,1.361024,1.392994,0.957842,0,NAVIGATE
78.500,r05,0.566970,0.541119,0.235363,0,EXPLORE
78.500,r06,0.977373,1.329542,0.845788,0,NAVIGATE
79.000,r00,0.584148,0.451940,0.364146,1,NAVIGATE
79.000,r01,0.987653,1.767335,0.588854,0,EXECUTE
79.000,r02,0.605358,0.524978,0.732793,0,NAVIGATE
79.000,r03,0.600480,1.771391,0.469807,0,EXPLORE
79.000,r04,1.368898,1.394409,0.957726,0,EXECUTE
79.000,r05,0.594819,0.569832,0.234947,0,EXPLORE
79.000,r06,0.978174,1.289550,0.845372,0,NAVIGATE
79.500,r00,0.566725,0.415934,0.363730,1,NAVIGATE
79.500,r01,0.987653,1.767335,0.588814,0,EXECUTE
79.500,r02,0.619091,0.533187,0.732602,0,NAVIGATE
79.500,r03,0.600480,1.771391,0.469767,0,EXPLORE
79.500,r04,1.368898,1.394409,0.957686,0,EXECUTE
79.500,r05,0.594819,0.569832,0.234907,0,NAVIGATE
79.500,r06,0.978975,1.249558,0.844956,0,NAVIGATE
80.000,r00,0.549302,0.379927,0.363314,1,NAVIGATE
80.000,r01,0.987653,1.767335,0.588774,0,EXECUTE
80.000,r02,0.653425,0.553711,0.732186,0,NAVIGATE
80.000,r03,0.571151,1.744192,0.469351,0,EXPLORE
80.000,r04,1.368898,1.394409,0.957646,0,EXECUTE
80.000,r05,0.594819,0.569832,0.234867,0,NAVIGATE
80.000,r06,0.979776,1.209566,0.844540,0,NAVIGATE
80.500,r00,0.531879,0.343921,0.362898,1,NAVIGATE
80.500,r01,0.987653,1.767335,0.588734,0,EXECUTE
80.500,r02,0.687758,0.574235,0.731770,0,NAVIGATE
80.500,r03,0.571151,1.744192,0.469311,0,NAVIGATE
80.500,r04,1.368898,1.394409,0.957606,0,EXECUTE
80.500,r05,0.609359,0.563154,0.234677,0,NAVIGATE
80.500,r06,0.980577,1.169574,0.844124,0,NAVIGATE
81.000,r00,0.514456,0.307915,0.362482,1,NAVIGATE
81.000,r01,0.987653,1.767335,0.588694,0,EXPLORE
81.000,r02,0.722091,0.594759,0.731354,0,NAVIGATE
81.000,r03,0.571151,1.744192,0.469271,0,NAVIGATE
81.000,r04,1.368898,1.394409,0.957566,0,EXPLORE
81.000,r05,0.645708,0.546458,0.234261,0,NAVIGATE
81.000,r06,0.981378,1.129582,0.843708,0,NAVIGATE
81.500,r00,0.510971,0.300714,0.362367,1,EXECUTE
81.500,r01,0.987653,1.767335,0.588654,0,EXPLORE
81.500,r02,0.756424,0.615282,0.730938,0,NAVIGATE
81.500,r03,0.571449,1.728195,0.469081,0,NAVIGATE
81.500,r04,1.368898,1.394409,0.957526,0,EXPLORE
81.500,r05,0.682057,0.529763,0.233845,0,NAVIGATE
81.500,r06,0.982180,1.089590,0.843292,0,NAVIGATE
82.000,r00,0.510971,0.300714,0.362327,1,EXECUTE
82.000,r01,0.999285,1.756348,0.588464,0,EXPLORE
82.000,r02,0.790758,0.635806,0.730522,0,NAVIGATE
82.000,r03,0.572197,1.688202,0.468665,0,NAVIGATE
82.000,r04,1.361780,1.390758,0.957411,0,EXPLORE
82.000,r05,0.718406,0.513067,0.233429,0,NAVIGATE
82.000,r06,0.982981,1.049598,0.842876,0,NAVIGATE
82.500,r00,0.510971,0.300714,0.362287,1,EXECUTE
82.500,r01,1.028363,1.728881,0.588048,0,EXPLORE
82.500,r02,0.825091,0.656330,0.730106,0,NAVIGATE
82.500,r03,0.572944,1.648209,0.468249,0,NAVIGATE
82.500,r04,1.361780,1.390758,0.957371,0,NAVIGATE
82.500,r05,0.754755,0.496371,0.233013,0,NAVIGATE
82.500,r06,0.983782,1.009606,0.842460,0,NAVIGATE
83.000,r00,0.510971,0.300714,0.362247,1,EXECUTE
83.000,r01,1.057441,1.701414,0.587632,0,EXPLORE
83.000,r02,0.859424,0.676854,0.729690,0,NAVIGATE
83.000,r03,0.573691,1.608216,0.467833,0,NAVIGATE
83.000,r04,1.361780,1.390758,0.957331,0,NAVIGATE
83.000,r05,0.791104,0.479676,0.232597,0,NAVIGATE
83.000,r06,0.984583,0.969614,0.842044,0,NAVIGATE
83.500,r00,0.510971,0.300714,0.362207,1,EXECUTE
83.500,r01,1.057441,1.701414,0.587592,0,NAVIGATE
83.500,r02,0.893758,0.697378,0.729274,0,NAVIGATE
83.500,r03,0.574438,1.568223,0.467417,0,NAVIGATE
83.500,r04,1.362552,1.374777,0.957141,0,NAVIGATE
83.500,r05,0.827453,0.462980,0.232181,0,NAVIGATE
83.500,r06,0.985384,0.929622,0.841628,0,NAVIGATE
84.000,r00,0.510971,0.300714,0.362167,1,EXECUTE
84.000,r01,1.057441,1.701414,0.587552,0,NAVIGATE
84.000,r02,0.928091,0.717901,0.728858,0,NAVIGATE
84.000,r03,0.575185,1.528230,0.467001,0,NAVIGATE
84.000,r04,1.364483,1.334823,0.956725,0,NAVIGATE
84.000,r05,0.863802,0.446284,0.231765,0,NAVIGATE
84.000,r06,0.986185,0.889630,0.841212,0,NAVIGATE
84.500,r00,0.510971,0.300714,0.362127,1,EXECUTE
84.500,r01,1.066386,1.688147,0.587362,0,NAVIGATE
84.500,r02,0.962424,0.738425,0.728442,0,NAVIGATE
84.500,r03,0.575932,1.488237,0.466585,0,NAVIGATE
84.500,r04,1.366415,1.294870,0.956309,0,NAVIGATE
84.500,r05,0.900151,0.429588,0.231349,0,NAVIGATE
84.500,r06,0.986986,0.849638,0.840796,0,NAVIGATE
85.000,r00,0.510971,0.300714,0.362087,1,EXECUTE
85.000,r01,1.088746,1.654981,0.586946,0,NAVIGATE
85.000,r02,0.996757,0.758949,0.728026,0,NAVIGATE
85.000,r03,0.576680,1.448244,0.466169,0,NAVIGATE
85.000,r04,1.368346,1.254917,0.955893,0,NAVIGATE
85.000,r05,0.936500,0.412893,0.230933,0,NAVIGATE
85.000,r06,0.987787,0.809646,0.840380,0,NAVIGATE
85.500,r00,0.510971,0.300714,0.362047,1,EXECUTE
85.500,r01,1.111106,1.621815,0.586530,0,NAVIGATE
85.500,r02,0.996757,0.758949,0.727986,1,NAVIGATE
85.500,r03,0.577427,1.408251,0.465753,0,NAVIGATE
85.500,r04,1.370277,1.214963,0.955477,0,NAVIGATE
85.500,r05,0.972850,0.396197,0.230517,0,NAVIGATE
85.500,r06,0.988589,0.769654,0.839964,0,NAVIGATE
86.000,r00,0.510971,0.300714,0.362007,1,EXECUTE
86.000,r01,1.133467,1.588648,0.586114,0,NAVIGATE
86.000,r02,0.996757,0.758949,0.727946,1,NAVIGATE
86.000,r03,0.578174,1.368258,0.465337,0,NAVIGATE
86.000,r04,1.372208,1.175010,0.955061,0,NAVIGATE
86.000,r05,1.009199,0.379501,0.230101,0,NAVIGATE
86.000,r06,0.989390,0.729662,0.839548,0,NAVIGATE
86.500,r00,0.510971,0.300714,0.361967,1,EXECUTE
86.500,r01,1.155827,1.555482,0.585698,0,NAVIGATE
86.500,r02,1.009475,0.749240,0.727756,1,NAVIGATE
86.500,r03,0.578921,1.328265,0.464921,0,NAVIGATE
86.500,r04,1.374139,1.135056,0.954645,0,NAVIGATE
86.500,r05,1.045548,0.362806,0.229685,0,NAVIGATE
86.500,r06,0.990191,0.689670,0.839132,0,NAVIGATE
87.000,r00,0.510971,0.300714,0.361927,1,EXECUTE
87.000,r01,1.178187,1.522315,0.585282,0,NAVIGATE
87.000,r02,1.041268,0.724967,0.727340,1,NAVIGATE
87.000,r03,0.579668,1.288272,0.464505,0,NAVIGATE
87.000,r04,1.376070,1.095103,0.954229,0,NAVIGATE
87.000,r05,1.081897,0.346110,0.229269,0,NAVIGATE
87.000,r06,0.990992,0.649678,0.838716,0,NAVIGATE
87.500,r00,0.510971,0.300714,0.361887,1,EXECUTE
87.500,r01,1.200548,1.489149,0.584866,0,NAVIGATE
87.500,r02,1.073062,0.700694,0.726924,1,NAVIGATE
87.500,r03,0.580415,1.248278,0.464089,0,NAVIGATE
87.500,r04,1.378001,1.055150,0.953813,0,NAVIGATE
87.500,r05,1.118246,0.329414,0.228853,0,NAVIGATE
87.500,r06,0.991793,0.609686,0.838300,0,NAVIGATE
88.000,r00,0.510971,0.300714,0.361847,1,EXECUTE
88.000,r01,1.222908,1.455982,0.584450,0,NAVIGATE
88.000,r02,1.104855,0.676421,0.726508,1,NAVIGATE
88.000,r03,0.581163,1.208285,0.463673,0,NAVIGATE
88.000,r04,1.379932,1.015196,0.953397,0,NAVIGATE
88.000,r05,1.154595,0.312719,0.228437,0,NAVIGATE
88.000,r06,0.992594,0.569694,0.837884,0,NAVIGATE
88.500,r00,0.510971,0.300714,0.361807,1,EXECUTE
88.500,r01,1.245269,1.422816,0.584034,0,NAVIGATE
88.500,r02,1.136649,0.652148,0.726092,1,NAVIGATE
88.500,r03,0.581910,1.168292,0.463257,0,NAVIGATE
88.500,r04,1.381863,0.975243,0.952981,0,NAVIGATE
88.500,r05,1.190944,0.296023,0.228021,0,NAVIGATE
88.500,r06,0.993395,0.529702,0.837468,0,NAVIGATE
89.000,r00,0.510971,0.300714,0.361767,1,EXECUTE
89.000,r01,1.267629,1.389649,0.583618,0,NAVIGATE
89.000,r02,1.162083,0.632730,0.725751,1,EXECUTE
89.000,r03,0.582657,1.128299,0.462841,0,NAVIGATE
89.000,r04,1.383794,0.935290,0.952565,0,NAVIGATE
89.000,r05,1.227293,0.279327,0.227605,0,NAVIGATE
89.000,r06,0.994196,0.489710,0.837052,0,NAVIGATE
89.500,r00,0.510971,0.300714,0.361727,1,EXECUTE
89.500,r01,1.289989,1.356483,0.583202,0,NAVIGATE
89.500,r02,1.162083,0.632730,0.725711,1,EXECUTE
89.500,r03,0.583404,1.088306,0.462425,0,NAVIGATE
89.500,r04,1.385725,0.895336,0.952149,0,NAVIGATE
89.500,r05,1.263642,0.262631,0.227189,0,NAVIGATE
89.500,r06,0.994998,0.449719,0.836636,0,NAVIGATE
90.000,r00,0.510971,0.300714,0.361687,1,EXECUTE
90.000,r01,1.312350,1.323316,0.582786,0,NAVIGATE
90.000,r02,1.162083,0.632730,0.725671,1,EXECUTE
90.000,r03,0.584151,1.048313,0.462009,0,NAVIGATE
90.000,r04,1.387656,0.855383,0.951733,0,NAVIGATE
90.000,r05,1.299991,0.245936,0.226773,0,NAVIGATE
90.000,r06,0.995799,0.409727,0.836220,0,NAVIGATE
90.500,r00,0.510971,0.300714,0.361647,1,EXECUTE
90.500,r01,1.334710,1.290150,0.582370,0,NAVIGATE
90.500,r02,1.162083,0.632730,0.725631,1,EXECUTE
90.500,r03,0.584899,1.008320,0.461593,0,NAVIGATE
90.500,r04,1.389588,0.815430,0.951317,0,NAVIGATE
90.500,r05,1.336340,0.229240,0.226357,0,NAVIGATE
90.500,r06,0.996600,0.369735,0.835804,0,NAVIGATE
91.000,r00,0.510971,0.300714,0.361607,1,EXECUTE
91.000,r01,1.357070,1.256984,0.581954,0,NAVIGATE
91.000,r02,1.162083,0.632730,0.725591,1,EXECUTE
91.000,r03,0.585646,0.968327,0.461177,0,NAVIGATE
91.000,r04,1.391519,0.775476,0.950901,0,NAVIGATE
91.000,r05,1.372689,0.212544,0.225941,0,NAVIGATE
91.000,r06,0.997401,0.329743,0.835388,0,NAVIGATE
91.500,r00,0.510971,0.300714,0.361567,1,EXECUTE
91.500,r01,1.379431,1.223817,0.581538,0,NAVIGATE
91.500,r02,1.162083,0.632730,0.725551,1,EXECUTE
91.500,r03,0.586393,0.928334,0.460761,0,NAVIGATE
91.500,r04,1.393450,0.735523,0.950485,0,NAVIGATE
91.500,r05,1.372689,0.212544,0.225901,0,EXECUTE
91.500,r06,0.998202,0.289751,0.834972,0,NAVIGATE
92.000,r00,0.510971,0.300714,0.361527,1,EXECUTE
92.000,r01,1.401791,1.190651,0.581122,0,NAVIGATE
92.000,r02,1.162083,0.632730,0.725511,1,EXECUTE
92.000,r03,0.587140,0.888341,0.460345,0,NAVIGATE
92.000,r04,1.395381,0.695569,0.950069,0,NAVIGATE
92.000,r05,1.372689,0.212544,0.225861,0,EXECUTE
92.000,r06,0.999003,0.249759,0.834556,0,NAVIGATE
92.500,r00,0.510971,0.300714,0.361487,1,EXECUTE
92.500,r01,1.424152,1.157484,0.580706,0,NAVIGATE
92.500,r02,1.162083,0.632730,0.725471,1,EXECUTE
92.500,r03,0.587887,0.848348,0.459929,0,NAVIGATE
92.500,r04,1.397312,0.655616,0.949653,0,NAVIGATE
92.500,r05,1.372689,0.212544,0.225821,0,EXECUTE
92.500,r06,0.999324,0.233762,0.834366,0,EXECUTE
93.000,r00,0.510971,0.300714,0.361447,1,EXECUTE
93.000,r01,1.446512,1.124318,0.580290,0,NAVIGATE
93.000,r02,1.162083,0.632730,0.725431,1,EXECUTE
93.000,r03,0.588634,0.808355,0.459513,0,NAVIGATE
93.000,r04,1.398471,0.631644,0.949387,0,EXECUTE
93.000,r05,1.372689,0.212544,0.225781,0,EXECUTE
93.000,r06,0.999324,0.233762,0.834326,0,EXECUTE
93.500,r00,0.510971,0.300714,0.361407,1,EXECUTE
93.500,r01,1.468872,1.091151,0.579874,0,NAVIGATE
93.500,r02,1.162083,0.632730,0.725391,1,EXECUTE
93.500,r03,0.589382,0.768362,0.459097,0,NAVIGATE
93.500,r04,1.398471,0.631644,0.949347,0,EXECUTE
93.500,r05,1.372689,0.212544,0.225741,0,EXPLORE
93.500,r06,0.999324,0.233762,0.834286,0,EXECUTE
94.000,r00,0.510971,0.300714,0.361367,1,EXECUTE
94.000,r01,1.468872,1.091151,0.579834,1,NAVIGATE
94.000,r02,1.162083,0.632730,0.725351,1,EXECUTE
94.000,r03,0.590129,0.728369,0.458681,0,NAVIGATE
94.000,r04,1.398471,0.631644,0.949307,0,EXECUTE
94.000,r05,1.372689,0.212544,0.225701,0,EXPLORE
94.000,r06,0.999324,0.233762,0.834246,0,EXECUTE
94.500,r00,0.510971,0.300714,0.361327,1,EXECUTE
94.500,r01,1.468872,1.091151,0.579794,1,NAVIGATE
94.500,r02,1.162083,0.632730,0.725311,1,EXECUTE
94.500,r03,0.590876,0.688376,0.458265,0,NAVIGATE
94.500,r04,1.398471,0.631644,0.949267,0,EXECUTE
94.500,r05,1.372689,0.212544,0.225661,0,NAVIGATE
94.500,r06,0.999324,0.233762,0.834206,0,EXPLORE
95.000,r00,0.510971,0.300714,0.361287,1,EXECUTE
95.000,r01,1.455675,1.100198,0.579603,1,NAVIGATE
95.000,r02,1.162083,0.632730,0.725271,1,EXECUTE
95.000,r03,0.591623,0.648383,0.457849,0,NAVIGATE
95.000,r04,1.398471,0.631644,0.949227,0,EXPLORE
95.000,r05,1.372689,0.212544,0.225621,0,NAVIGATE
95.000,r06,0.999324,0.233762,0.834166,0,EXPLORE
95.500,r00,0.510971,0.300714,0.361247,1,EXECUTE
95.500,r01,1.422683,1.122814,0.579187,1,NAVIGATE
95.500,r02,1.162083,0.632730,0.725231,1,EXECUTE
95.500,r03,0.592370,0.608390,0.457433,0,NAVIGATE
95.500,r04,1.398471,0.631644,0.949187,0,EXPLORE
95.500,r05,1.372964,0.228542,0.225430,0,NAVIGATE
95.500,r06,0.999324,0.233762,0.834126,0,EXPLORE
96.000,r00,0.510971,0.300714,0.361207,1,EXECUTE
96.000,r01,1.389690,1.145430,0.578771,1,NAVIGATE
96.000,r02,1.162083,0.632730,0.725191,1,EXECUTE
96.000,r03,0.593117,0.568397,0.457017,0,NAVIGATE
96.000,r04,1.398471,0.631644,0.949147,0,EXPLORE
96.000,r05,1.373652,0.268536,0.225014,0,NAVIGATE
96.000,r06,0.987532,0.244577,0.833935,0,NAVIGATE
96.500,r00,0.510971,0.300714,0.361167,0,EXPLORE
96.500,r01,1.356698,1.168047,0.578355,1,NAVIGATE
96.500,r02,1.162083,0.632730,0.725151,1,EXECUTE
96.500,r03,0.593865,0.528404,0.456601,0,NAVIGATE
96.500,r04,1.398471,0.631644,0.949107,0,NAVIGATE
96.500,r05,1.374340,0.308530,0.224598,0,NAVIGATE
96.500,r06,0.987532,0.244577,0.833895,0,NAVIGATE
97.000,r00,0.510971,0.300714,0.361127,0,EXPLORE
97.000,r01,1.323705,1.190663,0.577939,1,NAVIGATE
97.000,r02,1.162083,0.632730,0.725111,1,EXECUTE
97.000,r03,0.594612,0.488411,0.456185,0,NAVIGATE
97.000,r04,1.398471,0.631644,0.949067,0,NAVIGATE
97.000,r05,1.375029,0.348524,0.224182,0,NAVIGATE
97.000,r06,0.987532,0.244577,0.833855,0,NAVIGATE
97.500,r00,0.518764,0.302523,0.361012,0,EXPLORE
97.500,r01,1.290713,1.213279,0.577523,1,NAVIGATE
97.500,r02,1.162083,0.632730,0.725071,1,EXECUTE
97.500,r03,0.595359,0.448418,0.455769,0,NAVIGATE
97.500,r04,1.410261,0.642460,0.948877,0,NAVIGATE
97.500,r05,1.375717,0.388518,0.223766,0,NAVIGATE
97.500,r06,1.024179,0.260608,0.833439,0,NAVIGATE
98.000,r00,0.557727,0.311570,0.360596,0,EXPLORE
98.000,r01,1.270917,1.226849,0.577258,1,EXECUTE
98.000,r02,1.162083,0.632730,0.725031,1,EXECUTE
98.000,r03,0.596106,0.408425,0.455353,0,NAVIGATE
98.000,r04,1.439736,0.669501,0.948461,0,NAVIGATE
98.000,r05,1.376405,0.428512,0.223350,0,NAVIGATE
98.000,r06,1.060826,0.276640,0.833023,0,NAVIGATE
98.500,r00,0.557727,0.311570,0.360556,0,NAVIGATE
98.500,r01,1.270917,1.226849,0.577218,1,EXECUTE
98.500,r02,1.162083,0.632730,0.724991,1,EXECUTE
98.500,r03,0.596853,0.368432,0.454937,0,NAVIGATE
98.500,r04,1.469212,0.696541,0.948045,0,NAVIGATE
98.500,r05,1.377093,0.468506,0.222934,0,NAVIGATE
98.500,r06,1.097472,0.292671,0.832607,0,NAVIGATE
99.000,r00,0.557727,0.311570,0.360516,0,NAVIGATE
99.000,r01,1.270917,1.226849,0.577178,1,EXECUTE
99.000,r02,1.162083,0.632730,0.724951,1,EXECUTE
99.000,r03,0.597600,0.328439,0.454521,0,NAVIGATE
99.000,r04,1.498688,0.723582,0.947629,0,NAVIGATE
99.000,r05,1.377781,0.508501,0.222518,0,NAVIGATE
99.000,r06,1.134119,0.308703,0.832191,0,NAVIGATE
99.500,r00,0.573663,0.310139,0.360325,0,NAVIGATE
99.500,r01,1.270917,1.226849,0.577138,1,EXECUTE
99.500,r02,1.162083,0.632730,0.724911,1,EXECUTE
99.500,r03,0.598348,0.288446,0.454105,0,NAVIGATE
99.500,r04,1.528163,0.750622,0.947213,0,NAVIGATE
99.500,r05,1.378469,0.548495,0.222102,0,NAVIGATE
99.500,r06,1.170766,0.324734,0.831775,0,NAVIGATE
100.000,r00,0.613503,0.306561,0.359909,0,NAVIGATE
100.000,r01,1.270917,1.226849,0.577098,1,EXECUTE
100.000,r02,1.162083,0.632730,0.724871,1,EXECUTE
100.000,r03,0.599095,0.248453,0.453689,0,NAVIGATE
100.000,r04,1.557639,0.777662,0.946797,0,NAVIGATE
100.000,r05,1.379157,0.588489,0.221686,0,NAVIGATE
100.000,r06,1.207413,0.340766,0.831359,0,NAVIGATE
100.500,r00,0.653342,0.302983,0.359493,0,NAVIGATE
100.500,r01,1.270917,1.226849,0.577058,1,EXECUTE
100.500,r02,1.162083,0.632730,0.724831,1,EXECUTE
100.500,r03,0.599394,0.232456,0.453499,0,EXECUTE
100.500,r04,1.587115,0.804703,0.946381,0,NAVIGATE
100.500,r05,1.379845,0.628483,0.221270,0,NAVIGATE
100.500,r06,1.244060,0.356797,0.830943,0,NAVIGATE
101.000,r00,0.693182,0.299405,0.359077,0,NAVIGATE
101.000,r01,1.270917,1.226849,0.577018,1,EXECUTE
101.000,r02,1.162083,0.632730,0.724791,1,EXECUTE
101.000,r03,0.599394,0.232456,0.453459,0,EXECUTE
101.000,r04,1.616590,0.831743,0.945965,0,NAVIGATE
101.000,r05,1.380533,0.668477,0.220854,0,NAVIGATE
101.000,r06,1.280707,0.372829,0.830527,0,NAVIGATE
101.500,r00,0.733022,0.295826,0.358661,0,NAVIGATE
101.500,r01,1.270917,1.226849,0.576978,1,EXECUTE
101.500,r02,1.162083,0.632730,0.724751,1,EXECUTE
101.500,r03,0.599394,0.232456,0.453419,0,EXECUTE
101.500,r04,1.646066,0.858784,0.945549,0,NAVIGATE
101.500,r05,1.381221,0.708471,0.220438,0,NAVIGATE
101.500,r06,1.317353,0.388861,0.830111,0,NAVIGATE
102.000,r00,0.772861,0.292248,0.358245,0,NAVIGATE
102.000,r01,1.270917,1.226849,0.576938,1,EXECUTE
102.000,r02,1.162083,0.632730,0.724711,1,EXECUTE
102.000,r03,0.599394,0.232456,0.453379,0,EXECUTE
102.000,r04,1.675542,0.885824,0.945133,0,NAVIGATE
102.000,r05,1.381909,0.748465,0.220022,0,NAVIGATE
102.000,r06,1.354000,0.404892,0.829695,0,NAVIGATE
102.500,r00,0.812701,0.288670,0.357829,0,NAVIGATE
102.500,r01,1.270917,1.226849,0.576898,1,EXECUTE
102.500,r02,1.162083,0.632730,0.724671,1,EXECUTE
102.500,r03,0.599394,0.232456,0.453339,0,EXPLORE
102.500,r04,1.705017,0.912865,0.944717,0,NAVIGATE
102.500,r05,1.382597,0.788459,0.219606,0,NAVIGATE
102.500,r06,1.390647,0.420924,0.829279,0,NAVIGATE
103.000,r00,0.852541,0.285092,0.357413,0,NAVIGATE
103.000,r01,1.270917,1.226849,0.576858,1,EXECUTE
103.000,r02,1.162083,0.632730,0.724631,1,EXECUTE
103.000,r03,0.599394,0.232456,0.453299,0,EXPLORE
103.000,r04,1.734493,0.939905,0.944301,0,NAVIGATE
103.000,r05,1.383285,0.828453,0.219190,0,NAVIGATE
103.000,r06,1.427294,0.436955,0.828863,0,NAVIGATE
103.500,r00,0.892380,0.281514,0.356997,0,NAVIGATE
103.500,r01,1.270917,1.226849,0.576818,1,EXECUTE
103.500,r02,1.162083,0.632730,0.724591,1,EXECUTE
103.500,r03,0.599394,0.232456,0.453259,0,EXPLORE
103.500,r04,1.763969,0.966946,0.943885,0,NAVIGATE
103.500,r05,1.383973,0.868447,0.218774,0,NAVIGATE
103.500,r06,1.463941,0.452987,0.828447,0,NAVIGATE
104.000,r00,0.932220,0.277936,0.356581,0,NAVIGATE
104.000,r01,1.270917,1.226849,0.576778,1,EXECUTE
104.000,r02,1.162083,0.632730,0.724551,0,EXPLORE
104.000,r03,0.586447,0.270303,0.452843,0,EXPLORE
104.000,r04,1.775759,0.977762,0.943694,0,EXECUTE
104.000,r05,1.384661,0.908441,0.218358,0,NAVIGATE
104.000,r06,1.500587,0.469018,0.828031,0,NAVIGATE
104.500,r00,0.972060,0.274358,0.356165,0,NAVIGATE
104.500,r01,1.270917,1.226849,0.576738,1,EXECUTE
104.500,r02,1.162083,0.632730,0.724511,0,EXPLORE
104.500,r03,0.573500,0.308149,0.452427,0,EXPLORE
104.500,r04,1.775759,0.977762,0.943654,0,EXECUTE
104.500,r05,1.385350,0.948435,0.217942,0,NAVIGATE
104.500,r06,1.537234,0.485050,0.827615,0,NAVIGATE
105.000,r00,1.011899,0.270780,0.355749,0,NAVIGATE
105.000,r01,1.270917,1.226849,0.576698,1,EXECUTE
105.000,r02,1.162083,0.632730,0.724471,0,EXPLORE
105.000,r03,0.560554,0.345996,0.452011,0,EXPLORE
105.000,r04,1.775759,0.977762,0.943614,0,EXECUTE
105.000,r05,1.386038,0.988430,0.217526,0,NAVIGATE
105.000,r06,1.573881,0.501082,0.827199,0,NAVIGATE
105.500,r00,1.051739,0.267202,0.355333,0,NAVIGATE
105.500,r01,1.270917,1.226849,0.576658,1,EXECUTE
105.500,r02,1.162083,0.632730,0.724431,0,NAVIGATE
105.500,r03,0.547607,0.383843,0.451595,0,EXPLORE
105.500,r04,1.775759,0.977762,0.943574,0,EXECUTE
105.500,r05,1.386726,1.028424,0.217110,0,NAVIGATE
105.500,r06,1.610528,0.517113,0.826783,0,NAVIGATE
106.000,r00,1.091579,0.263624,0.354917,0,NAVIGATE
106.000,r01,1.270917,1.226849,0.576618,1,EXECUTE
106.000,r02,1.162083,0.632730,0.724391,0,NAVIGATE
106.000,r03,0.534660,0.421690,0.451179,0,EXPLORE
106.000,r04,1.775759,0.977762,0.943534,0,EXPLORE
106.000,r05,1.387414,1.068418,0.216694,0,NAVIGATE
106.000,r06,1.647175,0.533145,0.826367,0,NAVIGATE
106.500,r00,1.131418,0.260046,0.354501,0,NAVIGATE
106.500,r01,1.270917,1.226849,0.576578,1,EXECUTE
106.500,r02,1.155142,0.647145,0.724201,0,NAVIGATE
106.500,r03,0.521714,0.459537,0.450763,0,EXPLORE
106.500,r04,1.775759,0.977762,0.943494,0,EXPLORE
106.500,r05,1.388102,1.108412,0.216278,0,NAVIGATE
106.500,r06,1.683821,0.549176,0.825951,0,NAVIGATE
107.000,r00,1.171258,0.256468,0.354085,0,NAVIGATE
107.000,r01,1.270917,1.226849,0.576538,1,EXECUTE
107.000,r02,1.137787,0.683185,0.723785,0,NAVIGATE
107.000,r03,0.508767,0.497384,0.450347,0,EXPLORE
107.000,r04,1.775759,0.977762,0.943454,0,EXPLORE
107.000,r05,1.388790,1.148406,0.215862,0,NAVIGATE
107.000,r06,1.720468,0.565208,0.825535,0,NAVIGATE
107.500,r00,1.211098,0.252890,0.353669,0,NAVIGATE
107.500,r01,1.270917,1.226849,0.576498,1,EXECUTE
107.500,r02,1.120433,0.719224,0.723369,0,NAVIGATE
107.500,r03,0.495820,0.535231,0.449931,0,EXPLORE
107.500,r04,1.775759,0.977762,0.943414,0,NAVIGATE
107.500,r05,1.389478,1.188400,0.215446,0,NAVIGATE
107.500,r06,1.757115,0.581239,0.825119,0,NAVIGATE
108.000,r00,1.250937,0.249312,0.353253,0,NAVIGATE
108.000,r01,1.270917,1.226849,0.576458,1,EXECUTE
108.000,r02,1.103079,0.755263,0.722953,0,NAVIGATE
108.000,r03,0.482874,0.573077,0.449515,0,EXPLORE
108.000,r04,1.775759,0.977762,0.943374,0,NAVIGATE
108.000,r05,1.390166,1.228394,0.215030,0,NAVIGATE
108.000,r06,1.771774,0.587652,0.824929,0,EXECUTE
108.500,r00,1.290777,0.245734,0.352837,0,NAVIGATE
108.500,r01,1.270917,1.226849,0.576418,1,EXECUTE
108.500,r02,1.085725,0.791302,0.722537,0,NAVIGATE
108.500,r03,0.469927,0.610924,0.449099,0,EXPLORE
108.500,r04,1.764779,0.989400,0.943184,0,NAVIGATE
108.500,r05,1.390854,1.268388,0.214614,0,NAVIGATE
108.500,r06,1.771774,0.587652,0.824889,0,EXECUTE
109.000,r00,1.330617,0.242156,0.352421,0,NAVIGATE
109.000,r01,1.270917,1.226849,0.576378,1,EXECUTE
109.000,r02,1.068370,0.827342,0.722121,0,NAVIGATE
109.000,r03,0.456980,0.648771,0.448683,0,EXPLORE
109.000,r04,1.737329,1.018494,0.942768,0,NAVIGATE
109.000,r05,1.391542,1.308382,0.214198,0,NAVIGATE
109.000,r06,1.771774,0.587652,0.824849,0,EXECUTE
109.500,r00,1.370456,0.238578,0.352005,0,NAVIGATE
109.500,r01,1.270917,1.226849,0.576338,1,EXECUTE
109.500,r02,1.051016,0.863381,0.721705,0,NAVIGATE
109.500,r03,0.456980,0.648771,0.448643,0,NAVIGATE
109.500,r04,1.709879,1.047589,0.942352,0,NAVIGATE
109.500,r05,1.392230,1.348376,0.213782,0,NAVIGATE
109.500,r06,1.771774,0.587652,0.824809,0,EXECUTE
110.000,r00,1.410296,0.235000,0.351589,0,NAVIGATE
110.000,r01,1.270917,1.226849,0.576298,1,EXECUTE
110.000,r02,1.033662,0.899420,0.721289,0,NAVIGATE
110.000,r03,0.456980,0.648771,0.448603,0,NAVIGATE
110.000,r04,1.682429,1.076684,0.941936,0,NAVIGATE
110.000,r05,1.392918,1.388370,0.213366,0,NAVIGATE
110.000,r06,1.771774,0.587652,0.824769,0,EXPLORE
110.500,r00,1.450135,0.231422,0.351173,0,NAVIGATE
110.500,r01,1.270917,1.226849,0.576258,1,EXECUTE
110.500,r02,1.016308,0.935460,0.720873,0,NAVIGATE
110.500,r03,0.466354,0.661738,0.448412,0,NAVIGATE
110.500,r04,1.654979,1.105778,0.941520,0,NAVIGATE
110.500,r05,1.393606,1.428364,0.212950,0,NAVIGATE
110.500,r06,1.771774,0.587652,0.824729,0,EXPLORE
111.000,r00,1.489975,0.227844,0.350757,0,NAVIGATE
111.000,r01,1.270917,1.226849,0.576218,1,EXECUTE
111.000,r02,0.998953,0.971499,0.720457,0,NAVIGATE
111.000,r03,0.489786,0.694156,0.447996,0,NAVIGATE
111.000,r04,1.627529,1.134873,0.941104,0,NAVIGATE
111.000,r05,1.394294,1.468358,0.212534,0,NAVIGATE
111.000,r06,1.771774,0.587652,0.824689,0,EXPLORE
111.500,r00,1.529815,0.224266,0.350341,0,NAVIGATE
111.500,r01,1.270917,1.226849,0.576178,1,EXECUTE
111.500,r02,0.981599,1.007538,0.720041,0,NAVIGATE
111.500,r03,0.513219,0.726573,0.447580,0,NAVIGATE
111.500,r04,1.600079,1.163967,0.940688,0,NAVIGATE
111.500,r05,1.394982,1.508353,0.212118,0,NAVIGATE
111.500,r06,1.771774,0.587652,0.824649,0,NAVIGATE
112.000,r00,1.569654,0.220688,0.349925,0,NAVIGATE
112.000,r01,1.270917,1.226849,0.576138,1,EXECUTE
112.000,r02,0.964245,1.043577,0.719625,0,NAVIGATE
112.000,r03,0.536652,0.758991,0.447164,0,NAVIGATE
112.000,r04,1.572629,1.193062,0.940272,0,NAVIGATE
112.000,r05,1.395671,1.548347,0.211702,0,NAVIGATE
112.000,r06,1.771774,0.587652,0.824609,0,NAVIGATE
112.500,r00,1.609494,0.217110,0.349509,0,NAVIGATE
112.500,r01,1.270917,1.226849,0.576098,1,EXECUTE
112.500,r02,0.946891,1.079617,0.719209,0,NAVIGATE
112.500,r03,0.560085,0.791409,0.446748,0,NAVIGATE
112.500,r04,1.545179,1.222157,0.939856,0,NAVIGATE
112.500,r05,1.396359,1.588341,0.211286,0,NAVIGATE
112.500,r06,1.755774,0.587778,0.824419,0,NAVIGATE
113.000,r00,1.649334,0.213532,0.349093,0,NAVIGATE
113.000,r01,1.270917,1.226849,0.576058,0,EXPLORE
113.000,r02,0.929537,1.115656,0.718793,0,NAVIGATE
113.000,r03,0.583518,0.823826,0.446332,0,NAVIGATE
113.000,r04,1.517729,1.251251,0.939440,0,NAVIGATE
113.000,r05,1.397047,1.628335,0.210870,0,NAVIGATE
113.000,r06,1.715776,0.588092,0.824003,0,NAVIGATE
113.500,r00,1.649334,0.213532,0.349053,1,NAVIGATE
113.500,r01,1.270917,1.226849,0.576018,0,EXPLORE
113.500,r02,0.912182,1.151695,0.718377,0,NAVIGATE
113.500,r03,0.606950,0.856244,0.445916,0,NAVIGATE
113.500,r04,1.517729,1.251251,0.939400,1,NAVIGATE
113.500,r05,1.397735,1.668329,0.210454,0,NAVIGATE
113.500,r06,1.715776,0.588092,0.823963,1,NAVIGATE
114.000,r00,1.649334,0.213532,0.349013,1,NAVIGATE
114.000,r01,1.270917,1.226849,0.575978,0,EXPLORE
114.000,r02,0.894828,1.187735,0.717961,0,NAVIGATE
114.000,r03,0.630383,0.888662,0.445500,0,NAVIGATE
114.000,r04,1.517729,1.251251,0.939360,1,NAVIGATE
114.000,r05,1.398423,1.708323,0.210038,0,NAVIGATE
114.000,r06,1.715776,0.588092,0.823923,1,NAVIGATE
114.500,r00,1.665321,0.214159,0.348823,1,NAVIGATE
114.500,r01,1.270917,1.226849,0.575938,0,NAVIGATE
114.500,r02,0.877474,1.223774,0.717545,0,NAVIGATE
114.500,r03,0.653816,0.921079,0.445084,0,NAVIGATE
114.500,r04,1.522509,1.235982,0.939170,1,NAVIGATE
114.500,r05,1.399111,1.748317,0.209622,0,NAVIGATE
114.500,r06,1.720914,0.572940,0.823732,1,NAVIGATE
115.000,r00,1.705291,0.215729,0.348407,1,NAVIGATE
115.000,r01,1.270917,1.226849,0.575898,0,NAVIGATE
115.000,r02,0.860120,1.259813,0.717129,0,NAVIGATE
115.000,r03,0.677249,0.953497,0.444668,0,NAVIGATE
115.000,r04,1.534460,1.197809,0.938754,1,NAVIGATE
115.000,r05,1.399524,1.772314,0.209357,0,EXECUTE
115.000,r06,1.733762,0.535059,0.823316,1,NAVIGATE
115.500,r00,1.745260,0.217298,0.347991,1,NAVIGATE
115.500,r01,1.256811,1.234399,0.575707,0,NAVIGATE
115.500,r02,0.842765,1.295853,0.716713,0,NAVIGATE
115.500,r03,0.700682,0.985915,0.444252,0,NAVIGATE
115.500,r04,1.546411,1.159636,0.938338,1,NAVIGATE
115.500,r05,1.399524,1.772314,0.209317,0,EXECUTE
115.500,r06,1.746609,0.497178,0.822900,1,NAVIGATE
116.000,r00,1.785229,0.218867,0.347575,1,NAVIGATE
116.000,r01,1.221544,1.253273,0.575291,0,NAVIGATE
116.000,r02,0.825411,1.331892,0.716297,0,NAVIGATE
116.000,r03,0.724115,1.018332,0.443836,0,NAVIGATE
116.000,r04,1.558362,1.121463,0.937922,1,NAVIGATE
116.000,r05,1.399524,1.772314,0.209277,0,EXECUTE
116.000,r06,1.759456,0.459298,0.822484,1,NAVIGATE
116.500,r00,1.809211,0.219809,0.347309,1,WAIT_PEERS
116.500,r01,1.186277,1.272148,0.574875,0,NAVIGATE
116.500,r02,0.808057,1.367931,0.715881,0,NAVIGATE
116.500,r03,0.747547,1.050750,0.443420,0,NAVIGATE
116.500,r04,1.570313,1.083290,0.937506,1,NAVIGATE
116.500,r05,1.399524,1.772314,0.209237,0,EXECUTE
116.500,r06,1.772303,0.421417,0.822068,1,NAVIGATE
117.000,r00,1.809211,0.219809,0.347269,1,WAIT_PEERS
117.000,r01,1.151010,1.291023,0.574459,0,NAVIGATE
117.000,r02,0.790703,1.403970,0.715465,0,NAVIGATE
117.000,r03,0.770980,1.083167,0.443004,0,NAVIGATE
117.000,r04,1.582264,1.045117,0.937090,1,NAVIGATE
117.000,r05,1.399524,1.772314,0.209197,0,EXPLORE
117.000,r06,1.785151,0.383536,0.821652,1,NAVIGATE
117.500,r00,1.809211,0.219809,0.347229,1,WAIT_PEERS
117.500,r01,1.115744,1.309897,0.574043,0,NAVIGATE
117.500,r02,0.773348,1.440010,0.715049,0,NAVIGATE
117.500,r03,0.794413,1.115585,0.442588,0,NAVIGATE
117.500,r04,1.594215,1.006944,0.936674,1,NAVIGATE
117.500,r05,1.399524,1.772314,0.209157,0,EXPLORE
117.500,r06,1.797998,0.345655,0.821236,1,NAVIGATE
118.000,r00,1.809211,0.219809,0.347189,1,WAIT_PEERS
118.000,r01,1.080477,1.328772,0.573627,0,NAVIGATE
118.000,r02,0.755994,1.476049,0.714633,0,NAVIGATE
118.000,r03,0.817846,1.148003,0.442172,0,NAVIGATE
118.000,r04,1.606166,0.968771,0.936258,1,NAVIGATE
118.000,r05,1.399524,1.772314,0.209117,0,EXPLORE
118.000,r06,1.810845,0.307775,0.820820,1,NAVIGATE
118.500,r00,1.809211,0.219809,0.347149,1,WAIT_PEERS
118.500,r01,1.045210,1.347647,0.573211,0,NAVIGATE
118.500,r02,0.738640,1.512088,0.714217,0,NAVIGATE
118.500,r03,0.841279,1.180420,0.441756,0,NAVIGATE
118.500,r04,1.618117,0.930599,0.935842,1,NAVIGATE
118.500,r05,1.380114,1.746872,0.208776,0,EXPLORE
118.500,r06,1.823692,0.269894,0.820404,1,NAVIGATE
119.000,r00,1.809211,0.219809,0.347109,1,WAIT_PEERS
119.000,r01,1.009943,1.366521,0.572795,0,NAVIGATE
119.000,r02,0.721286,1.548128,0.713801,0,NAVIGATE
119.000,r03,0.864711,1.212838,0.441340,0,NAVIGATE
119.000,r04,1.630068,0.892426,0.935426,1,NAVIGATE
119.000,r05,1.355852,1.715070,0.208360,0,EXPLORE
119.000,r06,1.831401,0.247166,0.820139,1,WAIT_PEERS
119.500,r00,1.809211,0.219809,0.347069,1,WAIT_PEERS
119.500,r01,0.974676,1.385396,0.572379,0,NAVIGATE
119.500,r02,0.703932,1.584167,0.713385,0,NAVIGATE
119.500,r03,0.888144,1.245256,0.440924,0,NAVIGATE
119.500,r04,1.642019,0.854253,0.935010,1,NAVIGATE
119.500,r05,1.331591,1.683268,0.207944,0,EXPLORE
119.500,r06,1.831401,0.247166,0.820099,1,WAIT_PEERS
120.000,r00,1.809211,0.219809,0.347029,1,WAIT_PEERS
120.000,r01,0.939410,1.404271,0.571963,0,NAVIGATE
120.000,r02,0.686577,1.620206,0.712969,0,NAVIGATE
120.000,r03,0.911577,1.277673,0.440508,0,NAVIGATE
120.000,r04,1.653970,0.816080,0.934594,1,NAVIGATE
120.000,r05,1.307329,1.651466,0.207528,0,EXPLORE
120.000,r06,1.831401,0.247166,0.820059,1,WAIT_PEERS
120.500,r00,1.809211,0.219809,0.346989,1,WAIT_PEERS
120.500,r01,0.904143,1.423145,0.571547,0,NAVIGATE
120.500,r02,0.669223,1.656245,0.712553,0,NAVIGATE
120.500,r03,0.935010,1.310091,0.440092,0,NAVIGATE
120.500,r04,1.665921,0.777907,0.934178,1,NAVIGATE
120.500,r05,1.283067,1.619664,0.207112,0,EXPLORE
120.500,r06,1.831401,0.247166,0.820019,1,WAIT_PEERS
121.000,r00,1.809211,0.219809,0.346949,1,WAIT_PEERS
121.000,r01,0.868876,1.442020,0.571131,0,NAVIGATE
121.000,r02,0.651869,1.692285,0.712137,0,NAVIGATE
121.000,r03,0.958443,1.342508,0.439676,0,NAVIGATE
121.000,r04,1.677872,0.739734,0.933762,1,NAVIGATE
121.000,r05,1.258805,1.587862,0.206696,0,EXPLORE
121.000,r06,1.831401,0.247166,0.819979,1,WAIT_PEERS
121.500,r00,1.809211,0.219809,0.346909,1,WAIT_PEERS
121.500,r01,0.833609,1.460895,0.570715,0,NAVIGATE
121.500,r02,0.634515,1.728324,0.711721,0,NAVIGATE
121.500,r03,0.981876,1.374926,0.439260,0,NAVIGATE
121.500,r04,1.689823,0.701561,0.933346,1,NAVIGATE
121.500,r05,1.234543,1.556060,0.206280,0,EXPLORE
121.500,r06,1.831401,0.247166,0.819939,1,WAIT_PEERS
122.000,r00,1.809211,0.219809,0.346869,1,WAIT_PEERS
122.000,r01,0.798342,1.479769,0.570299,0,NAVIGATE
122.000,r02,0.617160,1.764363,0.711305,0,NAVIGATE
122.000,r03,0.981876,1.374926,0.439220,0,EXECUTE
122.000,r04,1.701774,0.663388,0.932930,1,NAVIGATE
122.000,r05,1.210281,1.524258,0.205864,0,EXPLORE
122.000,r06,1.831401,0.247166,0.819899,1,WAIT_PEERS
122.500,r00,1.809211,0.219809,0.346829,1,WAIT_PEERS
122.500,r01,0.763076,1.498644,0.569883,0,NAVIGATE
122.500,r02,0.613690,1.771571,0.711189,0,EXECUTE
122.500,r03,0.981876,1.374926,0.439180,0,EXECUTE
122.500,r04,1.713725,0.625215,0.932514,1,NAVIGATE
122.500,r05,1.186020,1.492456,0.205448,0,EXPLORE
122.500,r06,1.831401,0.247166,0.819859,1,WAIT_PEERS
123.000,r00,1.809211,0.219809,0.346789,1,WAIT_PEERS
123.000,r01,0.727809,1.517519,0.569467,0,NAVIGATE
123.000,r02,0.613690,1.771571,0.711149,0,EXECUTE
123.000,r03,0.981876,1.374926,0.439140,0,EXECUTE
123.000,r04,1.725676,0.587042,0.932098,1,NAVIGATE
123.000,r05,1.161758,1.460654,0.205032,0,EXPLORE
123.000,r06,1.831401,0.247166,0.819819,1,WAIT_PEERS
123.500,r00,1.809211,0.219809,0.346749,1,WAIT_PEERS
123.500,r01,0.692542,1.536393,0.569051,0,NAVIGATE
123.500,r02,0.613690,1.771571,0.711109,0,EXECUTE
123.500,r03,0.981876,1.374926,0.439100,0,EXECUTE
123.500,r04,1.737627,0.548869,0.931682,1,NAVIGATE
123.500,r05,1.137496,1.428852,0.204616,0,EXPLORE
123.500,r06,1.831401,0.247166,0.819779,1,WAIT_PEERS
124.000,r00,1.809211,0.219809,0.346709,1,WAIT_PEERS
124.000,r01,0.657275,1.555268,0.568635,0,NAVIGATE
124.000,r02,0.613690,1.771571,0.711069,0,EXECUTE
124.000,r03,0.981876,1.374926,0.439060,0,EXPLORE
124.000,r04,1.749578,0.510696,0.931266,1,NAVIGATE
124.000,r05,1.113234,1.397051,0.204200,0,EXPLORE
124.000,r06,1.831401,0.247166,0.819739,1,WAIT_PEERS
124.500,r00,1.809211,0.219809,0.346669,1,WAIT_PEERS
124.500,r01,0.622008,1.574143,0.568219,0,NAVIGATE
124.500,r02,0.613690,1.771571,0.711029,0,EXPLORE
124.500,r03,0.981876,1.374926,0.439020,0,EXPLORE
124.500,r04,1.761529,0.472523,0.930850,1,NAVIGATE
124.500,r05,1.088972,1.365249,0.203784,0,EXPLORE
124.500,r06,1.831401,0.247166,0.819699,1,WAIT_PEERS
125.000,r00,1.809211,0.219809,0.346629,1,WAIT_PEERS
125.000,r01,0.586742,1.593017,0.567803,0,NAVIGATE
125.000,r02,0.613690,1.771571,0.710989,0,EXPLORE
125.000,r03,0.965884,1.375439,0.438830,0,EXPLORE
125.000,r04,1.773480,0.434350,0.930434,1,NAVIGATE
125.000,r05,1.064711,1.333447,0.203368,0,EXPLORE
125.000,r06,1.831401,0.247166,0.819659,1,WAIT_PEERS
125.500,r00,1.809211,0.219809,0.346589,1,WAIT_PEERS
125.500,r01,0.551475,1.611892,0.567387,0,NAVIGATE
125.500,r02,0.613548,1.763572,0.710874,0,EXPLORE
125.500,r03,0.925904,1.376721,0.438414,0,EXPLORE
125.500,r04,1.785430,0.396177,0.930018,1,NAVIGATE
125.500,r05,1.040449,1.301645,0.202952,0,EXPLORE
125.500,r06,1.831401,0.247166,0.819619,1,WAIT_PEERS
126.000,r00,1.809211,0.219809,0.346549,1,WAIT_PEERS
126.000,r01,0.516208,1.630767,0.566971,0,NAVIGATE
126.000,r02,0.612838,1.723579,0.710458,0,EXPLORE
126.000,r03,0.885925,1.378003,0.437998,0,EXPLORE
126.000,r04,1.797381,0.358004,0.929602,1,NAVIGATE
126.000,r05,1.016187,1.269843,0.202536,0,EXPLORE
126.000,r06,1.831401,0.247166,0.819579,1,WAIT_PEERS
126.500,r00,1.809211,0.219809,0.346509,1,WAIT_PEERS
126.500,r01,0.480941,1.649641,0.566555,0,NAVIGATE
126.500,r02,0.612128,1.683585,0.710042,0,EXPLORE
126.500,r03,0.845945,1.379285,0.437582,0,EXPLORE
126.500,r04,1.809332,0.319831,0.929186,1,NAVIGATE
126.500,r05,0.991925,1.238041,0.202120,0,EXPLORE
126.500,r06,1.831401,0.247166,0.819539,1,WAIT_PEERS
127.000,r00,1.809211,0.219809,0.346469,1,WAIT_PEERS
127.000,r01,0.445674,1.668516,0.566139,0,NAVIGATE
127.000,r02,0.611419,1.643591,0.709626,0,EXPLORE
127.000,r03,0.805966,1.380567,0.437166,0,EXPLORE
127.000,r04,1.821283,0.281658,0.928770,1,NAVIGATE
127.000,r05,0.967663,1.206239,0.201704,0,EXPLORE
127.000,r06,1.831401,0.247166,0.819499,1,WAIT_PEERS
127.500,r00,1.809211,0.219809,0.346429,1,EXECUTE
127.500,r01,0.410408,1.687391,0.565723,0,NAVIGATE
127.500,r02,0.611419,1.643591,0.709586,0,NAVIGATE
127.500,r03,0.765987,1.381849,0.436750,0,EXPLORE
127.500,r04,1.830844,0.251120,0.928429,1,EXECUTE
127.500,r05,0.967663,1.206239,0.201664,0,NAVIGATE
127.500,r06,1.831401,0.247166,0.819459,1,EXECUTE
128.000,r00,1.809211,0.219809,0.346389,1,EXECUTE
128.000,r01,0.375141,1.706265,0.565307,0,NAVIGATE
128.000,r02,0.611419,1.643591,0.709546,0,NAVIGATE
128.000,r03,0.726007,1.383132,0.436334,0,EXPLORE
128.000,r04,1.830844,0.251120,0.928389,1,EXECUTE
128.000,r05,0.967663,1.206239,0.201624,0,NAVIGATE
128.000,r06,1.831401,0.247166,0.819419,1,EXECUTE
128.500,r00,1.809211,0.219809,0.346349,1,EXECUTE
128.500,r01,0.339874,1.725140,0.564891,0,NAVIGATE
128.500,r02,0.621065,1.630826,0.709356,0,NAVIGATE
128.500,r03,0.686028,1.384414,0.435918,0,EXPLORE
128.500,r04,1.830844,0.251120,0.928349,1,EXECUTE
128.500,r05,0.962172,1.191211,0.201434,0,NAVIGATE
128.500,r06,1.831401,0.247166,0.819379,1,EXECUTE
129.000,r00,1.809211,0.219809,0.346309,1,EXECUTE
129.000,r01,0.304607,1.744015,0.564475,0,NAVIGATE
129.000,r02,0.645180,1.598913,0.708940,0,NAVIGATE
129.000,r03,0.646048,1.385696,0.435502,0,EXPLORE
129.000,r04,1.830844,0.251120,0.928309,1,EXECUTE
129.000,r05,0.948444,1.153640,0.201018,0,NAVIGATE
129.000,r06,1.831401,0.247166,0.819339,1,EXECUTE
129.500,r00,1.809211,0.219809,0.346269,1,EXECUTE
129.500,r01,0.269340,1.762889,0.564059,0,NAVIGATE
129.500,r02,0.669295,1.566999,0.708524,0,NAVIGATE
129.500,r03,0.646048,1.385696,0.435462,0,NAVIGATE
129.500,r04,1.830844,0.251120,0.928269,1,EXECUTE
129.500,r05,0.934717,1.116069,0.200602,0,NAVIGATE
129.500,r06,1.831401,0.247166,0.819299,1,EXECUTE
130.000,r00,1.809211,0.219809,0.346229,1,EXECUTE
130.000,r01,0.234074,1.781764,0.563643,0,NAVIGATE
130.000,r02,0.693410,1.535086,0.708108,0,NAVIGATE
130.000,r03,0.646048,1.385696,0.435422,0,NAVIGATE
130.000,r04,1.830844,0.251120,0.928229,1,EXECUTE
130.000,r05,0.920989,1.078499,0.200186,0,NAVIGATE
130.000,r06,1.831401,0.247166,0.819259,1,EXECUTE
130.500,r00,1.809211,0.219809,0.346189,1,EXECUTE
130.500,r01,0.227020,1.785539,0.563528,0,EXECUTE
130.500,r02,0.717525,1.503173,0.707692,0,NAVIGATE
130.500,r03,0.650625,1.370364,0.435231,0,NAVIGATE
130.500,r04,1.830844,0.251120,0.928189,1,EXECUTE
130.500,r05,0.907261,1.040928,0.199770,0,NAVIGATE
130.500,r06,1.831401,0.247166,0.819219,1,EXECUTE
131.000,r00,1.809211,0.219809,0.346149,1,EXECUTE
131.000,r01,0.227020,1.785539,0.563488,0,EXECUTE
131.000,r02,0.741640,1.471259,0.707276,0,NAVIGATE
131.000,r03,0.662067,1.332036,0.434815,0,NAVIGATE
131.000,r04,1.830844,0.251120,0.928149,1,EXECUTE
131.000,r05,0.893534,1.003358,0.199354,0,NAVIGATE
131.000,r06,1.831401,0.247166,0.819179,1,EXECUTE
131.500,r00,1.809211,0.219809,0.346109,1,EXECUTE
131.500,r01,0.227020,1.785539,0.563448,0,EXECUTE
131.500,r02,0.765755,1.439346,0.706860,0,NAVIGATE
131.500,r03,0.673509,1.293707,0.434399,0,NAVIGATE
131.500,r04,1.830844,0.251120,0.928109,1,EXECUTE
131.500,r05,0.879806,0.965787,0.198938,0,NAVIGATE
131.500,r06,1.831401,0.247166,0.819139,1,EXECUTE
132.000,r00,1.809211,0.219809,0.346069,1,EXECUTE
132.000,r01,0.227020,1.785539,0.563408,0,EXECUTE
132.000,r02,0.789870,1.407432,0.706444,0,NAVIGATE
132.000,r03,0.684950,1.255378,0.433983,0,NAVIGATE
132.000,r04,1.830844,0.251120,0.928069,1,EXECUTE
132.000,r05,0.866078,0.928216,0.198522,0,NAVIGATE
132.000,r06,1.831401,0.247166,0.819099,1,EXECUTE
132.500,r00,1.809211,0.219809,0.346029,1,EXECUTE
132.500,r01,0.227020,1.785539,0.563368,0,EXPLORE
132.500,r02,0.813985,1.375519,0.706028,0,NAVIGATE
132.500,r03,0.696392,1.217050,0.433567,0,NAVIGATE
132.500,r04,1.830844,0.251120,0.928029,1,EXECUTE
132.500,r05,0.852351,0.890646,0.198106,0,NAVIGATE
132.500,r06,1.831401,0.247166,0.819059,1,EXECUTE
133.000,r00,1.809211,0.219809,0.345989,1,EXECUTE
133.000,r01,0.227020,1.785539,0.563328,0,EXPLORE
133.000,r02,0.838101,1.343606,0.705612,0,NAVIGATE
133.000,r03,0.707834,1.178721,0.433151,0,NAVIGATE
133.000,r04,1.830844,0.251120,0.927989,1,EXECUTE
133.000,r05,0.838623,0.853075,0.197690,0,NAVIGATE
133.000,r06,1.831401,0.247166,0.819019,1,EXECUTE
133.500,r00,1.809211,0.219809,0.345949,1,EXECUTE
133.500,r01,0.234177,1.781965,0.563213,0,EXPLORE
133.500,r02,0.862216,1.311692,0.705196,0,NAVIGATE
133.500,r03,0.719276,1.140392,0.432735,0,NAVIGATE
133.500,r04,1.830844,0.251120,0.927949,1,EXECUTE
133.500,r05,0.824895,0.815504,0.197274,0,NAVIGATE
133.500,r06,1.831401,0.247166,0.818979,1,EXECUTE
134.000,r00,1.809211,0.219809,0.345909,1,EXECUTE
134.000,r01,0.269963,1.764093,0.562797,0,EXPLORE
134.000,r02,0.886331,1.279779,0.704780,0,NAVIGATE
134.000,r03,0.730718,1.102064,0.432319,0,NAVIGATE
134.000,r04,1.830844,0.251120,0.927909,1,EXECUTE
134.000,r05,0.811168,0.777934,0.196858,0,NAVIGATE
134.000,r06,1.831401,0.247166,0.818939,1,EXECUTE
134.500,r00,1.809211,0.219809,0.345869,1,EXECUTE
134.500,r01,0.305749,1.746222,0.562381,0,EXPLORE
134.500,r02,0.910446,1.247866,0.704364,0,NAVIGATE
134.500,r03,0.742159,1.063735,0.431903,0,NAVIGATE
134.500,r04,1.830844,0.251120,0.927869,1,EXECUTE
134.500,r05,0.797440,0.740363,0.196442,0,NAVIGATE
134.500,r06,1.831401,0.247166,0.818899,1,EXECUTE
135.000,r00,1.809211,0.219809,0.345829,1,EXECUTE
135.000,r01,0.341535,1.728351,0.561965,0,EXPLORE
135.000,r02,0.934561,1.215952,0.703948,0,NAVIGATE
135.000,r03,0.753601,1.025406,0.431487,0,NAVIGATE
135.000,r04,1.830844,0.251120,0.927829,1,EXECUTE
135.000,r05,0.783712,0.702793,0.196026,0,NAVIGATE
135.000,r06,1.831401,0.247166,0.818859,1,EXECUTE
135.500,r00,1.809211,0.219809,0.345789,1,EXECUTE
135.500,r01,0.341535,1.728351,0.561925,0,NAVIGATE
135.500,r02,0.958676,1.184039,0.703532,0,NAVIGATE
135.500,r03,0.765043,0.987078,0.431071,0,NAVIGATE
135.500,r04,1.830844,0.251120,0.927789,1,EXECUTE
135.500,r05,0.769985,0.665222,0.195610,0,NAVIGATE
135.500,r06,1.831401,0.247166,0.818819,1,EXECUTE
136.000,r00,1.809211,0.219809,0.345749,1,EXECUTE
136.000,r01,0.341535,1.728351,0.561885,0,NAVIGATE
136.000,r02,0.982791,1.152125,0.703116,0,NAVIGATE
136.000,r03,0.776485,0.948749,0.430655,0,NAVIGATE
136.000,r04,1.830844,0.251120,0.927749,1,EXECUTE
136.000,r05,0.756257,0.627651,0.195194,0,NAVIGATE
136.000,r06,1.831401,0.247166,0.818779,1,EXECUTE
136.500,r00,1.809211,0.219809,0.345709,1,EXECUTE
136.500,r01,0.350644,1.715197,0.561694,0,NAVIGATE
136.500,r02,1.006906,1.120212,0.702700,0,NAVIGATE
136.500,r03,0.787927,0.910421,0.430239,0,NAVIGATE
136.500,r04,1.830844,0.251120,0.927709,1,EXECUTE
136.500,r05,0.742529,0.590081,0.194778,0,NAVIGATE
136.500,r06,1.831401,0.247166,0.818739,1,EXECUTE
137.000,r00,1.809211,0.219809,0.345669,1,EXECUTE
137.000,r01,0.373418,1.682314,0.561278,0,NAVIGATE
137.000,r02,1.031021,1.088299,0.702284,0,NAVIGATE
137.000,r03,0.799368,0.872092,0.429823,0,NAVIGATE
137.000,r04,1.830844,0.251120,0.927669,1,EXECUTE
137.000,r05,0.728801,0.552510,0.194362,0,NAVIGATE
137.000,r06,1.831401,0.247166,0.818699,1,EXECUTE
137.500,r00,1.809211,0.219809,0.345629,0,EXPLORE
137.500,r01,0.396192,1.649430,0.560862,0,NAVIGATE
137.500,r02,1.055136,1.056385,0.701868,0,NAVIGATE
137.500,r03,0.810810,0.833763,0.429407,0,NAVIGATE
137.500,r04,1.830844,0.251120,0.927629,0,EXPLORE
137.500,r05,0.715074,0.514940,0.193946,0,NAVIGATE
137.500,r06,1.831401,0.247166,0.818659,0,EXPLORE
138.000,r00,1.809211,0.219809,0.345589,0,EXPLORE
138.000,r01,0.418966,1.616546,0.560446,0,NAVIGATE
138.000,r02,1.079251,1.024472,0.701452,0,NAVIGATE
138.000,r03,0.822252,0.795435,0.428991,0,NAVIGATE
138.000,r04,1.830844,0.251120,0.927589,0,EXPLORE
138.000,r05,0.715074,0.514940,0.193906,1,NAVIGATE
138.000,r06,1.831401,0.247166,0.818619,0,EXPLORE
138.500,r00,1.809211,0.219809,0.345549,0,EXPLORE
138.500,r01,0.441740,1.583662,0.560030,0,NAVIGATE
138.500,r02,1.103366,0.992559,0.701036,0,NAVIGATE
138.500,r03,0.833694,0.757106,0.428575,0,NAVIGATE
138.500,r04,1.830844,0.251120,0.927549,0,EXPLORE
138.500,r05,0.715074,0.514940,0.193866,1,NAVIGATE
138.500,r06,1.831401,0.247166,0.818579,0,EXPLORE
139.000,r00,1.809211,0.219809,0.345509,0,NAVIGATE
139.000,r01,0.464513,1.550778,0.559614,0,NAVIGATE
139.000,r02,1.127481,0.960645,0.700620,0,NAVIGATE
139.000,r03,0.845136,0.718777,0.428159,0,NAVIGATE
139.000,r04,1.810341,0.263595,0.927283,0,EXPLORE
139.000,r05,0.700956,0.507410,0.193675,1,NAVIGATE
139.000,r06,1.808329,0.253776,0.818313,0,EXPLORE
139.500,r00,1.809211,0.219809,0.345469,0,NAVIGATE
139.500,r01,0.487287,1.517894,0.559198,0,NAVIGATE
139.500,r02,1.151597,0.928732,0.700204,0,NAVIGATE
139.500,r03,0.856577,0.680449,0.427743,0,NAVIGATE
139.500,r04,1.776169,0.284386,0.926867,0,EXPLORE
139.500,r05,0.665662,0.488587,0.193259,1,NAVIGATE
139.500,r06,1.769876,0.264794,0.817897,0,EXPLORE
140.000,r00,1.809211,0.219809,0.345429,0,NAVIGATE
140.000,r01,0.510061,1.485010,0.558782,0,NAVIGATE
140.000,r02,1.175712,0.896818,0.699788,0,NAVIGATE
140.000,r03,0.868019,0.642120,0.427327,0,NAVIGATE
140.000,r04,1.741997,0.305177,0.926451,0,EXPLORE
140.000,r05,0.630368,0.469764,0.192843,1,NAVIGATE
140.000,r06,1.731424,0.275812,0.817481,0,EXPLORE
140.500,r00,1.769216,0.219154,0.345013,0,NAVIGATE
140.500,r01,0.532835,1.452126,0.558366,0,NAVIGATE
140.500,r02,1.199827,0.864905,0.699372,0,NAVIGATE
140.500,r03,0.879461,0.603791,0.426911,0,NAVIGATE
140.500,r04,1.741997,0.305177,0.926411,0,NAVIGATE
140.500,r05,0.595073,0.450940,0.192427,1,NAVIGATE
140.500,r06,1.692971,0.286830,0.817065,0,EXPLORE
141.000,r00,1.729221,0.218499,0.344597,0,NAVIGATE
141.000,r01,0.555609,1.419242,0.557950,0,NAVIGATE
141.000,r02,1.223942,0.832992,0.698956,0,NAVIGATE
141.000,r03,0.890903,0.565463,0.426495,0,NAVIGATE
141.000,r04,1.741997,0.305177,0.926371,0,NAVIGATE
141.000,r05,0.559779,0.432117,0.192011,1,NAVIGATE
141.000,r06,1.654518,0.297848,0.816649,0,EXPLORE
141.500,r00,1.689227,0.217844,0.344181,0,NAVIGATE
141.500,r01,0.578383,1.386358,0.557534,0,NAVIGATE
141.500,r02,1.248057,0.801078,0.698540,0,NAVIGATE
141.500,r03,0.902345,0.527134,0.426079,0,NAVIGATE
141.500,r04,1.726282,0.308182,0.926181,0,NAVIGATE
141.500,r05,0.552720,0.428352,0.191896,1,EXECUTE
141.500,r06,1.654518,0.297848,0.816609,0,NAVIGATE
142.000,r00,1.649232,0.217188,0.343765,0,NAVIGATE
142.000,r01,0.601157,1.353475,0.557118,0,NAVIGATE
142.000,r02,1.272172,0.769165,0.698124,0,NAVIGATE
142.000,r03,0.913786,0.488805,0.425663,0,NAVIGATE
142.000,r04,1.686993,0.315693,0.925765,0,NAVIGATE
142.000,r05,0.552720,0.428352,0.191856,1,EXECUTE
142.000,r06,1.654518,0.297848,0.816569,0,NAVIGATE
142.500,r00,1.609237,0.216533,0.343349,0,NAVIGATE
142.500,r01,0.623931,1.320591,0.556702,0,NAVIGATE
142.500,r02,1.296287,0.737252,0.697708,0,NAVIGATE
142.500,r03,0.925228,0.450477,0.425247,0,NAVIGATE
142.500,r04,1.647705,0.323205,0.925349,0,NAVIGATE
142.500,r05,0.552720,0.428352,0.191816,1,EXECUTE
142.500,r06,1.651845,0.313623,0.816379,0,NAVIGATE
143.000,r00,1.569243,0.215878,0.342933,0,NAVIGATE
143.000,r01,0.646704,1.287707,0.556286,0,NAVIGATE
143.000,r02,1.320402,0.705338,0.697292,0,NAVIGATE
143.000,r03,0.936670,0.412148,0.424831,0,NAVIGATE
143.000,r04,1.608417,0.330717,0.924933,0,NAVIGATE
143.000,r05,0.552720,0.428352,0.191776,1,EXECUTE
143.000,r06,1.645163,0.353061,0.815963,0,NAVIGATE
143.500,r00,1.529248,0.215223,0.342517,0,NAVIGATE
143.500,r01,0.669478,1.254823,0.555870,0,NAVIGATE
143.500,r02,1.344517,0.673425,0.696876,0,NAVIGATE
143.500,r03,0.948112,0.373819,0.424415,0,NAVIGATE
143.500,r04,1.569128,0.338229,0.924517,0,NAVIGATE
143.500,r05,0.552720,0.428352,0.191736,1,EXECUTE
143.500,r06,1.638481,0.392499,0.815547,0,NAVIGATE
144.000,r00,1.489253,0.214568,0.342101,0,NAVIGATE
144.000,r01,0.692252,1.221939,0.555454,0,NAVIGATE
144.000,r02,1.368632,0.641512,0.696460,0,NAVIGATE
144.000,r03,0.959554,0.335491,0.423999,0,NAVIGATE
144.000,r04,1.529840,0.345741,0.924101,0,NAVIGATE
144.000,r05,0.552720,0.428352,0.191696,1,EXECUTE
144.000,r06,1.631799,0.431937,0.815131,0,NAVIGATE
144.500,r00,1.449259,0.213912,0.341685,0,NAVIGATE
144.500,r01,0.715026,1.189055,0.555038,0,NAVIGATE
144.500,r02,1.383101,0.622363,0.696194,0,EXECUTE
144.500,r03,0.970995,0.297162,0.423583,0,NAVIGATE
144.500,r04,1.490552,0.353252,0.923685,0,NAVIGATE
144.500,r05,0.552720,0.428352,0.191656,1,EXECUTE
144.500,r06,1.625117,0.471375,0.814715,0,NAVIGATE
145.000,r00,1.409264,0.213257,0.341269,0,NAVIGATE
145.000,r01,0.737800,1.156171,0.554622,0,NAVIGATE
145.000,r02,1.383101,0.622363,0.696154,0,EXECUTE
145.000,r03,0.982437,0.258834,0.423167,0,NAVIGATE
145.000,r04,1.451263,0.360764,0.923269,0,NAVIGATE
145.000,r05,0.552720,0.428352,0.191616,1,EXECUTE
145.000,r06,1.618435,0.510812,0.814299,0,NAVIGATE
145.500,r00,1.369270,0.212602,0.340853,0,NAVIGATE
145.500,r01,0.760574,1.123287,0.554206,0,NAVIGATE
145.500,r02,1.383101,0.622363,0.696114,0,EXECUTE
145.500,r03,0.991591,0.228171,0.422827,0,EXECUTE
145.500,r04,1.411975,0.368276,0.922853,0,NAVIGATE
145.500,r05,0.552720,0.428352,0.191576,1,EXECUTE
145.500,r06,1.611752,0.550250,0.813883,0,NAVIGATE
146.000,r00,1.329275,0.211947,0.340437,0,NAVIGATE
146.000,r01,0.783348,1.090403,0.553790,0,NAVIGATE
146.000,r02,1.383101,0.622363,0.696074,0,EXECUTE
146.000,r03,0.991591,0.228171,0.422787,0,EXECUTE
146.000,r04,1.372687,0.375788,0.922437,0,NAVIGATE
146.000,r05,0.552720,0.428352,0.191536,1,EXECUTE
146.000,r06,1.605070,0.589688,0.813467,0,NAVIGATE
146.500,r00,1.289280,0.211292,0.340021,0,NAVIGATE
146.500,r01,0.806122,1.057519,0.553374,0,NAVIGATE
146.500,r02,1.383101,0.622363,0.696034,0,EXPLORE
146.500,r03,0.991591,0.228171,0.422747,0,EXECUTE
146.500,r04,1.333398,0.383299,0.922021,0,NAVIGATE
146.500,r05,0.552720,0.428352,0.191496,1,EXECUTE
146.500,r06,1.598388,0.629126,0.813051,0,NAVIGATE
147.000,r00,1.249286,0.210637,0.339605,0,NAVIGATE
147.000,r01,0.828895,1.024636,0.552958,0,NAVIGATE
147.000,r02,1.383101,0.622363,0.695994,0,EXPLORE
147.000,r03,0.991591,0.228171,0.422707,0,EXECUTE
147.000,r04,1.294110,0.390811,0.921605,0,NAVIGATE
147.000,r05,0.552720,0.428352,0.191456,1,EXECUTE
147.000,r06,1.591706,0.668564,0.812635,0,NAVIGATE
147.500,r00,1.209291,0.209981,0.339189,0,NAVIGATE
147.500,r01,0.851669,0.991752,0.552542,0,NAVIGATE
147.500,r02,1.383101,0.622363,0.695954,0,EXPLORE
147.500,r03,0.991591,0.228171,0.422667,0,EXPLORE
147.500,r04,1.254822,0.398323,0.921189,0,NAVIGATE
147.500,r05,0.552720,0.428352,0.191416,1,EXECUTE
147.500,r06,1.585024,0.708002,0.812219,0,NAVIGATE
148.000,r00,1.169296,0.209326,0.338773,0,NAVIGATE
148.000,r01,0.874443,0.958868,0.552126,0,NAVIGATE
148.000,r02,1.354278,0.636263,0.695613,0,EXPLORE
148.000,r03,0.991591,0.228171,0.422627,0,EXPLORE
148.000,r04,1.215533,0.405835,0.920773,0,NAVIGATE
148.000,r05,0.552720,0.428352,0.191376,1,EXECUTE
148.000,r06,1.578341,0.747440,0.811803,0,NAVIGATE
148.500,r00,1.129302,0.208671,0.338357,0,NAVIGATE
148.500,r01,0.897217,0.925984,0.551710,0,NAVIGATE
148.500,r02,1.318248,0.653638,0.695197,0,EXPLORE
148.500,r03,0.991591,0.228171,0.422587,0,EXPLORE
148.500,r04,1.176245,0.413346,0.920357,0,NAVIGATE
148.500,r05,0.552720,0.428352,0.191336,1,EXECUTE
148.500,r06,1.571659,0.786878,0.811387,0,NAVIGATE
149.000,r00,1.089307,0.208016,0.337941,0,NAVIGATE
149.000,r01,0.919991,0.893100,0.551294,0,NAVIGATE
149.000,r02,1.318248,0.653638,0.695157,1,NAVIGATE
149.000,r03,0.978156,0.248058,0.422321,0,EXPLORE
149.000,r04,1.136957,0.420858,0.919941,0,NAVIGATE
149.000,r05,0.552720,0.428352,0.191296,1,EXECUTE
149.000,r06,1.571659,0.786878,0.811347,1,NAVIGATE
149.500,r00,1.049312,0.207361,0.337525,0,NAVIGATE
149.500,r01,0.942765,0.860216,0.550878,0,NAVIGATE
149.500,r02,1.318248,0.653638,0.695117,1,NAVIGATE
149.500,r03,0.955765,0.281204,0.421905,0,EXPLORE
149.500,r04,1.097668,0.428370,0.919525,0,NAVIGATE
149.500,r05,0.552720,0.428352,0.191256,1,EXECUTE
149.500,r06,1.571659,0.786878,0.811307,1,NAVIGATE
150.000,r00,1.009318,0.206705,0.337109,0,NAVIGATE
150.000,r01,0.965539,0.827332,0.550462,0,NAVIGATE
150.000,r02,1.330751,0.663621,0.694927,1,NAVIGATE
150.000,r03,0.946809,0.294463,0.421715,0,NAVIGATE
150.000,r04,1.058380,0.435882,0.919109,0,NAVIGATE
150.000,r05,0.552720,0.428352,0.191216,1,EXECUTE
150.000,r06,1.581136,0.799769,0.811116,1,NAVIGATE
150.500,r00,0.969323,0.206050,0.336693,0,NAVIGATE
150.500,r01,0.988313,0.794448,0.550046,0,NAVIGATE
150.500,r02,1.362009,0.688580,0.694511,1,NAVIGATE
150.500,r03,0.946809,0.294463,0.421675,0,NAVIGATE
150.500,r04,1.019091,0.443393,0.918693,0,NAVIGATE
150.500,r05,0.552720,0.428352,0.191176,1,EXECUTE
150.500,r06,1.604827,0.831998,0.810700,1,NAVIGATE
151.000,r00,0.929329,0.205395,0.336277,0,NAVIGATE
151.000,r01,1.011086,0.761564,0.549630,0,NAVIGATE
151.000,r02,1.393267,0.713539,0.694095,1,NAVIGATE
151.000,r03,0.946809,0.294463,0.421635,0,NAVIGATE
151.000,r04,0.979803,0.450905,0.918277,0,NAVIGATE
151.000,r05,0.552720,0.428352,0.191136,1,EXECUTE
151.000,r06,1.628519,0.864227,0.810284,1,NAVIGATE
151.500,r00,0.889334,0.204740,0.335861,0,NAVIGATE
151.500,r01,1.033860,0.728680,0.549214,0,NAVIGATE
151.500,r02,1.424525,0.738498,0.693679,1,NAVIGATE
151.500,r03,0.958339,0.332765,0.421219,0,NAVIGATE
151.500,r04,0.940515,0.458417,0.917861,0,NAVIGATE
151.500,r05,0.552720,0.428352,0.191096,1,EXECUTE
151.500,r06,1.652211,0.896456,0.809868,1,NAVIGATE
152.000,r00,0.849339,0.204085,0.335445,0,NAVIGATE
152.000,r01,1.056634,0.695797,0.548798,0,NAVIGATE
152.000,r02,1.455782,0.763457,0.693263,1,NAVIGATE
152.000,r03,0.969868,0.371067,0.420803,0,NAVIGATE
152.000,r04,0.901226,0.465929,0.917445,0,NAVIGATE
152.000,r05,0.552720,0.428352,0.191056,1,EXECUTE
152.000,r06,1.675902,0.928685,0.809452,1,NAVIGATE
152.500,r00,0.809345,0.203429,0.335029,0,NAVIGATE
152.500,r01,1.079408,0.662913,0.548382,0,NAVIGATE
152.500,r02,1.487040,0.788416,0.692847,1,NAVIGATE
152.500,r03,0.981398,0.409370,0.420387,0,NAVIGATE
152.500,r04,0.861938,0.473440,0.917029,0,NAVIGATE
152.500,r05,0.552720,0.428352,0.191016,1,EXECUTE
152.500,r06,1.675902,0.928685,0.809412,1,WAIT_PEERS
153.000,r00,0.769350,0.202774,0.334613,0,NAVIGATE
153.000,r01,1.102182,0.630029,0.547966,0,NAVIGATE
153.000,r02,1.518298,0.813375,0.692431,1,NAVIGATE
153.000,r03,0.992928,0.447672,0.419971,0,NAVIGATE
153.000,r04,0.822650,0.480952,0.916613,0,NAVIGATE
153.000,r05,0.552720,0.428352,0.190976,1,EXECUTE
153.000,r06,1.675902,0.928685,0.809372,1,WAIT_PEERS
153.500,r00,0.729355,0.202119,0.334197,0,NAVIGATE
153.500,r01,1.124956,0.597145,0.547550,0,NAVIGATE
153.500,r02,1.549556,0.838334,0.692015,1,NAVIGATE
153.500,r03,1.004457,0.485974,0.419555,0,NAVIGATE
153.500,r04,0.783361,0.488464,0.916197,0,NAVIGATE
153.500,r05,0.552720,0.428352,0.190936,1,EXECUTE
153.500,r06,1.675902,0.928685,0.809332,1,WAIT_PEERS
154.000,r00,0.689361,0.201464,0.333781,0,NAVIGATE
154.000,r01,1.147730,0.564261,0.547134,0,NAVIGATE
154.000,r02,1.580813,0.863293,0.691599,1,NAVIGATE
154.000,r03,1.015987,0.524277,0.419139,0,NAVIGATE
154.000,r04,0.744073,0.495976,0.915781,0,NAVIGATE
154.000,r05,0.552720,0.428352,0.190896,1,EXECUTE
154.000,r06,1.675902,0.928685,0.809292,1,WAIT_PEERS
154.500,r00,0.649366,0.200809,0.333365,0,NAVIGATE
154.500,r01,1.170503,0.531377,0.546718,0,NAVIGATE
154.500,r02,1.612071,0.888252,0.691183,1,NAVIGATE
154.500,r03,1.027516,0.562579,0.418723,0,NAVIGATE
154.500,r04,0.704785,0.503487,0.915365,0,NAVIGATE
154.500,r05,0.552720,0.428352,0.190856,1,EXECUTE
154.500,r06,1.675902,0.928685,0.809252,1,WAIT_PEERS
155.000,r00,0.633368,0.200547,0.333175,0,EXECUTE
155.000,r01,1.193277,0.498493,0.546302,0,NAVIGATE
155.000,r02,1.643329,0.913211,0.690767,1,NAVIGATE
155.000,r03,1.039046,0.600881,0.418307,0,NAVIGATE
155.000,r04,0.665496,0.510999,0.914949,0,NAVIGATE
155.000,r05,0.552720,0.428352,0.190816,1,EXECUTE
155.000,r06,1.675902,0.928685,0.809212,1,WAIT_PEERS
155.500,r00,0.633368,0.200547,0.333135,0,EXECUTE
155.500,r01,1.216051,0.465609,0.545886,0,NAVIGATE
155.500,r02,1.668335,0.933179,0.690426,1,EXECUTE
155.500,r03,1.050576,0.639184,0.417891,0,NAVIGATE
155.500,r04,0.626208,0.518511,0.914533,0,NAVIGATE
155.500,r05,0.552720,0.428352,0.190776,1,EXECUTE
155.500,r06,1.675902,0.928685,0.809172,1,EXECUTE
156.000,r00,0.633368,0.200547,0.333095,0,EXECUTE
156.000,r01,1.238825,0.432725,0.545470,0,NAVIGATE
156.000,r02,1.668335,0.933179,0.690386,1,EXECUTE
156.000,r03,1.062105,0.677486,0.417475,0,NAVIGATE
156.000,r04,0.586920,0.526023,0.914117,0,NAVIGATE
156.000,r05,0.552720,0.428352,0.190736,1,EXECUTE
156.000,r06,1.675902,0.928685,0.809132,1,EXECUTE
156.500,r00,0.633368,0.200547,0.333055,0,EXECUTE
156.500,r01,1.261599,0.399841,0.545054,0,NAVIGATE
156.500,r02,1.668335,0.933179,0.690346,1,EXECUTE
156.500,r03,1.073635,0.715788,0.417059,0,NAVIGATE
156.500,r04,0.547631,0.533534,0.913701,0,NAVIGATE
156.500,r05,0.552720,0.428352,0.190696,0,EXPLORE
156.500,r06,1.675902,0.928685,0.809092,1,EXECUTE
157.000,r00,0.633368,0.200547,0.333015,0,EXPLORE
157.000,r01,1.284373,0.366958,0.544638,0,NAVIGATE
157.000,r02,1.668335,0.933179,0.690306,1,EXECUTE
157.000,r03,1.085165,0.754090,0.416643,0,NAVIGATE
157.000,r04,0.508343,0.541046,0.913285,0,NAVIGATE
157.000,r05,0.552720,0.428352,0.190656,0,EXPLORE
157.000,r06,1.675902,0.928685,0.809052,1,EXECUTE
157.500,r00,0.633368,0.200547,0.332975,0,EXPLORE
157.500,r01,1.307147,0.334074,0.544222,0,NAVIGATE
157.500,r02,1.668335,0.933179,0.690266,1,EXECUTE
157.500,r03,1.096694,0.792393,0.416227,0,NAVIGATE
157.500,r04,0.469055,0.548558,0.912869,0,NAVIGATE
157.500,r05,0.546005,0.424005,0.190541,0,EXPLORE
157.500,r06,1.675902,0.928685,0.809012,1,EXECUTE
158.000,r00,0.633368,0.200547,0.332935,0,EXPLORE
158.000,r01,1.329921,0.301190,0.543806,0,NAVIGATE
158.000,r02,1.668335,0.933179,0.690226,1,EXECUTE
158.000,r03,1.108224,0.830695,0.415811,0,NAVIGATE
158.000,r04,0.429766,0.556070,0.912453,0,NAVIGATE
158.000,r05,0.512427,0.402267,0.190125,0,EXPLORE
158.000,r06,1.675902,0.928685,0.808972,1,EXECUTE
158.500,r00,0.671211,0.213504,0.332519,0,EXPLORE
158.500,r01,1.352694,0.268306,0.543390,0,NAVIGATE
158.500,r02,1.668335,0.933179,0.690186,1,EXECUTE
158.500,r03,1.119753,0.868997,0.415395,0,NAVIGATE
158.500,r04,0.390478,0.563581,0.912037,0,NAVIGATE
158.500,r05,0.512427,0.402267,0.190085,0,NAVIGATE
158.500,r06,1.675902,0.928685,0.808932,1,EXECUTE
159.000,r00,0.709055,0.226462,0.332103,0,EXPLORE
159.000,r01,1.375468,0.235422,0.542974,0,NAVIGATE
159.000,r02,1.668335,0.933179,0.690146,1,EXECUTE
159.000,r03,1.131283,0.907300,0.414979,0,NAVIGATE
159.000,r04,0.351190,0.571093,0.911621,0,NAVIGATE
159.000,r05,0.512427,0.402267,0.190045,0,NAVIGATE
159.000,r06,1.675902,0.928685,0.808892,1,EXECUTE
159.500,r00,0.709055,0.226462,0.332063,0,NAVIGATE
159.500,r01,1.384578,0.222268,0.542784,0,EXECUTE
159.500,r02,1.668335,0.933179,0.690106,1,EXECUTE
159.500,r03,1.142813,0.945602,0.414563,0,NAVIGATE
159.500,r04,0.311901,0.578605,0.911205,0,NAVIGATE
159.500,r05,0.519452,0.416642,0.189854,0,NAVIGATE
159.500,r06,1.675902,0.928685,0.808852,1,EXECUTE
160.000,r00,0.709055,0.226462,0.332023,0,NAVIGATE
160.000,r01,1.384578,0.222268,0.542744,0,EXECUTE
160.000,r02,1.668335,0.933179,0.690066,1,EXECUTE
160.000,r03,1.154342,0.983904,0.414147,0,NAVIGATE
160.000,r04,0.272613,0.586117,0.910789,0,NAVIGATE
160.000,r05,0.537015,0.452580,0.189438,0,NAVIGATE
160.000,r06,1.675902,0.928685,0.808812,1,EXECUTE
160.500,r00,0.718171,0.239610,0.331833,0,NAVIGATE
160.500,r01,1.384578,0.222268,0.542704,0,EXECUTE
160.500,r02,1.668335,0.933179,0.690026,1,EXECUTE
160.500,r03,1.165872,1.022207,0.413731,0,NAVIGATE
160.500,r04,0.233325,0.593628,0.910373,0,NAVIGATE
160.500,r05,0.554577,0.488519,0.189022,0,NAVIGATE
160.500,r06,1.675902,0.928685,0.808772,1,EXECUTE
161.000,r00,0.740961,0.272483,0.331417,0,NAVIGATE
161.000,r01,1.384578,0.222268,0.542664,0,EXECUTE
161.000,r02,1.668335,0.933179,0.689986,2,EXECUTE
161.000,r03,1.177401,1.060509,0.413315,0,NAVIGATE
161.000,r04,0.233325,0.593628,0.910333,0,EXECUTE
161.000,r05,0.572139,0.524457,0.188606,0,NAVIGATE
161.000,r06,1.675902,0.928685,0.808732,1,EXECUTE
161.500,r00,0.763752,0.305355,0.331001,0,NAVIGATE
161.500,r01,1.384578,0.222268,0.542624,0,EXPLORE
161.500,r02,1.668335,0.933179,0.689946,2,EXECUTE
161.500,r03,1.188931,1.098811,0.412899,0,NAVIGATE
161.500,r04,0.233325,0.593628,0.910293,0,EXECUTE
161.500,r05,0.589702,0.560395,0.188190,0,NAVIGATE
161.500,r06,1.675902,0.928685,0.808692,1,EXECUTE
162.000,r00,0.786543,0.338227,0.330585,0,NAVIGATE
162.000,r01,1.384578,0.222268,0.542584,0,EXPLORE
162.000,r02,1.668335,0.933179,0.689906,2,EXECUTE
162.000,r03,1.200461,1.137114,0.412483,0,NAVIGATE
162.000,r04,0.233325,0.593628,0.910253,0,EXECUTE
162.000,r05,0.607264,0.596334,0.187774,0,NAVIGATE
162.000,r06,1.675902,0.928685,0.808652,1,EXECUTE
162.500,r00,0.809333,0.371100,0.330169,0,NAVIGATE
162.500,r01,1.384578,0.222268,0.542544,0,EXPLORE
162.500,r02,1.668335,0.933179,0.689866,2,EXECUTE
162.500,r03,1.211990,1.175416,0.412067,0,NAVIGATE
162.500,r04,0.233325,0.593628,0.910213,0,EXECUTE
162.500,r05,0.624826,0.632272,0.187358,0,NAVIGATE
162.500,r06,1.675902,0.928685,0.808612,1,EXECUTE
163.000,r00,0.832124,0.403972,0.329753,0,NAVIGATE
163.000,r01,1.403424,0.257551,0.542128,0,EXPLORE
163.000,r02,1.668335,0.933179,0.689826,2,EXECUTE
163.000,r03,1.223520,1.213718,0.411651,0,NAVIGATE
163.000,r04,0.233325,0.593628,0.910173,0,EXPLORE
163.000,r05,0.642389,0.668210,0.186942,0,NAVIGATE
163.000,r06,1.675902,0.928685,0.808572,1,EXECUTE
163.500,r00,0.832124,0.403972,0.329713,1,NAVIGATE
163.500,r01,1.403424,0.257551,0.542088,0,NAVIGATE
163.500,r02,1.668335,0.933179,0.689786,2,EXECUTE
163.500,r03,1.235049,1.252021,0.411235,0,NAVIGATE
163.500,r04,0.233325,0.593628,0.910133,0,EXPLORE
163.500,r05,0.642389,0.668210,0.186902,1,NAVIGATE
163.500,r06,1.675902,0.928685,0.808532,1,EXECUTE
164.000,r00,0.832124,0.403972,0.329673,1,NAVIGATE
164.000,r01,1.403424,0.257551,0.542048,0,NAVIGATE
164.000,r02,1.668335,0.933179,0.689746,2,EXECUTE
164.000,r03,1.246579,1.290323,0.410819,0,NAVIGATE
164.000,r04,0.244043,0.605507,0.909942,0,EXPLORE
164.000,r05,0.642389,0.668210,0.186862,1,NAVIGATE
164.000,r06,1.675902,0.928685,0.808492,1,EXECUTE
164.500,r00,0.818113,0.411698,0.329482,1,NAVIGATE
164.500,r01,1.396032,0.271741,0.541858,0,NAVIGATE
164.500,r02,1.668335,0.933179,0.689706,2,EXECUTE
164.500,r03,1.258109,1.328625,0.410403,0,NAVIGATE
164.500,r04,0.254762,0.617387,0.909752,0,NAVIGATE
164.500,r05,0.639158,0.652540,0.186672,1,NAVIGATE
164.500,r06,1.675902,0.928685,0.808452,1,EXECUTE
165.000,r00,0.783085,0.431013,0.329066,1,NAVIGATE
165.000,r01,1.377554,0.307217,0.541442,0,NAVIGATE
165.000,r02,1.668335,0.933179,0.689666,2,EXECUTE
165.000,r03,1.269638,1.366928,0.409987,0,NAVIGATE
165.000,r04,0.254762,0.617387,0.909712,0,NAVIGATE
165.000,r05,0.631082,0.613363,0.186256,1,NAVIGATE
165.000,r06,1.675902,0.928685,0.808412,1,EXECUTE
165.500,r00,0.748058,0.450328,0.328650,1,NAVIGATE
165.500,r01,1.359075,0.342693,0.541026,0,NAVIGATE
165.500,r02,1.668335,0.933179,0.689626,2,EXECUTE
165.500,r03,1.281168,1.405230,0.409571,0,NAVIGATE
165.500,r04,0.254762,0.617387,0.909672,0,NAVIGATE
165.500,r05,0.623006,0.574187,0.185840,1,NAVIGATE
165.500,r06,1.675902,0.928685,0.808372,1,EXECUTE
166.000,r00,0.713030,0.469643,0.328234,1,NAVIGATE
166.000,r01,1.340597,0.378169,0.540610,0,NAVIGATE
166.000,r02,1.668335,0.933179,0.689586,2,EXECUTE
166.000,r03,1.292698,1.443532,0.409155,0,NAVIGATE
166.000,r04,0.282346,0.646354,0.909256,0,NAVIGATE
166.000,r05,0.619776,0.558517,0.185650,1,WAIT_PEERS
166.000,r06,1.675902,0.928685,0.808332,1,EXECUTE
166.500,r00,0.678002,0.488957,0.327818,1,NAVIGATE
166.500,r01,1.322118,0.413645,0.540194,0,NAVIGATE
166.500,r02,1.668335,0.933179,0.689546,2,EXECUTE
166.500,r03,1.292698,1.443532,0.409115,1,NAVIGATE
166.500,r04,0.309930,0.675322,0.908840,0,NAVIGATE
166.500,r05,0.619776,0.558517,0.185610,1,WAIT_PEERS
166.500,r06,1.675902,0.928685,0.808292,1,EXECUTE
167.000,r00,0.642975,0.508272,0.327402,1,NAVIGATE
167.000,r01,1.303640,0.449121,0.539778,0,NAVIGATE
167.000,r02,1.668335,0.933179,0.689506,2,EXECUTE
167.000,r03,1.292698,1.443532,0.409075,1,NAVIGATE
167.000,r04,0.337514,0.704289,0.908424,0,NAVIGATE
167.000,r05,0.619776,0.558517,0.185570,1,WAIT_PEERS
167.000,r06,1.675902,0.928685,0.808252,1,EXECUTE
167.500,r00,0.642975,0.508272,0.327362,1,EXECUTE
167.500,r01,1.285161,0.484597,0.539362,0,NAVIGATE
167.500,r02,1.668335,0.933179,0.689466,2,EXECUTE
167.500,r03,1.308273,1.439871,0.408884,1,NAVIGATE
167.500,r04,0.365098,0.733257,0.908008,0,NAVIGATE
167.500,r05,0.619776,0.558517,0.185530,1,EXECUTE
167.500,r06,1.675902,0.928685,0.808212,1,EXECUTE
168.000,r00,0.642975,0.508272,0.327322,1,EXECUTE
168.000,r01,1.266682,0.520073,0.538946,0,NAVIGATE
168.000,r02,1.668335,0.933179,0.689426,2,EXECUTE
168.000,r03,1.347212,1.430718,0.408468,1,NAVIGATE
168.000,r04,0.392683,0.762224,0.907592,0,NAVIGATE
168.000,r05,0.619776,0.558517,0.185490,1,EXECUTE
168.000,r06,1.675902,0.928685,0.808172,1,EXECUTE
168.500,r00,0.642975,0.508272,0.327282,1,EXECUTE
168.500,r01,1.248204,0.555549,0.538530,0,NAVIGATE
168.500,r02,1.668335,0.933179,0.689386,2,EXECUTE
168.500,r03,1.386150,1.421565,0.408052,1,NAVIGATE
168.500,r04,0.420267,0.791192,0.907176,0,NAVIGATE
168.500,r05,0.619776,0.558517,0.185450,1,EXECUTE
168.500,r06,1.675902,0.928685,0.808132,1,EXECUTE
169.000,r00,0.642975,0.508272,0.327242,1,EXECUTE
169.000,r01,1.229725,0.591025,0.538114,0,NAVIGATE
169.000,r02,1.668335,0.933179,0.689346,2,EXECUTE
169.000,r03,1.393938,1.419735,0.407937,1,EXECUTE
169.000,r04,0.447851,0.820159,0.906760,0,NAVIGATE
169.000,r05,0.619776,0.558517,0.185410,1,EXECUTE
169.000,r06,1.675902,0.928685,0.808092,1,EXECUTE
169.500,r00,0.642975,0.508272,0.327202,1,EXECUTE
169.500,r01,1.211247,0.626501,0.537698,0,NAVIGATE
169.500,r02,1.668335,0.933179,0.689306,2,EXECUTE
169.500,r03,1.393938,1.419735,0.407897,1,EXECUTE
169.500,r04,0.475435,0.849127,0.906344,0,NAVIGATE
169.500,r05,0.619776,0.558517,0.185370,1,EXECUTE
169.500,r06,1.675902,0.928685,0.808052,1,EXECUTE
170.000,r00,0.642975,0.508272,0.327162,1,EXECUTE
170.000,r01,1.192768,0.661977,0.537282,0,NAVIGATE
170.000,r02,1.668335,0.933179,0.689266,2,EXECUTE
170.000,r03,1.393938,1.419735,0.407857,1,EXECUTE
170.000,r04,0.503019,0.878094,0.905928,0,NAVIGATE
170.000,r05,0.619776,0.558517,0.185330,1,EXECUTE
170.000,r06,1.675902,0.928685,0.808012,1,EXECUTE
170.500,r00,0.642975,0.508272,0.327122,1,EXECUTE
170.500,r01,1.192768,0.661977,0.537242,1,NAVIGATE
170.500,r02,1.668335,0.933179,0.689226,2,EXECUTE
170.500,r03,1.393938,1.419735,0.407817,2,EXECUTE
170.500,r04,0.530603,0.907062,0.905512,0,NAVIGATE
170.500,r05,0.619776,0.558517,0.185290,1,EXECUTE
170.500,r06,1.675902,0.928685,0.807972,2,EXECUTE
171.000,r00,0.642975,0.508272,0.327082,1,EXECUTE
171.000,r01,1.192768,0.661977,0.537202,1,NAVIGATE
171.000,r02,1.668335,0.933179,0.689186,2,EXECUTE
171.000,r03,1.393938,1.419735,0.407777,2,EXECUTE
171.000,r04,0.558187,0.936029,0.905096,0,NAVIGATE
171.000,r05,0.619776,0.558517,0.185250,1,EXECUTE
171.000,r06,1.675902,0.928685,0.807932,2,EXECUTE
171.500,r00,0.642975,0.508272,0.327042,1,EXECUTE
171.500,r01,1.198730,0.676824,0.537011,1,NAVIGATE
171.500,r02,1.668335,0.933179,0.689146,2,EXECUTE
171.500,r03,1.393938,1.419735,0.407737,2,EXECUTE
171.500,r04,0.585771,0.964997,0.904680,0,NAVIGATE
171.500,r05,0.619776,0.558517,0.185210,1,EXECUTE
171.500,r06,1.675902,0.928685,0.807892,2,EXECUTE
172.000,r00,0.642975,0.508272,0.327002,1,EXECUTE
172.000,r01,1.213635,0.713944,0.536595,1,NAVIGATE
172.000,r02,1.668335,0.933179,0.689106,2,EXECUTE
172.000,r03,1.393938,1.419735,0.407697,2,EXECUTE
172.000,r04,0.613355,0.993964,0.904264,0,NAVIGATE
172.000,r05,0.619776,0.558517,0.185170,1,EXECUTE
172.000,r06,1.675902,0.928685,0.807852,2,EXECUTE
172.500,r00,0.642975,0.508272,0.326962,1,EXECUTE
172.500,r01,1.228540,0.751063,0.536179,1,NAVIGATE
172.500,r02,1.668335,0.933179,0.689066,2,EXECUTE
172.500,r03,1.393938,1.419735,0.407657,2,EXECUTE
172.500,r04,0.640939,1.022932,0.903848,0,NAVIGATE
172.500,r05,0.619776,0.558517,0.185130,1,EXECUTE
172.500,r06,1.675902,0.928685,0.807812,2,EXECUTE
173.000,r00,0.642975,0.508272,0.326922,1,EXECUTE
173.000,r01,1.243445,0.788182,0.535763,1,NAVIGATE
173.000,r02,1.668335,0.933179,0.689026,2,EXECUTE
173.000,r03,1.393938,1.419735,0.407617,2,EXECUTE
173.000,r04,0.668524,1.051899,0.903432,0,NAVIGATE
173.000,r05,0.619776,0.558517,0.185090,1,EXECUTE
173.000,r06,1.675902,0.928685,0.807772,2,EXECUTE
173.500,r00,0.642975,0.508272,0.326882,1,EXECUTE
173.500,r01,1.258350,0.825301,0.535347,1,NAVIGATE
173.500,r02,1.668335,0.933179,0.688986,2,EXECUTE
173.500,r03,1.393938,1.419735,0.407577,2,EXECUTE
173.500,r04,0.696108,1.080867,0.903016,0,NAVIGATE
173.500,r05,0.619776,0.558517,0.185050,1,EXECUTE
173.500,r06,1.675902,0.928685,0.807732,2,EXECUTE
174.000,r00,0.642975,0.508272,0.326842,1,EXECUTE
174.000,r01,1.270274,0.854997,0.535006,1,WAIT_PEERS
174.000,r02,1.668335,0.933179,0.688946,2,EXECUTE
174.000,r03,1.393938,1.419735,0.407537,2,EXECUTE
174.000,r04,0.723692,1.109834,0.902600,0,NAVIGATE
174.000,r05,0.619776,0.558517,0.185010,1,EXECUTE
174.000,r06,1.675902,0.928685,0.807692,2,EXECUTE
174.500,r00,0.642975,0.508272,0.326802,1,EXECUTE
174.500,r01,1.270274,0.854997,0.534966,1,WAIT_PEERS
174.500,r02,1.668335,0.933179,0.688906,2,EXECUTE
174.500,r03,1.393938,1.419735,0.407497,2,EXECUTE
174.500,r04,0.751276,1.138802,0.902184,0,NAVIGATE
174.500,r05,0.619776,0.558517,0.184970,1,EXECUTE
174.500,r06,1.675902,0.928685,0.807652,2,EXECUTE
175.000,r00,0.642975,0.508272,0.326762,1,EXECUTE
175.000,r01,1.270274,0.854997,0.534926,1,WAIT_PEERS
175.000,r02,1.668335,0.933179,0.688866,2,EXECUTE
175.000,r03,1.393938,1.419735,0.407457,2,EXECUTE
175.000,r04,0.778860,1.167769,0.901768,0,NAVIGATE
175.000,r05,0.619776,0.558517,0.184930,1,EXECUTE
175.000,r06,1.675902,0.928685,0.807612,2,EXECUTE
175.500,r00,0.642975,0.508272,0.326722,1,EXECUTE
175.500,r01,1.270274,0.854997,0.534886,1,WAIT_PEERS
175.500,r02,1.668335,0.933179,0.688826,1,NAVIGATE
175.500,r03,1.393938,1.419735,0.407417,2,EXECUTE
175.500,r04,0.806444,1.196737,0.901352,0,NAVIGATE
175.500,r05,0.619776,0.558517,0.184890,1,EXECUTE
175.500,r06,1.675902,0.928685,0.807572,1,NAVIGATE
176.000,r00,0.642975,0.508272,0.326682,1,EXECUTE
176.000,r01,1.270274,0.854997,0.534846,1,WAIT_PEERS
176.000,r02,1.668335,0.933179,0.688786,1,NAVIGATE
176.000,r03,1.393938,1.419735,0.407377,2,EXECUTE
176.000,r04,0.834028,1.225704,0.900936,0,NAVIGATE
176.000,r05,0.619776,0.558517,0.184850,1,EXECUTE
176.000,r06,1.675902,0.928685,0.807532,1,NAVIGATE
176.500,r00,0.642975,0.508272,0.326642,1,EXECUTE
176.500,r01,1.270274,0.854997,0.534806,1,WAIT_PEERS
176.500,r02,1.668335,0.933179,0.688746,1,NAVIGATE
176.500,r03,1.393938,1.419735,0.407337,2,EXECUTE
176.500,r04,0.861612,1.254672,0.900520,0,NAVIGATE
176.500,r05,0.619776,0.558517,0.184810,1,EXECUTE
176.500,r06,1.675902,0.928685,0.807492,1,NAVIGATE
177.000,r00,0.642975,0.508272,0.326602,1,EXECUTE
177.000,r01,1.270274,0.854997,0.534766,1,WAIT_PEERS
177.000,r02,1.648649,0.946907,0.688481,1,NAVIGATE
177.000,r03,1.393938,1.419735,0.407297,2,EXECUTE
177.000,r04,0.889196,1.283639,0.900104,0,NAVIGATE
177.000,r05,0.619776,0.558517,0.184770,1,EXECUTE
177.000,r06,1.652058,0.925959,0.807227,1,NAVIGATE
177.500,r00,0.642975,0.508272,0.326562,1,EXECUTE
177.500,r01,1.270274,0.854997,0.534726,1,WAIT_PEERS
177.500,r02,1.615839,0.969787,0.688065,1,NAVIGATE
177.500,r03,1.393938,1.419735,0.407257,2,EXECUTE
177.500,r04,0.916781,1.312607,0.899688,0,NAVIGATE
177.500,r05,0.619776,0.558517,0.184730,1,EXECUTE
177.500,r06,1.612317,0.921416,0.806811,1,NAVIGATE
178.000,r00,0.642975,0.508272,0.326522,2,EXECUTE
178.000,r01,1.270274,0.854997,0.534686,1,WAIT_PEERS
178.000,r02,1.583029,0.992667,0.687649,1,NAVIGATE
178.000,r03,1.393938,1.419735,0.407217,2,EXECUTE
178.000,r04,0.944365,1.341574,0.899272,0,NAVIGATE
178.000,r05,0.619776,0.558517,0.184690,1,EXECUTE
178.000,r06,1.572575,0.916873,0.806395,1,NAVIGATE
178.500,r00,0.642975,0.508272,0.326482,2,EXECUTE
178.500,r01,1.270274,0.854997,0.534646,1,WAIT_PEERS
178.500,r02,1.550219,1.015547,0.687233,1,NAVIGATE
178.500,r03,1.393938,1.419735,0.407177,2,EXECUTE
178.500,r04,0.971949,1.370542,0.898856,0,NAVIGATE
178.500,r05,0.619776,0.558517,0.184650,1,EXECUTE
178.500,r06,1.532834,0.912330,0.805979,1,NAVIGATE
179.000,r00,0.642975,0.508272,0.326442,2,EXECUTE
179.000,r01,1.270274,0.854997,0.534606,1,WAIT_PEERS
179.000,r02,1.517409,1.038427,0.686817,1,NAVIGATE
179.000,r03,1.393938,1.419735,0.407137,2,EXECUTE
179.000,r04,0.977466,1.376335,0.898741,0,EXECUTE
179.000,r05,0.619776,0.558517,0.184610,1,EXECUTE
179.000,r06,1.493093,0.907787,0.805563,1,NAVIGATE
179.500,r00,0.642975,0.508272,0.326402,2,EXECUTE
179.500,r01,1.270274,0.854997,0.534566,1,WAIT_PEERS
179.500,r02,1.484599,1.061308,0.686401,1,NAVIGATE
179.500,r03,1.393938,1.419735,0.407097,2,EXECUTE
179.500,r04,0.977466,1.376335,0.898701,0,EXECUTE
179.500,r05,0.619776,0.558517,0.184570,1,EXECUTE
179.500,r06,1.453352,0.903243,0.805147,1,NAVIGATE
180.000,r00,0.642975,0.508272,0.326362,2,EXECUTE
180.000,r01,1.270274,0.854997,0.534526,2,WAIT_PEERS
180.000,r02,1.451789,1.084188,0.685985,1,NAVIGATE
180.000,r03,1.393938,1.419735,0.407057,2,EXECUTE
180.000,r04,0.977466,1.376335,0.898661,0,EXECUTE
180.000,r05,0.619776,0.558517,0.184530,1,EXECUTE
180.000,r06,1.413611,0.898700,0.804731,1,NAVIGATE
180.500,r00,0.642975,0.508272,0.326322,2,EXECUTE
180.500,r01,1.270274,0.854997,0.534486,2,WAIT_PEERS
180.500,r02,1.418979,1.107068,0.685569,1,NAVIGATE
180.500,r03,1.393938,1.419735,0.407017,2,EXECUTE
180.500,r04,0.977466,1.376335,0.898621,0,EXECUTE
180.500,r05,0.619776,0.558517,0.184490,1,EXECUTE
180.500,r06,1.373870,0.894157,0.804315,1,NAVIGATE
181.000,r00,0.642975,0.508272,0.326282,2,EXECUTE
181.000,r01,1.270274,0.854997,0.534446,2,WAIT_PEERS
181.000,r02,1.386169,1.129948,0.685153,1,NAVIGATE
181.000,r03,1.393938,1.419735,0.406977,2,EXECUTE
181.000,r04,0.977466,1.376335,0.898581,0,EXPLORE
181.000,r05,0.619776,0.558517,0.184450,1,EXECUTE
181.000,r06,1.334129,0.889614,0.803899,1,NAVIGATE
181.500,r00,0.642975,0.508272,0.326242,2,EXECUTE
181.500,r01,1.270274,0.854997,0.534406,2,WAIT_PEERS
181.500,r02,1.353359,1.152828,0.684737,1,NAVIGATE
181.500,r03,1.393938,1.419735,0.406937,2,EXECUTE
181.500,r04,0.977466,1.376335,0.898541,0,EXPLORE
181.500,r05,0.619776,0.558517,0.184410,1,EXECUTE
181.500,r06,1.310284,0.886888,0.803633,1,WAIT_PEERS
182.000,r00,0.642975,0.508272,0.326202,2,EXECUTE
182.000,r01,1.270274,0.854997,0.534366,2,WAIT_PEERS
182.000,r02,1.320549,1.175708,0.684321,1,NAVIGATE
182.000,r03,1.393938,1.419735,0.406897,2,EXECUTE
182.000,r04,0.970265,1.372850,0.898426,0,EXPLORE
182.000,r05,0.619776,0.558517,0.184370,1,EXECUTE
182.000,r06,1.310284,0.886888,0.803593,1,WAIT_PEERS
182.500,r00,0.642975,0.508272,0.326162,2,EXECUTE
182.500,r01,1.270274,0.854997,0.534326,2,WAIT_PEERS
182.500,r02,1.300863,1.189437,0.684055,1,EXECUTE
182.500,r03,1.393938,1.419735,0.406857,2,EXECUTE
182.500,r04,0.970265,1.372850,0.898386,0,NAVIGATE
182.500,r05,0.619776,0.558517,0.184330,1,EXECUTE
182.500,r06,1.310284,0.886888,0.803553,1,WAIT_PEERS
183.000,r00,0.642975,0.508272,0.326122,2,EXECUTE
183.000,r01,1.270274,0.854997,0.534286,2,WAIT_PEERS
183.000,r02,1.300863,1.189437,0.684015,2,EXECUTE
183.000,r03,1.393938,1.419735,0.406817,2,EXECUTE
183.000,r04,0.970265,1.372850,0.898346,1,NAVIGATE
183.000,r05,0.619776,0.558517,0.184290,1,EXECUTE
183.000,r06,1.310284,0.886888,0.803513,1,WAIT_PEERS
183.500,r00,0.642975,0.508272,0.326082,2,EXECUTE
183.500,r01,1.270274,0.854997,0.534246,2,WAIT_PEERS
183.500,r02,1.300863,1.189437,0.683975,2,EXECUTE
183.500,r03,1.393938,1.419735,0.406777,2,EXECUTE
183.500,r04,0.970265,1.372850,0.898306,1,NAVIGATE
183.500,r05,0.619776,0.558517,0.184250,1,EXECUTE
183.500,r06,1.310284,0.886888,0.803473,1,WAIT_PEERS
184.000,r00,0.642975,0.508272,0.326042,2,EXECUTE
184.000,r01,1.270274,0.854997,0.534206,2,WAIT_PEERS
184.000,r02,1.300863,1.189437,0.683935,2,EXECUTE
184.000,r03,1.393938,1.419735,0.406737,1,NAVIGATE
184.000,r04,0.982380,1.362399,0.898115,1,NAVIGATE
184.000,r05,0.619776,0.558517,0.184210,1,EXECUTE
184.000,r06,1.310284,0.886888,0.803433,1,WAIT_PEERS
184.500,r00,0.642975,0.508272,0.326002,2,EXECUTE
184.500,r01,1.270274,0.854997,0.534166,2,WAIT_PEERS
184.500,r02,1.300863,1.189437,0.683895,2,EXECUTE
184.500,r03,1.393938,1.419735,0.406697,1,NAVIGATE
184.500,r04,1.012668,1.336271,0.897699,1,NAVIGATE
184.500,r05,0.619776,0.558517,0.184170,1,EXECUTE
184.500,r06,1.310284,0.886888,0.803393,1,WAIT_PEERS
185.000,r00,0.642975,0.508272,0.325962,2,EXECUTE
185.000,r01,1.270274,0.854997,0.534126,2,WAIT_PEERS
185.000,r02,1.300863,1.189437,0.683855,2,EXECUTE
185.000,r03,1.392300,1.411904,0.406582,1,NAVIGATE
185.000,r04,1.042956,1.310144,0.897283,1,NAVIGATE
185.000,r05,0.619776,0.558517,0.184130,1,EXECUTE
185.000,r06,1.310284,0.886888,0.803353,1,WAIT_PEERS
185.500,r00,0.642975,0.508272,0.325922,2,EXECUTE
185.500,r01,1.270274,0.854997,0.534086,2,WAIT_PEERS
185.500,r02,1.300863,1.189437,0.683815,2,EXECUTE
185.500,r03,1.384108,1.372752,0.406166,1,NAVIGATE
185.500,r04,1.073244,1.284017,0.896867,1,NAVIGATE
185.500,r05,0.619776,0.558517,0.184090,1,EXECUTE
185.500,r06,1.310284,0.886888,0.803313,1,WAIT_PEERS
186.000,r00,0.642975,0.508272,0.325882,2,EXECUTE
186.000,r01,1.270274,0.854997,0.534046,2,WAIT_PEERS
186.000,r02,1.300863,1.189437,0.683775,2,EXECUTE
186.000,r03,1.375917,1.333600,0.405750,1,NAVIGATE
186.000,r04,1.103532,1.257889,0.896451,1,NAVIGATE
186.000,r05,0.619776,0.558517,0.184050,1,EXECUTE
186.000,r06,1.310284,0.886888,0.803273,1,WAIT_PEERS
186.500,r00,0.642975,0.508272,0.325842,2,EXECUTE
186.500,r01,1.270274,0.854997,0.534006,2,WAIT_PEERS
186.500,r02,1.300863,1.189437,0.683735,2,EXECUTE
186.500,r03,1.367725,1.294448,0.405334,1,NAVIGATE
186.500,r04,1.133819,1.231762,0.896035,1,NAVIGATE
186.500,r05,0.619776,0.558517,0.184010,1,EXECUTE
186.500,r06,1.310284,0.886888,0.803233,1,WAIT_PEERS
187.000,r00,0.642975,0.508272,0.325802,1,EXECUTE
187.000,r01,1.270274,0.854997,0.533966,2,WAIT_PEERS
187.000,r02,1.300863,1.189437,0.683695,2,EXECUTE
187.000,r03,1.359533,1.255295,0.404918,1,NAVIGATE
187.000,r04,1.158050,1.210860,0.895694,1,WAIT_PEERS
187.000,r05,0.619776,0.558517,0.183970,0,EXECUTE
187.000,r06,1.310284,0.886888,0.803193,1,WAIT_PEERS
187.500,r00,0.642975,0.508272,0.325762,1,NAVIGATE
187.500,r01,1.270274,0.854997,0.533926,2,WAIT_PEERS
187.500,r02,1.300863,1.189437,0.683655,2,EXECUTE
187.500,r03,1.351342,1.216143,0.404502,1,NAVIGATE
187.500,r04,1.158050,1.210860,0.895654,1,WAIT_PEERS
187.500,r05,0.619776,0.558517,0.183930,0,EXPLORE
187.500,r06,1.310284,0.886888,0.803153,1,WAIT_PEERS
188.000,r00,0.642975,0.508272,0.325722,1,NAVIGATE
188.000,r01,1.270274,0.854997,0.533886,2,WAIT_PEERS
188.000,r02,1.300863,1.189437,0.683615,1,EXECUTE
188.000,r03,1.343150,1.176991,0.404086,2,NAVIGATE
188.000,r04,1.158050,1.210860,0.895614,1,NAVIGATE
188.000,r05,0.619776,0.558517,0.183890,0,EXPLORE
188.000,r06,1.310284,0.886888,0.803113,2,WAIT_PEERS
188.500,r00,0.658620,0.504922,0.325532,1,NAVIGATE
188.500,r01,1.270274,0.854997,0.533846,2,WAIT_PEERS
188.500,r02,1.300863,1.189437,0.683575,1,EXECUTE
188.500,r03,1.334958,1.137839,0.403670,2,NAVIGATE
188.500,r04,1.158050,1.210860,0.895574,1,NAVIGATE
188.500,r05,0.619776,0.558517,0.183850,0,NAVIGATE
188.500,r06,1.310284,0.886888,0.803073,2,WAIT_PEERS
189.000,r00,0.697733,0.496548,0.325116,1,NAVIGATE
189.000,r01,1.270274,0.854997,0.533806,2,WAIT_PEERS
189.000,r02,1.300863,1.189437,0.683535,2,EXECUTE
189.000,r03,1.326767,1.098686,0.403254,2,NAVIGATE
189.000,r04,1.163190,1.226011,0.895384,2,NAVIGATE
189.000,r05,0.619776,0.558517,0.183810,0,NAVIGATE
189.000,r06,1.310284,0.886888,0.803033,2,WAIT_PEERS
189.500,r00,0.736847,0.488173,0.324700,1,NAVIGATE
189.500,r01,1.270274,0.854997,0.533766,2,WAIT_PEERS
189.500,r02,1.300863,1.189437,0.683495,2,EXECUTE
189.500,r03,1.318575,1.059534,0.402838,2,NAVIGATE
189.500,r04,1.168331,1.241163,0.895194,2,WAIT_PEERS
189.500,r05,0.635085,0.553866,0.183619,0,NAVIGATE
189.500,r06,1.310284,0.886888,0.802993,2,WAIT_PEERS
190.000,r00,0.775960,0.479798,0.324284,1,NAVIGATE
190.000,r01,1.270274,0.854997,0.533726,2,WAIT_PEERS
190.000,r02,1.300863,1.189437,0.683455,2,EXECUTE
190.000,r03,1.310383,1.020382,0.402422,2,NAVIGATE
190.000,r04,1.168331,1.241163,0.895154,2,WAIT_PEERS
190.000,r05,0.673358,0.542240,0.183203,0,NAVIGATE
190.000,r06,1.310284,0.886888,0.802953,2,WAIT_PEERS
190.500,r00,0.783783,0.478123,0.324169,1,EXECUTE
190.500,r01,1.270274,0.854997,0.533686,2,WAIT_PEERS
190.500,r02,1.300863,1.189437,0.683415,2,EXECUTE
190.500,r03,1.302192,0.981230,0.402006,2,NAVIGATE
190.500,r04,1.168331,1.241163,0.895114,2,WAIT_PEERS
190.500,r05,0.711632,0.530614,0.182787,0,NAVIGATE
190.500,r06,1.310284,0.886888,0.802913,2,WAIT_PEERS
191.000,r00,0.783783,0.478123,0.324129,1,EXECUTE
191.000,r01,1.270274,0.854997,0.533646,2,WAIT_PEERS
191.000,r02,1.300863,1.189437,0.683375,2,EXECUTE
191.000,r03,1.294000,0.942078,0.401590,2,NAVIGATE
191.000,r04,1.168331,1.241163,0.895074,2,WAIT_PEERS
191.000,r05,0.749905,0.518988,0.182371,0,NAVIGATE
191.000,r06,1.310284,0.886888,0.802873,2,WAIT_PEERS
191.500,r00,0.783783,0.478123,0.324089,1,EXECUTE
191.500,r01,1.270274,0.854997,0.533606,2,EXECUTE
191.500,r02,1.300863,1.189437,0.683335,2,EXECUTE
191.500,r03,1.287447,0.910756,0.401249,2,EXECUTE
191.500,r04,1.168331,1.241163,0.895034,2,WAIT_PEERS
191.500,r05,0.788178,0.507361,0.181955,0,NAVIGATE
191.500,r06,1.310284,0.886888,0.802833,2,EXECUTE
192.000,r00,0.783783,0.478123,0.324049,1,EXECUTE
192.000,r01,1.270274,0.854997,0.533566,2,EXECUTE
192.000,r02,1.300863,1.189437,0.683295,2,EXECUTE
192.000,r03,1.287447,0.910756,0.401209,2,EXECUTE
192.000,r04,1.168331,1.241163,0.894994,2,WAIT_PEERS
192.000,r05,0.826451,0.495735,0.181539,0,NAVIGATE
192.000,r06,1.310284,0.886888,0.802793,2,EXECUTE
192.500,r00,0.783783,0.478123,0.324009,1,EXECUTE
192.500,r01,1.270274,0.854997,0.533526,2,EXECUTE
192.500,r02,1.300863,1.189437,0.683255,2,EXECUTE
192.500,r03,1.287447,0.910756,0.401169,2,EXECUTE
192.500,r04,1.168331,1.241163,0.894954,2,WAIT_PEERS
192.500,r05,0.864724,0.484109,0.181123,0,NAVIGATE
192.500,r06,1.310284,0.886888,0.802753,2,EXECUTE
193.000,r00,0.783783,0.478123,0.323969,1,EXECUTE
193.000,r01,1.270274,0.854997,0.533486,2,EXECUTE
193.000,r02,1.300863,1.189437,0.683215,2,EXECUTE
193.000,r03,1.287447,0.910756,0.401129,2,EXECUTE
193.000,r04,1.168331,1.241163,0.894914,2,WAIT_PEERS
193.000,r05,0.902997,0.472483,0.180707,0,NAVIGATE
193.000,r06,1.310284,0.886888,0.802713,2,EXECUTE
193.500,r00,0.783783,0.478123,0.323929,1,EXECUTE
193.500,r01,1.270274,0.854997,0.533446,2,EXECUTE
193.500,r02,1.300863,1.189437,0.683175,2,EXECUTE
193.500,r03,1.287447,0.910756,0.401089,2,EXECUTE
193.500,r04,1.168331,1.241163,0.894874,2,WAIT_PEERS
193.500,r05,0.941270,0.460856,0.180291,0,NAVIGATE
193.500,r06,1.310284,0.886888,0.802673,2,EXECUTE
194.000,r00,0.783783,0.478123,0.323889,1,EXECUTE
194.000,r01,1.270274,0.854997,0.533406,2,EXECUTE
194.000,r02,1.300863,1.189437,0.683135,2,EXECUTE
194.000,r03,1.287447,0.910756,0.401049,2,EXECUTE
194.000,r04,1.168331,1.241163,0.894834,2,WAIT_PEERS
194.000,r05,0.979543,0.449230,0.179875,0,NAVIGATE
194.000,r06,1.310284,0.886888,0.802633,2,EXECUTE
194.500,r00,0.783783,0.478123,0.323849,1,EXECUTE
194.500,r01,1.270274,0.854997,0.533366,2,EXECUTE
194.500,r02,1.300863,1.189437,0.683095,2,EXECUTE
194.500,r03,1.287447,0.910756,0.401009,2,EXECUTE
194.500,r04,1.168331,1.241163,0.894794,2,WAIT_PEERS
194.500,r05,1.017816,0.437604,0.179459,0,NAVIGATE
194.500,r06,1.310284,0.886888,0.802593,2,EXECUTE
195.000,r00,0.783783,0.478123,0.323809,2,EXECUTE
195.000,r01,1.270274,0.854997,0.533326,2,EXECUTE
195.000,r02,1.300863,1.189437,0.683055,2,EXECUTE
195.000,r03,1.287447,0.910756,0.400969,2,EXECUTE
195.000,r04,1.168331,1.241163,0.894754,2,WAIT_PEERS
195.000,r05,1.017816,0.437604,0.179419,1,NAVIGATE
195.000,r06,1.310284,0.886888,0.802553,2,EXECUTE
195.500,r00,0.783783,0.478123,0.323769,2,EXECUTE
195.500,r01,1.270274,0.854997,0.533286,2,EXECUTE
195.500,r02,1.300863,1.189437,0.683015,2,EXECUTE
195.500,r03,1.287447,0.910756,0.400929,2,EXECUTE
195.500,r04,1.168331,1.241163,0.894714,2,WAIT_PEERS
195.500,r05,1.017816,0.437604,0.179379,1,NAVIGATE
195.500,r06,1.310284,0.886888,0.802513,2,EXECUTE
196.000,r00,0.783783,0.478123,0.323729,1,EXECUTE
196.000,r01,1.270274,0.854997,0.533246,2,EXECUTE
196.000,r02,1.300863,1.189437,0.682975,2,EXECUTE
196.000,r03,1.287447,0.910756,0.400889,2,EXECUTE
196.000,r04,1.168331,1.241163,0.894674,2,WAIT_PEERS
196.000,r05,1.017816,0.437604,0.179339,1,NAVIGATE
196.000,r06,1.310284,0.886888,0.802473,2,EXECUTE
196.500,r00,0.783783,0.478123,0.323689,1,EXECUTE
196.500,r01,1.270274,0.854997,0.533206,2,EXECUTE
196.500,r02,1.300863,1.189437,0.682935,2,EXECUTE
196.500,r03,1.287447,0.910756,0.400849,2,EXECUTE
196.500,r04,1.168331,1.241163,0.894634,2,WAIT_PEERS
196.500,r05,1.017816,0.437604,0.179299,2,NAVIGATE
196.500,r06,1.310284,0.886888,0.802433,2,EXECUTE
197.000,r00,0.783783,0.478123,0.323649,2,EXECUTE
197.000,r01,1.270274,0.854997,0.533166,2,EXECUTE
197.000,r02,1.300863,1.189437,0.682895,2,EXECUTE
197.000,r03,1.287447,0.910756,0.400809,2,EXECUTE
197.000,r04,1.168331,1.241163,0.894594,2,WAIT_PEERS
197.000,r05,1.032657,0.443583,0.179109,3,NAVIGATE
197.000,r06,1.310284,0.886888,0.802393,2,EXECUTE
197.500,r00,0.783783,0.478123,0.323609,2,EXECUTE
197.500,r01,1.270274,0.854997,0.533126,2,EXECUTE
197.500,r02,1.300863,1.189437,0.682855,1,NAVIGATE
197.500,r03,1.287447,0.910756,0.400769,2,EXECUTE
197.500,r04,1.168331,1.241163,0.894554,2,WAIT_PEERS
197.500,r05,1.069759,0.458530,0.178693,3,NAVIGATE
197.500,r06,1.310284,0.886888,0.802353,2,EXECUTE
198.000,r00,0.783783,0.478123,0.323569,2,EXECUTE
198.000,r01,1.270274,0.854997,0.533086,2,EXECUTE
198.000,r02,1.300863,1.189437,0.682815,1,NAVIGATE
198.000,r03,1.287447,0.910756,0.400729,2,EXECUTE
198.000,r04,1.168331,1.241163,0.894514,2,WAIT_PEERS
198.000,r05,1.106862,0.473478,0.178277,3,NAVIGATE
198.000,r06,1.310284,0.886888,0.802313,2,EXECUTE
198.500,r00,0.783783,0.478123,0.323529,2,EXECUTE
198.500,r01,1.270274,0.854997,0.533046,2,EXECUTE
198.500,r02,1.300863,1.189437,0.682775,1,NAVIGATE
198.500,r03,1.287447,0.910756,0.400689,2,EXECUTE
198.500,r04,1.168331,1.241163,0.894474,2,WAIT_PEERS
198.500,r05,1.143964,0.488425,0.177861,3,NAVIGATE
198.500,r06,1.310284,0.886888,0.802273,2,EXECUTE
199.000,r00,0.783783,0.478123,0.323489,2,EXECUTE
199.000,r01,1.270274,0.854997,0.533006,2,EXECUTE
199.000,r02,1.268872,1.190215,0.682434,1,NAVIGATE
199.000,r03,1.287447,0.910756,0.400649,2,EXECUTE
199.000,r04,1.168331,1.241163,0.894434,2,WAIT_PEERS
199.000,r05,1.181066,0.503373,0.177445,3,NAVIGATE
199.000,r06,1.310284,0.886888,0.802233,2,EXECUTE
199.500,r00,0.783783,0.478123,0.323449,2,EXECUTE
199.500,r01,1.270274,0.854997,0.532966,2,EXECUTE
199.500,r02,1.228884,1.191189,0.682018,1,NAVIGATE
199.500,r03,1.287447,0.910756,0.400609,2,EXECUTE
199.500,r04,1.168331,1.241163,0.894394,2,WAIT_PEERS
199.500,r05,1.218168,0.518320,0.177029,3,NAVIGATE
199.500,r06,1.310284,0.886888,0.802193,2,EXECUTE
200.000,r00,0.783783,0.478123,0.323409,2,EXECUTE
200.000,r01,1.270274,0.854997,0.532926,2,EXECUTE
200.000,r02,1.212889,1.191578,0.681828,1,WAIT_PEERS
200.000,r03,1.287447,0.910756,0.400569,2,EXECUTE
200.000,r04,1.168331,1.241163,0.894354,2,WAIT_PEERS
200.000,r05,1.247850,0.530278,0.176688,3,EXECUTE
200.000,r06,1.310284,0.886888,0.802153,2,EXECUTE
200.500,r00,0.783783,0.478123,0.323369,2,EXECUTE
200.500,r01,1.270274,0.854997,0.532886,2,EXECUTE
200.500,r02,1.212889,1.191578,0.681788,1,WAIT_PEERS
200.500,r03,1.287447,0.910756,0.400529,2,EXECUTE
200.500,r04,1.168331,1.241163,0.894314,2,WAIT_PEERS
200.500,r05,1.247850,0.530278,0.176648,3,EXECUTE
200.500,r06,1.310284,0.886888,0.802113,2,EXECUTE
201.000,r00,0.783783,0.478123,0.323329,2,EXECUTE
201.000,r01,1.270274,0.854997,0.532846,2,EXECUTE
201.000,r02,1.212889,1.191578,0.681748,1,WAIT_PEERS
201.000,r03,1.287447,0.910756,0.400489,2,EXECUTE
201.000,r04,1.168331,1.241163,0.894274,2,WAIT_PEERS
201.000,r05,1.247850,0.530278,0.176608,3,EXECUTE
201.000,r06,1.310284,0.886888,0.802073,2,EXECUTE
201.500,r00,0.783783,0.478123,0.323289,2,EXECUTE
201.500,r01,1.270274,0.854997,0.532806,1,NAVIGATE
201.500,r02,1.212889,1.191578,0.681708,1,WAIT_PEERS
201.500,r03,1.287447,0.910756,0.400449,1,NAVIGATE
201.500,r04,1.168331,1.241163,0.894234,2,WAIT_PEERS
201.500,r05,1.247850,0.530278,0.176568,3,EXECUTE
201.500,r06,1.310284,0.886888,0.802033,1,NAVIGATE
202.000,r00,0.783783,0.478123,0.323249,2,EXECUTE
202.000,r01,1.270274,0.854997,0.532766,1,NAVIGATE
202.000,r02,1.212889,1.191578,0.681668,1,WAIT_PEERS
202.000,r03,1.287447,0.910756,0.400409,1,NAVIGATE
202.000,r04,1.168331,1.241163,0.894194,2,WAIT_PEERS
202.000,r05,1.247850,0.530278,0.176528,3,EXECUTE
202.000,r06,1.310284,0.886888,0.801993,1,NAVIGATE
202.500,r00,0.783783,0.478123,0.323209,2,EXECUTE
202.500,r01,1.270274,0.854997,0.532726,1,NAVIGATE
202.500,r02,1.212889,1.191578,0.681628,1,WAIT_PEERS
202.500,r03,1.287447,0.910756,0.400369,1,NAVIGATE
202.500,r04,1.168331,1.241163,0.894154,2,WAIT_PEERS
202.500,r05,1.247850,0.530278,0.176488,3,EXECUTE
202.500,r06,1.310284,0.886888,0.801953,1,NAVIGATE
203.000,r00,0.783783,0.478123,0.323169,2,EXECUTE
203.000,r01,1.272802,0.831130,0.532461,1,NAVIGATE
203.000,r02,1.212889,1.191578,0.681588,1,WAIT_PEERS
203.000,r03,1.280609,0.933761,0.400103,1,NAVIGATE
203.000,r04,1.168331,1.241163,0.894114,2,WAIT_PEERS
203.000,r05,1.247850,0.530278,0.176448,3,EXECUTE
203.000,r06,1.302601,0.909625,0.801687,1,NAVIGATE
203.500,r00,0.783783,0.478123,0.323129,2,EXECUTE
203.500,r01,1.277014,0.791353,0.532045,1,NAVIGATE
203.500,r02,1.212889,1.191578,0.681548,1,WAIT_PEERS
203.500,r03,1.269213,0.972103,0.399687,1,NAVIGATE
203.500,r04,1.168331,1.241163,0.894074,2,WAIT_PEERS
203.500,r05,1.247850,0.530278,0.176408,3,EXECUTE
203.500,r06,1.289797,0.947520,0.801271,1,NAVIGATE
204.000,r00,0.783783,0.478123,0.323089,2,EXECUTE
204.000,r01,1.281227,0.751575,0.531629,1,NAVIGATE
204.000,r02,1.212889,1.191578,0.681508,1,WAIT_PEERS
204.000,r03,1.257817,1.010446,0.399271,1,NAVIGATE
204.000,r04,1.168331,1.241163,0.894034,2,WAIT_PEERS
204.000,r05,1.247850,0.530278,0.176368,3,EXECUTE
204.000,r06,1.276993,0.985416,0.800855,1,NAVIGATE
204.500,r00,0.783783,0.478123,0.323049,2,EXECUTE
204.500,r01,1.285439,0.711798,0.531213,1,NAVIGATE
204.500,r02,1.212889,1.191578,0.681468,1,WAIT_PEERS
204.500,r03,1.246421,1.048788,0.398855,1,NAVIGATE
204.500,r04,1.168331,1.241163,0.893994,2,WAIT_PEERS
204.500,r05,1.247850,0.530278,0.176328,3,EXECUTE
204.500,r06,1.264189,1.023311,0.800439,1,NAVIGATE
205.000,r00,0.783783,0.478123,0.323009,2,EXECUTE
205.000,r01,1.289651,0.672020,0.530797,1,NAVIGATE
205.000,r02,1.212889,1.191578,0.681428,1,WAIT_PEERS
205.000,r03,1.235025,1.087130,0.398439,1,NAVIGATE
205.000,r04,1.168331,1.241163,0.893954,2,WAIT_PEERS
205.000,r05,1.247850,0.530278,0.176288,3,EXECUTE
205.000,r06,1.251385,1.061206,0.800023,1,NAVIGATE
205.500,r00,0.783783,0.478123,0.322969,1,NAVIGATE
205.500,r01,1.293864,0.632242,0.530381,1,NAVIGATE
205.500,r02,1.212889,1.191578,0.681388,1,WAIT_PEERS
205.500,r03,1.223629,1.125473,0.398023,1,NAVIGATE
205.500,r04,1.168331,1.241163,0.893914,2,WAIT_PEERS
205.500,r05,1.247850,0.530278,0.176248,3,EXECUTE
205.500,r06,1.238580,1.099101,0.799607,1,NAVIGATE
206.000,r00,0.783783,0.478123,0.322929,1,NAVIGATE
206.000,r01,1.298076,0.592465,0.529965,1,NAVIGATE
206.000,r02,1.212889,1.191578,0.681348,1,WAIT_PEERS
206.000,r03,1.212233,1.163815,0.397607,1,NAVIGATE
206.000,r04,1.168331,1.241163,0.893874,2,WAIT_PEERS
206.000,r05,1.247850,0.530278,0.176208,3,EXECUTE
206.000,r06,1.225776,1.136997,0.799191,1,NAVIGATE
206.500,r00,0.791481,0.475945,0.322813,1,NAVIGATE
206.500,r01,1.302289,0.552687,0.529549,1,NAVIGATE
206.500,r02,1.212889,1.191578,0.681308,1,WAIT_PEERS
206.500,r03,1.200837,1.202157,0.397191,1,NAVIGATE
206.500,r04,1.168331,1.241163,0.893834,2,WAIT_PEERS
206.500,r05,1.247850,0.530278,0.176168,3,EXECUTE
206.500,r06,1.212972,1.174892,0.798775,1,NAVIGATE
207.000,r00,0.829969,0.465052,0.322397,1,NAVIGATE
207.000,r01,1.306501,0.512910,0.529133,1,NAVIGATE
207.000,r02,1.212889,1.191578,0.681268,1,WAIT_PEERS
207.000,r03,1.189441,1.240500,0.396775,1,NAVIGATE
207.000,r04,1.168331,1.241163,0.893794,2,WAIT_PEERS
207.000,r05,1.247850,0.530278,0.176128,3,EXECUTE
207.000,r06,1.200168,1.212787,0.798359,1,NAVIGATE
207.500,r00,0.868457,0.454159,0.321981,1,NAVIGATE
207.500,r01,1.310714,0.473132,0.528717,1,NAVIGATE
207.500,r02,1.212889,1.191578,0.681228,1,WAIT_PEERS
207.500,r03,1.189441,1.240500,0.396735,1,EXECUTE
207.500,r04,1.168331,1.241163,0.893754,2,EXECUTE
207.500,r05,1.247850,0.530278,0.176088,3,EXECUTE
207.500,r06,1.189925,1.243103,0.798019,1,EXECUTE
208.000,r00,0.906946,0.443267,0.321565,1,NAVIGATE
208.000,r01,1.314926,0.433355,0.528301,1,NAVIGATE
208.000,r02,1.212889,1.191578,0.681188,1,WAIT_PEERS
208.000,r03,1.189441,1.240500,0.396695,1,EXECUTE
208.000,r04,1.168331,1.241163,0.893714,2,EXECUTE
208.000,r05,1.247850,0.530278,0.176048,3,EXECUTE
208.000,r06,1.189925,1.243103,0.797979,1,EXECUTE
208.500,r00,0.945434,0.432374,0.321149,1,NAVIGATE
208.500,r01,1.319139,0.393577,0.527885,1,NAVIGATE
208.500,r02,1.212889,1.191578,0.681148,1,WAIT_PEERS
208.500,r03,1.189441,1.240500,0.396655,1,EXECUTE
208.500,r04,1.168331,1.241163,0.893674,2,EXECUTE
208.500,r05,1.247850,0.530278,0.176008,3,EXECUTE
208.500,r06,1.189925,1.243103,0.797939,1,EXECUTE
209.000,r00,0.983922,0.421481,0.320733,1,NAVIGATE
209.000,r01,1.323351,0.353799,0.527469,1,NAVIGATE
209.000,r02,1.212889,1.191578,0.681108,1,WAIT_PEERS
209.000,r03,1.189441,1.240500,0.396615,1,EXECUTE
209.000,r04,1.168331,1.241163,0.893634,2,EXECUTE
209.000,r05,1.247850,0.530278,0.175968,3,EXECUTE
209.000,r06,1.189925,1.243103,0.797899,1,EXECUTE
209.500,r00,1.022411,0.410589,0.320317,2,NAVIGATE
209.500,r01,1.327564,0.314022,0.527053,1,NAVIGATE
209.500,r02,1.212889,1.191578,0.681068,1,WAIT_PEERS
209.500,r03,1.189441,1.240500,0.396575,2,EXECUTE
209.500,r04,1.168331,1.241163,0.893594,2,EXECUTE
209.500,r05,1.247850,0.530278,0.175928,3,EXECUTE
209.500,r06,1.189925,1.243103,0.797859,1,EXECUTE
210.000,r00,1.060899,0.399696,0.319901,2,NAVIGATE
210.000,r01,1.331776,0.274244,0.526637,1,NAVIGATE
210.000,r02,1.212889,1.191578,0.681028,1,WAIT_PEERS
210.000,r03,1.189441,1.240500,0.396535,2,EXECUTE
210.000,r04,1.168331,1.241163,0.893554,2,EXECUTE
210.000,r05,1.247850,0.530278,0.175888,3,EXECUTE
210.000,r06,1.189925,1.243103,0.797819,1,EXECUTE
210.500,r00,1.099387,0.388803,0.319485,2,NAVIGATE
210.500,r01,1.335989,0.234467,0.526221,1,NAVIGATE
210.500,r02,1.212889,1.191578,0.680988,1,WAIT_PEERS
210.500,r03,1.189441,1.240500,0.396495,2,EXECUTE
210.500,r04,1.168331,1.241163,0.893514,2,EXECUTE
210.500,r05,1.247850,0.530278,0.175848,3,EXECUTE
210.500,r06,1.189925,1.243103,0.797779,1,EXECUTE
211.000,r00,1.137876,0.377911,0.319069,2,NAVIGATE
211.000,r01,1.339359,0.202645,0.525880,1,EXECUTE
211.000,r02,1.212889,1.191578,0.680948,1,WAIT_PEERS
211.000,r03,1.189441,1.240500,0.396455,2,EXECUTE
211.000,r04,1.168331,1.241163,0.893474,2,EXECUTE
211.000,r05,1.247850,0.530278,0.175808,3,EXECUTE
211.000,r06,1.189925,1.243103,0.797739,1,EXECUTE
211.500,r00,1.168666,0.369197,0.318729,2,WAIT_PEERS
211.500,r01,1.339359,0.202645,0.525840,1,EXECUTE
211.500,r02,1.212889,1.191578,0.680908,1,WAIT_PEERS
211.500,r03,1.189441,1.240500,0.396415,2,EXECUTE
211.500,r04,1.168331,1.241163,0.893434,2,EXECUTE
211.500,r05,1.247850,0.530278,0.175768,3,EXECUTE
211.500,r06,1.189925,1.243103,0.797699,1,EXECUTE
212.000,r00,1.168666,0.369197,0.318689,2,WAIT_PEERS
212.000,r01,1.339359,0.202645,0.525800,1,EXECUTE
212.000,r02,1.212889,1.191578,0.680868,1,WAIT_PEERS
212.000,r03,1.189441,1.240500,0.396375,2,EXECUTE
212.000,r04,1.168331,1.241163,0.893394,2,EXECUTE
212.000,r05,1.247850,0.530278,0.175728,3,EXECUTE
212.000,r06,1.189925,1.243103,0.797659,1,EXECUTE
212.500,r00,1.168666,0.369197,0.318649,2,WAIT_PEERS
212.500,r01,1.339359,0.202645,0.525760,1,EXECUTE
212.500,r02,1.212889,1.191578,0.680828,1,WAIT_PEERS
212.500,r03,1.189441,1.240500,0.396335,2,EXECUTE
212.500,r04,1.168331,1.241163,0.893354,2,EXECUTE
212.500,r05,1.247850,0.530278,0.175688,3,EXECUTE
212.500,r06,1.189925,1.243103,0.797619,1,EXECUTE
213.000,r00,1.168666,0.369197,0.318609,2,WAIT_PEERS
213.000,r01,1.339359,0.202645,0.525720,1,EXECUTE
213.000,r02,1.212889,1.191578,0.680788,1,WAIT_PEERS
213.000,r03,1.189441,1.240500,0.396295,2,EXECUTE
213.000,r04,1.168331,1.241163,0.893314,2,EXECUTE
213.000,r05,1.247850,0.530278,0.175648,3,EXECUTE
213.000,r06,1.189925,1.243103,0.797579,1,EXECUTE
213.500,r00,1.168666,0.369197,0.318569,2,WAIT_PEERS
213.500,r01,1.339359,0.202645,0.525680,1,EXECUTE
213.500,r02,1.212889,1.191578,0.680748,1,WAIT_PEERS
213.500,r03,1.189441,1.240500,0.396255,2,EXECUTE
213.500,r04,1.168331,1.241163,0.893274,2,EXECUTE
213.500,r05,1.247850,0.530278,0.175608,3,EXECUTE
213.500,r06,1.189925,1.243103,0.797539,1,EXECUTE
214.000,r00,1.168666,0.369197,0.318529,2,WAIT_PEERS
214.000,r01,1.339359,0.202645,0.525640,1,EXECUTE
214.000,r02,1.212889,1.191578,0.680708,1,WAIT_PEERS
214.000,r03,1.189441,1.240500,0.396215,2,EXECUTE
214.000,r04,1.168331,1.241163,0.893234,2,EXECUTE
214.000,r05,1.247850,0.530278,0.175568,3,EXECUTE
214.000,r06,1.189925,1.243103,0.797499,1,EXECUTE
214.500,r00,1.168666,0.369197,0.318489,2,WAIT_PEERS
214.500,r01,1.339359,0.202645,0.525600,1,EXECUTE
214.500,r02,1.212889,1.191578,0.680668,1,WAIT_PEERS
214.500,r03,1.189441,1.240500,0.396175,2,EXECUTE
214.500,r04,1.168331,1.241163,0.893194,2,EXECUTE
214.500,r05,1.247850,0.530278,0.175528,3,EXECUTE
214.500,r06,1.189925,1.243103,0.797459,1,EXECUTE
215.000,r00,1.168666,0.369197,0.318449,2,WAIT_PEERS
215.000,r01,1.339359,0.202645,0.525560,1,EXECUTE
215.000,r02,1.212889,1.191578,0.680628,1,WAIT_PEERS
215.000,r03,1.189441,1.240500,0.396135,2,EXECUTE
215.000,r04,1.168331,1.241163,0.893154,2,EXECUTE
215.000,r05,1.247850,0.530278,0.175488,2,NAVIGATE
215.000,r06,1.189925,1.243103,0.797419,1,EXECUTE
215.500,r00,1.168666,0.369197,0.318409,2,WAIT_PEERS
215.500,r01,1.339359,0.202645,0.525520,1,EXECUTE
215.500,r02,1.212889,1.191578,0.680588,1,WAIT_PEERS
215.500,r03,1.189441,1.240500,0.396095,2,EXECUTE
215.500,r04,1.168331,1.241163,0.893114,2,EXECUTE
215.500,r05,1.247850,0.530278,0.175448,2,NAVIGATE
215.500,r06,1.189925,1.243103,0.797379,1,EXECUTE
216.000,r00,1.168666,0.369197,0.318369,2,WAIT_PEERS
216.000,r01,1.339359,0.202645,0.525480,1,EXECUTE
216.000,r02,1.212889,1.191578,0.680548,1,WAIT_PEERS
216.000,r03,1.189441,1.240500,0.396055,2,EXECUTE
216.000,r04,1.168331,1.241163,0.893074,2,EXECUTE
216.000,r05,1.247850,0.530278,0.175408,2,NAVIGATE
216.000,r06,1.189925,1.243103,0.797339,1,EXECUTE
216.500,r00,1.168666,0.369197,0.318329,2,WAIT_PEERS
216.500,r01,1.339359,0.202645,0.525440,1,EXECUTE
216.500,r02,1.212889,1.191578,0.680508,1,WAIT_PEERS
216.500,r03,1.189441,1.240500,0.396015,2,EXECUTE
216.500,r04,1.168331,1.241163,0.893034,2,EXECUTE
216.500,r05,1.224382,0.525253,0.175142,2,NAVIGATE
216.500,r06,1.189925,1.243103,0.797299,1,EXECUTE
217.000,r00,1.168666,0.369197,0.318289,2,WAIT_PEERS
217.000,r01,1.339359,0.202645,0.525400,1,EXECUTE
217.000,r02,1.212889,1.191578,0.680468,1,WAIT_PEERS
217.000,r03,1.189441,1.240500,0.395975,2,EXECUTE
217.000,r04,1.168331,1.241163,0.892994,2,EXECUTE
217.000,r05,1.185269,0.516877,0.174726,2,NAVIGATE
217.000,r06,1.189925,1.243103,0.797259,1,EXECUTE
217.500,r00,1.168666,0.369197,0.318249,2,WAIT_PEERS
217.500,r01,1.339359,0.202645,0.525360,1,EXECUTE
217.500,r02,1.212889,1.191578,0.680428,1,WAIT_PEERS
217.500,r03,1.189441,1.240500,0.395935,1,NAVIGATE
217.500,r04,1.168331,1.241163,0.892954,1,NAVIGATE
217.500,r05,1.146155,0.508502,0.174310,2,NAVIGATE
217.500,r06,1.189925,1.243103,0.797219,0,EXPLORE
218.000,r00,1.168666,0.369197,0.318209,2,WAIT_PEERS
218.000,r01,1.339359,0.202645,0.525320,1,EXECUTE
218.000,r02,1.212889,1.191578,0.680388,1,WAIT_PEERS
218.000,r03,1.189441,1.240500,0.395895,1,NAVIGATE
218.000,r04,1.168331,1.241163,0.892914,1,NAVIGATE
218.000,r05,1.107042,0.500126,0.173894,2,NAVIGATE
218.000,r06,1.189925,1.243103,0.797179,0,EXPLORE
218.500,r00,1.168666,0.369197,0.318169,2,WAIT_PEERS
218.500,r01,1.339359,0.202645,0.525280,1,EXECUTE
218.500,r02,1.212889,1.191578,0.680348,1,WAIT_PEERS
218.500,r03,1.189441,1.240500,0.395855,1,NAVIGATE
218.500,r04,1.168331,1.241163,0.892874,1,NAVIGATE
218.500,r05,1.067929,0.491751,0.173478,2,NAVIGATE
218.500,r06,1.189925,1.243103,0.797139,0,EXPLORE
219.000,r00,1.168666,0.369197,0.318129,2,WAIT_PEERS
219.000,r01,1.339359,0.202645,0.525240,1,EXECUTE
219.000,r02,1.212889,1.191578,0.680308,1,EXECUTE
219.000,r03,1.187212,1.216603,0.395590,1,NAVIGATE
219.000,r04,1.171890,1.225564,0.892683,1,EXECUTE
219.000,r05,1.028816,0.483375,0.173062,2,NAVIGATE
219.000,r06,1.173701,1.225417,0.796873,0,EXPLORE
219.500,r00,1.168666,0.369197,0.318089,2,WAIT_PEERS
219.500,r01,1.339359,0.202645,0.525200,1,EXECUTE
219.500,r02,1.212889,1.191578,0.680268,1,EXECUTE
219.500,r03,1.183496,1.176776,0.395174,1,NAVIGATE
219.500,r04,1.171890,1.225564,0.892643,1,EXECUTE
219.500,r05,0.989702,0.475000,0.172646,2,NAVIGATE
219.500,r06,1.173701,1.225417,0.796833,0,NAVIGATE
220.000,r00,1.168666,0.369197,0.318049,2,WAIT_PEERS
220.000,r01,1.339359,0.202645,0.525160,1,EXECUTE
220.000,r02,1.212889,1.191578,0.680228,1,EXECUTE
220.000,r03,1.179780,1.136949,0.394758,1,NAVIGATE
220.000,r04,1.171890,1.225564,0.892603,1,EXECUTE
220.000,r05,0.950589,0.466624,0.172230,2,NAVIGATE
220.000,r06,1.173701,1.225417,0.796793,0,NAVIGATE
220.500,r00,1.168666,0.369197,0.318009,2,WAIT_PEERS
220.500,r01,1.339359,0.202645,0.525120,1,EXECUTE
220.500,r02,1.212889,1.191578,0.680188,1,EXECUTE
220.500,r03,1.176064,1.097122,0.394342,1,NAVIGATE
220.500,r04,1.171890,1.225564,0.892563,1,EXECUTE
220.500,r05,0.911476,0.458249,0.171814,2,NAVIGATE
220.500,r06,1.182041,1.211763,0.796603,0,NAVIGATE
221.000,r00,1.168666,0.369197,0.317969,2,WAIT_PEERS
221.000,r01,1.339359,0.202645,0.525080,1,EXECUTE
221.000,r02,1.212889,1.191578,0.680148,1,EXECUTE
221.000,r03,1.172348,1.057295,0.393926,1,NAVIGATE
221.000,r04,1.171890,1.225564,0.892523,1,EXECUTE
221.000,r05,0.872362,0.449873,0.171398,2,NAVIGATE
221.000,r06,1.202890,1.177627,0.796187,0,NAVIGATE
221.500,r00,1.168666,0.369197,0.317929,2,WAIT_PEERS
221.500,r01,1.339359,0.202645,0.525040,1,EXECUTE
221.500,r02,1.212889,1.191578,0.680108,1,EXECUTE
221.500,r03,1.168632,1.017468,0.393510,1,NAVIGATE
221.500,r04,1.171890,1.225564,0.892483,1,EXECUTE
221.500,r05,0.833249,0.441497,0.170982,2,NAVIGATE
221.500,r06,1.223740,1.143490,0.795771,0,NAVIGATE
222.000,r00,1.168666,0.369197,0.317889,2,WAIT_PEERS
222.000,r01,1.339359,0.202645,0.525000,1,EXECUTE
222.000,r02,1.212889,1.191578,0.680068,1,EXECUTE
222.000,r03,1.164916,0.977641,0.393094,1,NAVIGATE
222.000,r04,1.171890,1.225564,0.892443,1,EXECUTE
222.000,r05,0.794136,0.433122,0.170566,2,NAVIGATE
222.000,r06,1.244590,1.109354,0.795355,0,NAVIGATE
222.500,r00,1.168666,0.369197,0.317849,2,WAIT_PEERS
222.500,r01,1.339359,0.202645,0.524960,1,EXECUTE
222.500,r02,1.212889,1.191578,0.680028,1,EXECUTE
222.500,r03,1.161200,0.937814,0.392678,1,NAVIGATE
222.500,r04,1.171890,1.225564,0.892403,1,EXECUTE
222.500,r05,0.770668,0.428097,0.170301,2,EXECUTE
222.500,r06,1.265439,1.075217,0.794939,0,NAVIGATE
223.000,r00,1.168666,0.369197,0.317809,2,WAIT_PEERS
223.000,r01,1.339359,0.202645,0.524920,1,EXECUTE
223.000,r02,1.212889,1.191578,0.679988,1,EXECUTE
223.000,r03,1.157484,0.897987,0.392262,1,NAVIGATE
223.000,r04,1.171890,1.225564,0.892363,1,EXECUTE
223.000,r05,0.770668,0.428097,0.170261,2,EXECUTE
223.000,r06,1.286289,1.041081,0.794523,0,NAVIGATE
223.500,r00,1.168666,0.369197,0.317769,2,WAIT_PEERS
223.500,r01,1.339359,0.202645,0.524880,1,EXECUTE
223.500,r02,1.212889,1.191578,0.679948,1,EXECUTE
223.500,r03,1.153768,0.858160,0.391846,1,NAVIGATE
223.500,r04,1.171890,1.225564,0.892323,1,EXECUTE
223.500,r05,0.770668,0.428097,0.170221,2,EXECUTE
223.500,r06,1.307139,1.006945,0.794107,0,NAVIGATE
224.000,r00,1.168666,0.369197,0.317729,2,WAIT_PEERS
224.000,r01,1.339359,0.202645,0.524840,1,EXECUTE
224.000,r02,1.212889,1.191578,0.679908,1,EXECUTE
224.000,r03,1.150052,0.818333,0.391430,1,NAVIGATE
224.000,r04,1.171890,1.225564,0.892283,1,EXECUTE
224.000,r05,0.770668,0.428097,0.170181,2,EXECUTE
224.000,r06,1.327988,0.972808,0.793691,0,NAVIGATE
224.500,r00,1.168666,0.369197,0.317689,2,WAIT_PEERS
224.500,r01,1.339359,0.202645,0.524800,1,EXECUTE
224.500,r02,1.212889,1.191578,0.679868,1,EXECUTE
224.500,r03,1.146337,0.778506,0.391014,1,NAVIGATE
224.500,r04,1.171890,1.225564,0.892243,1,EXECUTE
224.500,r05,0.770668,0.428097,0.170141,2,EXECUTE
224.500,r06,1.348838,0.938672,0.793275,0,NAVIGATE
225.000,r00,1.168666,0.369197,0.317649,2,WAIT_PEERS
225.000,r01,1.339359,0.202645,0.524760,1,EXECUTE
225.000,r02,1.212889,1.191578,0.679828,1,EXECUTE
225.000,r03,1.142621,0.738679,0.390598,1,NAVIGATE
225.000,r04,1.171890,1.225564,0.892203,1,EXECUTE
225.000,r05,0.770668,0.428097,0.170101,2,EXECUTE
225.000,r06,1.369688,0.904535,0.792859,0,NAVIGATE
225.500,r00,1.168666,0.369197,0.317609,2,WAIT_PEERS
225.500,r01,1.339359,0.202645,0.524720,1,EXECUTE
225.500,r02,1.212889,1.191578,0.679788,1,EXECUTE
225.500,r03,1.138905,0.698852,0.390182,1,NAVIGATE
225.500,r04,1.171890,1.225564,0.892163,1,EXECUTE
225.500,r05,0.770668,0.428097,0.170061,2,EXECUTE
225.500,r06,1.390537,0.870399,0.792443,0,NAVIGATE
226.000,r00,1.168666,0.369197,0.317569,2,WAIT_PEERS
226.000,r01,1.339359,0.202645,0.524680,0,EXPLORE
226.000,r02,1.212889,1.191578,0.679748,1,EXECUTE
226.000,r03,1.135189,0.659025,0.389766,1,NAVIGATE
226.000,r04,1.171890,1.225564,0.892123,1,EXECUTE
226.000,r05,0.770668,0.428097,0.170021,2,EXECUTE
226.000,r06,1.411387,0.836263,0.792027,0,NAVIGATE
226.500,r00,1.168666,0.369197,0.317529,2,WAIT_PEERS
226.500,r01,1.339359,0.202645,0.524640,0,EXPLORE
226.500,r02,1.212889,1.191578,0.679708,1,EXECUTE
226.500,r03,1.131473,0.619198,0.389350,1,NAVIGATE
226.500,r04,1.171890,1.225564,0.892083,1,EXECUTE
226.500,r05,0.770668,0.428097,0.169981,2,EXECUTE
226.500,r06,1.432236,0.802126,0.791611,0,NAVIGATE
227.000,r00,1.168666,0.369197,0.317489,2,WAIT_PEERS
227.000,r01,1.339359,0.202645,0.524600,0,EXPLORE
227.000,r02,1.212889,1.191578,0.679668,1,EXECUTE
227.000,r03,1.127757,0.579371,0.388934,1,NAVIGATE
227.000,r04,1.171890,1.225564,0.892043,1,EXECUTE
227.000,r05,0.770668,0.428097,0.169941,2,EXECUTE
227.000,r06,1.453086,0.767990,0.791195,0,NAVIGATE
227.500,r00,1.168666,0.369197,0.317449,2,WAIT_PEERS
227.500,r01,1.339359,0.202645,0.524560,0,NAVIGATE
227.500,r02,1.212889,1.191578,0.679628,1,EXECUTE
227.500,r03,1.126271,0.563440,0.388743,1,WAIT_PEERS
227.500,r04,1.171890,1.225564,0.892003,1,EXECUTE
227.500,r05,0.770668,0.428097,0.169901,2,EXECUTE
227.500,r06,1.473936,0.733854,0.790779,0,NAVIGATE
228.000,r00,1.168666,0.369197,0.317409,2,WAIT_PEERS
228.000,r01,1.339359,0.202645,0.524520,0,NAVIGATE
228.000,r02,1.212889,1.191578,0.679588,1,EXECUTE
228.000,r03,1.126271,0.563440,0.388703,1,WAIT_PEERS
228.000,r04,1.171890,1.225564,0.891963,1,EXECUTE
228.000,r05,0.770668,0.428097,0.169861,2,EXECUTE
228.000,r06,1.494785,0.699717,0.790363,0,NAVIGATE
228.500,r00,1.168666,0.369197,0.317369,2,WAIT_PEERS
228.500,r01,1.326250,0.211819,0.524330,0,NAVIGATE
228.500,r02,1.212889,1.191578,0.679548,1,EXECUTE
228.500,r03,1.126271,0.563440,0.388663,1,WAIT_PEERS
228.500,r04,1.171890,1.225564,0.891923,1,EXECUTE
228.500,r05,0.770668,0.428097,0.169821,2,EXECUTE
228.500,r06,1.515635,0.665581,0.789947,0,NAVIGATE
229.000,r00,1.168666,0.369197,0.317329,2,WAIT_PEERS
229.000,r01,1.293478,0.234753,0.523914,0,NAVIGATE
229.000,r02,1.212889,1.191578,0.679508,1,EXECUTE
229.000,r03,1.126271,0.563440,0.388623,1,WAIT_PEERS
229.000,r04,1.171890,1.225564,0.891883,1,EXECUTE
229.000,r05,0.770668,0.428097,0.169781,2,EXECUTE
229.000,r06,1.536485,0.631444,0.789531,0,NAVIGATE
229.500,r00,1.168666,0.369197,0.317289,2,WAIT_PEERS
229.500,r01,1.293478,0.234753,0.523874,1,NAVIGATE
229.500,r02,1.212889,1.191578,0.679468,1,EXECUTE
229.500,r03,1.126271,0.563440,0.388583,1,WAIT_PEERS
229.500,r04,1.171890,1.225564,0.891843,1,EXECUTE
229.500,r05,0.770668,0.428097,0.169741,2,EXECUTE
229.500,r06,1.557334,0.597308,0.789115,0,NAVIGATE
230.000,r00,1.168666,0.369197,0.317249,2,WAIT_PEERS
230.000,r01,1.293478,0.234753,0.523834,1,NAVIGATE
230.000,r02,1.212889,1.191578,0.679428,1,EXECUTE
230.000,r03,1.126271,0.563440,0.388543,1,WAIT_PEERS
230.000,r04,1.171890,1.225564,0.891803,1,EXECUTE
230.000,r05,0.770668,0.428097,0.169701,2,EXECUTE
230.000,r06,1.578184,0.563172,0.788699,0,NAVIGATE
230.500,r00,1.168666,0.369197,0.317209,2,WAIT_PEERS
230.500,r01,1.280077,0.243495,0.523643,1,NAVIGATE
230.500,r02,1.212889,1.191578,0.679388,1,EXECUTE
230.500,r03,1.126271,0.563440,0.388503,1,WAIT_PEERS
230.500,r04,1.171890,1.225564,0.891763,1,EXECUTE
230.500,r05,0.770668,0.428097,0.169661,2,EXECUTE
230.500,r06,1.599034,0.529035,0.788283,0,NAVIGATE
231.000,r00,1.168666,0.369197,0.317169,2,WAIT_PEERS
231.000,r01,1.246576,0.265351,0.523227,1,NAVIGATE
231.000,r02,1.212889,1.191578,0.679348,1,EXECUTE
231.000,r03,1.126271,0.563440,0.388463,1,WAIT_PEERS
231.000,r04,1.171890,1.225564,0.891723,1,EXECUTE
231.000,r05,0.770668,0.428097,0.169621,2,EXECUTE
231.000,r06,1.619883,0.494899,0.787867,0,NAVIGATE
231.500,r00,1.168666,0.369197,0.317129,2,WAIT_PEERS
231.500,r01,1.213075,0.287206,0.522811,1,NAVIGATE
231.500,r02,1.212889,1.191578,0.679308,1,EXECUTE
231.500,r03,1.126271,0.563440,0.388423,1,WAIT_PEERS
231.500,r04,1.171890,1.225564,0.891683,1,EXECUTE
231.500,r05,0.770668,0.428097,0.169581,2,EXECUTE
231.500,r06,1.640733,0.460762,0.787451,0,NAVIGATE
232.000,r00,1.168666,0.369197,0.317089,2,WAIT_PEERS
232.000,r01,1.179573,0.309062,0.522395,1,NAVIGATE
232.000,r02,1.212889,1.191578,0.679268,1,EXECUTE
232.000,r03,1.126271,0.563440,0.388383,1,WAIT_PEERS
232.000,r04,1.171890,1.225564,0.891643,1,EXECUTE
232.000,r05,0.770668,0.428097,0.169541,2,EXECUTE
232.000,r06,1.661583,0.426626,0.787035,0,NAVIGATE
232.500,r00,1.168666,0.369197,0.317049,2,WAIT_PEERS
232.500,r01,1.146072,0.330917,0.521979,1,NAVIGATE
232.500,r02,1.212889,1.191578,0.679228,1,EXECUTE
232.500,r03,1.126271,0.563440,0.388343,1,WAIT_PEERS
232.500,r04,1.171890,1.225564,0.891603,1,EXECUTE
232.500,r05,0.770668,0.428097,0.169501,2,EXECUTE
232.500,r06,1.682432,0.392490,0.786619,0,NAVIGATE
233.000,r00,1.168666,0.369197,0.317009,2,WAIT_PEERS
233.000,r01,1.112570,0.352772,0.521563,1,NAVIGATE
233.000,r02,1.212889,1.191578,0.679188,1,EXECUTE
233.000,r03,1.126271,0.563440,0.388303,1,WAIT_PEERS
233.000,r04,1.171890,1.225564,0.891563,1,EXECUTE
233.000,r05,0.770668,0.428097,0.169461,2,EXECUTE
233.000,r06,1.703282,0.358353,0.786203,0,NAVIGATE
233.500,r00,1.168666,0.369197,0.316969,2,WAIT_PEERS
233.500,r01,1.079069,0.374628,0.521147,1,NAVIGATE
233.500,r02,1.212889,1.191578,0.679148,1,EXECUTE
233.500,r03,1.126271,0.563440,0.388263,1,WAIT_PEERS
233.500,r04,1.171890,1.225564,0.891523,1,EXECUTE
233.500,r05,0.770668,0.428097,0.169421,2,EXECUTE
233.500,r06,1.724131,0.324217,0.785787,0,NAVIGATE
234.000,r00,1.168666,0.369197,0.316929,2,WAIT_PEERS
234.000,r01,1.045568,0.396483,0.520731,1,NAVIGATE
234.000,r02,1.212889,1.191578,0.679108,1,EXECUTE
234.000,r03,1.126271,0.563440,0.388223,1,WAIT_PEERS
234.000,r04,1.171890,1.225564,0.891483,1,EXECUTE
234.000,r05,0.770668,0.428097,0.169381,2,EXECUTE
234.000,r06,1.744981,0.290081,0.785371,0,NAVIGATE
234.500,r00,1.168666,0.369197,0.316889,2,WAIT_PEERS
234.500,r01,1.012066,0.418338,0.520315,1,NAVIGATE
234.500,r02,1.212889,1.191578,0.679068,1,EXECUTE
234.500,r03,1.126271,0.563440,0.388183,1,WAIT_PEERS
234.500,r04,1.171890,1.225564,0.891443,1,EXECUTE
234.500,r05,0.770668,0.428097,0.169341,2,EXECUTE
234.500,r06,1.765831,0.255944,0.784955,0,NAVIGATE
235.000,r00,1.168666,0.369197,0.316849,2,WAIT_PEERS
235.000,r01,0.978565,0.440194,0.519899,1,NAVIGATE
235.000,r02,1.212889,1.191578,0.679028,1,EXECUTE
235.000,r03,1.126271,0.563440,0.388143,1,WAIT_PEERS
235.000,r04,1.171890,1.225564,0.891403,1,EXECUTE
235.000,r05,0.770668,0.428097,0.169301,2,EXECUTE
235.000,r06,1.782510,0.228635,0.784614,0,EXECUTE
235.500,r00,1.168666,0.369197,0.316809,2,WAIT_PEERS
235.500,r01,0.945064,0.462049,0.519483,1,NAVIGATE
235.500,r02,1.212889,1.191578,0.678988,1,EXECUTE
235.500,r03,1.126271,0.563440,0.388103,1,WAIT_PEERS
235.500,r04,1.171890,1.225564,0.891363,1,EXECUTE
235.500,r05,0.770668,0.428097,0.169261,2,EXECUTE
235.500,r06,1.782510,0.228635,0.784574,0,EXECUTE
236.000,r00,1.168666,0.369197,0.316769,2,WAIT_PEERS
236.000,r01,0.911562,0.483905,0.519067,1,NAVIGATE
236.000,r02,1.212889,1.191578,0.678948,1,EXECUTE
236.000,r03,1.126271,0.563440,0.388063,1,WAIT_PEERS
236.000,r04,1.171890,1.225564,0.891323,1,EXECUTE
236.000,r05,0.770668,0.428097,0.169221,2,EXECUTE
236.000,r06,1.782510,0.228635,0.784534,0,EXECUTE
236.500,r00,1.168666,0.369197,0.316729,2,WAIT_PEERS
236.500,r01,0.878061,0.505760,0.518651,1,NAVIGATE
236.500,r02,1.212889,1.191578,0.678908,1,EXECUTE
236.500,r03,1.126271,0.563440,0.388023,1,WAIT_PEERS
236.500,r04,1.171890,1.225564,0.891283,1,EXECUTE
236.500,r05,0.770668,0.428097,0.169181,2,EXECUTE
236.500,r06,1.782510,0.228635,0.784494,0,EXECUTE
237.000,r00,1.168666,0.369197,0.316689,2,WAIT_PEERS
237.000,r01,0.844559,0.527615,0.518235,1,NAVIGATE
237.000,r02,1.212889,1.191578,0.678868,1,EXECUTE
237.000,r03,1.126271,0.563440,0.387983,1,WAIT_PEERS
237.000,r04,1.171890,1.225564,0.891243,1,EXECUTE
237.000,r05,0.770668,0.428097,0.169141,2,EXECUTE
237.000,r06,1.782510,0.228635,0.784454,0,EXPLORE
237.500,r00,1.168666,0.369197,0.316649,2,WAIT_PEERS
237.500,r01,0.811058,0.549471,0.517819,1,NAVIGATE
237.500,r02,1.212889,1.191578,0.678828,1,EXECUTE
237.500,r03,1.126271,0.563440,0.387943,1,WAIT_PEERS
237.500,r04,1.171890,1.225564,0.891203,1,EXECUTE
237.500,r05,0.770668,0.428097,0.169101,1,NAVIGATE
237.500,r06,1.782510,0.228635,0.784414,0,EXPLORE
238.000,r00,1.168666,0.369197,0.316609,2,WAIT_PEERS
238.000,r01,0.777557,0.571326,0.517403,1,NAVIGATE
238.000,r02,1.212889,1.191578,0.678788,1,EXECUTE
238.000,r03,1.126271,0.563440,0.387903,1,WAIT_PEERS
238.000,r04,1.171890,1.225564,0.891163,1,EXECUTE
238.000,r05,0.770668,0.428097,0.169061,1,NAVIGATE
238.000,r06,1.782510,0.228635,0.784374,0,EXPLORE
238.500,r00,1.168666,0.369197,0.316569,2,WAIT_PEERS
238.500,r01,0.744055,0.593181,0.516987,1,NAVIGATE
238.500,r02,1.212889,1.191578,0.678748,1,EXECUTE
238.500,r03,1.126271,0.563440,0.387863,1,WAIT_PEERS
238.500,r04,1.171890,1.225564,0.891123,1,EXECUTE
238.500,r05,0.770668,0.428097,0.169021,1,NAVIGATE
238.500,r06,1.782510,0.228635,0.784334,0,NAVIGATE
239.000,r00,1.168666,0.369197,0.316529,2,WAIT_PEERS
239.000,r01,0.710554,0.615037,0.516571,1,NAVIGATE
239.000,r02,1.212889,1.191578,0.678708,0,EXPLORE
239.000,r03,1.126271,0.563440,0.387823,1,WAIT_PEERS
239.000,r04,1.171890,1.225564,0.891083,0,EXPLORE
239.000,r05,0.802276,0.423106,0.168680,1,NAVIGATE
239.000,r06,1.782510,0.228635,0.784294,0,NAVIGATE
239.500,r00,1.168666,0.369197,0.316489,2,WAIT_PEERS
239.500,r01,0.683753,0.632521,0.516230,1,EXECUTE
239.500,r02,1.212889,1.191578,0.678668,0,EXPLORE
239.500,r03,1.126271,0.563440,0.387783,1,WAIT_PEERS
239.500,r04,1.171890,1.225564,0.891043,0,EXPLORE
239.500,r05,0.841787,0.416868,0.168264,1,NAVIGATE
239.500,r06,1.772890,0.241420,0.784103,0,NAVIGATE
240.000,r00,1.168666,0.369197,0.316449,2,WAIT_PEERS
240.000,r01,0.683753,0.632521,0.516190,1,EXECUTE
240.000,r02,1.212889,1.191578,0.678628,0,EXPLORE
240.000,r03,1.126271,0.563440,0.387743,1,WAIT_PEERS
240.000,r04,1.171890,1.225564,0.891003,0,EXPLORE
240.000,r05,0.881297,0.410630,0.167848,1,NAVIGATE
240.000,r06,1.748838,0.273381,0.783687,0,NAVIGATE
240.500,r00,1.168666,0.369197,0.316409,2,WAIT_PEERS
240.500,r01,0.683753,0.632521,0.516150,1,EXECUTE
240.500,r02,1.189982,1.184418,0.678362,0,EXPLORE
240.500,r03,1.126271,0.563440,0.387703,1,WAIT_PEERS
240.500,r04,1.171890,1.225564,0.890963,0,NAVIGATE
240.500,r05,0.920808,0.404391,0.167432,1,NAVIGATE
240.500,r06,1.724786,0.305342,0.783271,0,NAVIGATE
241.000,r00,1.168666,0.369197,0.316369,2,WAIT_PEERS
241.000,r01,0.683753,0.632521,0.516110,1,EXECUTE
241.000,r02,1.151804,1.172484,0.677946,0,EXPLORE
241.000,r03,1.126271,0.563440,0.387663,1,WAIT_PEERS
241.000,r04,1.171890,1.225564,0.890923,0,NAVIGATE
241.000,r05,0.960318,0.398153,0.167016,1,NAVIGATE
241.000,r06,1.700734,0.337303,0.782855,0,NAVIGATE
241.500,r00,1.168666,0.369197,0.316329,2,WAIT_PEERS
241.500,r01,0.683753,0.632521,0.516070,1,EXECUTE
241.500,r02,1.151804,1.172484,0.677906,0,NAVIGATE
241.500,r03,1.126271,0.563440,0.387623,1,WAIT_PEERS
241.500,r04,1.157006,1.219693,0.890733,0,NAVIGATE
241.500,r05,0.999829,0.391915,0.166600,1,NAVIGATE
241.500,r06,1.676682,0.369264,0.782439,0,NAVIGATE
242.000,r00,1.168666,0.369197,0.316289,2,WAIT_PEERS
242.000,r01,0.683753,0.632521,0.516030,1,EXECUTE
242.000,r02,1.151804,1.172484,0.677866,0,NAVIGATE
242.000,r03,1.126271,0.563440,0.387583,1,WAIT_PEERS
242.000,r04,1.119796,1.205017,0.890317,0,NAVIGATE
242.000,r05,1.039340,0.385677,0.166184,1,NAVIGATE
242.000,r06,1.652630,0.401225,0.782023,0,NAVIGATE
242.500,r00,1.168666,0.369197,0.316249,2,WAIT_PEERS
242.500,r01,0.683753,0.632521,0.515990,1,EXECUTE
242.500,r02,1.137012,1.178583,0.677676,0,NAVIGATE
242.500,r03,1.126271,0.563440,0.387543,1,WAIT_PEERS
242.500,r04,1.082585,1.190341,0.889901,0,NAVIGATE
242.500,r05,1.078850,0.379438,0.165768,1,NAVIGATE
242.500,r06,1.628578,0.433186,0.781607,0,NAVIGATE
243.000,r00,1.168666,0.369197,0.316209,2,WAIT_PEERS
243.000,r01,0.683753,0.632521,0.515950,1,EXECUTE
243.000,r02,1.100032,1.193830,0.677260,0,NAVIGATE
243.000,r03,1.126271,0.563440,0.387503,1,WAIT_PEERS
243.000,r04,1.045375,1.175664,0.889485,0,NAVIGATE
243.000,r05,1.118361,0.373200,0.165352,1,NAVIGATE
243.000,r06,1.604527,0.465147,0.781191,0,NAVIGATE
243.500,r00,1.168666,0.369197,0.316169,2,WAIT_PEERS
243.500,r01,0.683753,0.632521,0.515910,1,EXECUTE
243.500,r02,1.063052,1.209078,0.676844,0,NAVIGATE
243.500,r03,1.126271,0.563440,0.387463,1,WAIT_PEERS
243.500,r04,1.008165,1.160988,0.889069,0,NAVIGATE
243.500,r05,1.157871,0.366962,0.164936,1,NAVIGATE
243.500,r06,1.580475,0.497108,0.780775,0,NAVIGATE
244.000,r00,1.168666,0.369197,0.316129,2,EXECUTE
244.000,r01,0.683753,0.632521,0.515870,1,EXECUTE
244.000,r02,1.026072,1.224325,0.676428,0,NAVIGATE
244.000,r03,1.126271,0.563440,0.387423,1,WAIT_PEERS
244.000,r04,0.970955,1.146311,0.888653,0,NAVIGATE
244.000,r05,1.165773,0.365714,0.164821,1,EXECUTE
244.000,r06,1.556423,0.529069,0.780359,0,NAVIGATE
244.500,r00,1.168666,0.369197,0.316089,2,EXECUTE
244.500,r01,0.683753,0.632521,0.515830,1,EXECUTE
244.500,r02,0.989092,1.239572,0.676012,0,NAVIGATE
244.500,r03,1.126271,0.563440,0.387383,1,WAIT_PEERS
244.500,r04,0.933744,1.131635,0.888237,0,NAVIGATE
244.500,r05,1.165773,0.365714,0.164781,1,EXECUTE
244.500,r06,1.532371,0.561030,0.779943,0,NAVIGATE
245.000,r00,1.168666,0.369197,0.316049,2,EXECUTE
245.000,r01,0.683753,0.632521,0.515790,1,EXECUTE
245.000,r02,0.952112,1.254820,0.675596,0,NAVIGATE
245.000,r03,1.126271,0.563440,0.387343,1,WAIT_PEERS
245.000,r04,0.896534,1.116958,0.887821,0,NAVIGATE
245.000,r05,1.165773,0.365714,0.164741,1,EXECUTE
245.000,r06,1.508319,0.592991,0.779527,0,NAVIGATE
245.500,r00,1.168666,0.369197,0.316009,2,EXECUTE
245.500,r01,0.683753,0.632521,0.515750,1,EXECUTE
245.500,r02,0.915132,1.270067,0.675180,0,NAVIGATE
245.500,r03,1.126271,0.563440,0.387303,1,WAIT_PEERS
245.500,r04,0.859324,1.102282,0.887405,0,NAVIGATE
245.500,r05,1.165773,0.365714,0.164701,1,EXECUTE
245.500,r06,1.484267,0.624952,0.779111,0,NAVIGATE
246.000,r00,1.168666,0.369197,0.315969,2,EXECUTE
246.000,r01,0.683753,0.632521,0.515710,1,EXECUTE
246.000,r02,0.878152,1.285314,0.674764,0,NAVIGATE
246.000,r03,1.126271,0.563440,0.387263,1,WAIT_PEERS
246.000,r04,0.822114,1.087606,0.886989,0,NAVIGATE
246.000,r05,1.165773,0.365714,0.164661,1,EXECUTE
246.000,r06,1.460215,0.656913,0.778695,0,NAVIGATE
246.500,r00,1.168666,0.369197,0.315929,2,EXECUTE
246.500,r01,0.683753,0.632521,0.515670,1,EXECUTE
246.500,r02,0.841172,1.300562,0.674348,0,NAVIGATE
246.500,r03,1.126271,0.563440,0.387223,1,WAIT_PEERS
246.500,r04,0.784903,1.072929,0.886573,0,NAVIGATE
246.500,r05,1.165773,0.365714,0.164621,1,EXECUTE
246.500,r06,1.436164,0.688874,0.778279,0,NAVIGATE
247.000,r00,1.168666,0.369197,0.315889,2,EXECUTE
247.000,r01,0.683753,0.632521,0.515630,1,EXECUTE
247.000,r02,0.804192,1.315809,0.673932,0,NAVIGATE
247.000,r03,1.126271,0.563440,0.387183,1,WAIT_PEERS
247.000,r04,0.747693,1.058253,0.886157,0,NAVIGATE
247.000,r05,1.165773,0.365714,0.164581,1,EXECUTE
247.000,r06,1.412112,0.720835,0.777863,0,NAVIGATE
247.500,r00,1.168666,0.369197,0.315849,2,EXECUTE
247.500,r01,0.683753,0.632521,0.515590,1,EXECUTE
247.500,r02,0.767212,1.331056,0.673516,0,NAVIGATE
247.500,r03,1.126271,0.563440,0.387143,1,WAIT_PEERS
247.500,r04,0.710483,1.043576,0.885741,0,NAVIGATE
247.500,r05,1.165773,0.365714,0.164541,1,EXECUTE
247.500,r06,1.388060,0.752796,0.777447,0,NAVIGATE
248.000,r00,1.168666,0.369197,0.315809,2,EXECUTE
248.000,r01,0.683753,0.632521,0.515550,1,EXECUTE
248.000,r02,0.730232,1.346304,0.673100,0,NAVIGATE
248.000,r03,1.126271,0.563440,0.387103,1,WAIT_PEERS
248.000,r04,0.673272,1.028900,0.885325,0,NAVIGATE
248.000,r05,1.165773,0.365714,0.164501,1,EXECUTE
248.000,r06,1.364008,0.784757,0.777031,0,NAVIGATE
248.500,r00,1.168666,0.369197,0.315769,2,EXECUTE
248.500,r01,0.683753,0.632521,0.515510,1,EXECUTE
248.500,r02,0.693252,1.361551,0.672684,0,NAVIGATE
248.500,r03,1.126271,0.563440,0.387063,1,WAIT_PEERS
248.500,r04,0.636062,1.014224,0.884909,0,NAVIGATE
248.500,r05,1.165773,0.365714,0.164461,1,EXECUTE
248.500,r06,1.339956,0.816718,0.776615,0,NAVIGATE
249.000,r00,1.168666,0.369197,0.315729,2,EXECUTE
249.000,r01,0.683753,0.632521,0.515470,1,EXECUTE
249.000,r02,0.656272,1.376798,0.672268,0,NAVIGATE
249.000,r03,1.126271,0.563440,0.387023,1,WAIT_PEERS
249.000,r04,0.628620,1.011288,0.884794,0,EXECUTE
249.000,r05,1.165773,0.365714,0.164421,1,EXECUTE
249.000,r06,1.315904,0.848679,0.776199,0,NAVIGATE
249.500,r00,1.168666,0.369197,0.315689,2,EXECUTE
249.500,r01,0.683753,0.632521,0.515430,1,EXECUTE
249.500,r02,0.626688,1.388996,0.671927,0,EXECUTE
249.500,r03,1.126271,0.563440,0.386983,1,WAIT_PEERS
249.500,r04,0.628620,1.011288,0.884754,0,EXECUTE
249.500,r05,1.165773,0.365714,0.164381,1,EXECUTE
249.500,r06,1.291852,0.880640,0.775783,0,NAVIGATE
250.000,r00,1.168666,0.369197,0.315649,2,EXECUTE
250.000,r01,0.683753,0.632521,0.515390,1,EXECUTE
250.000,r02,0.626688,1.388996,0.671887,0,EXECUTE
250.000,r03,1.126271,0.563440,0.386943,1,WAIT_PEERS
250.000,r04,0.628620,1.011288,0.884714,0,EXECUTE
250.000,r05,1.165773,0.365714,0.164341,1,EXECUTE
250.000,r06,1.267800,0.912601,0.775367,0,NAVIGATE
250.500,r00,1.168666,0.369197,0.315609,2,EXECUTE
250.500,r01,0.683753,0.632521,0.515350,1,EXECUTE
250.500,r02,0.626688,1.388996,0.671847,0,EXECUTE
250.500,r03,1.126271,0.563440,0.386903,1,WAIT_PEERS
250.500,r04,0.628620,1.011288,0.884674,0,EXECUTE
250.500,r05,1.165773,0.365714,0.164301,1,EXECUTE
250.500,r06,1.243749,0.944562,0.774951,0,NAVIGATE
251.000,r00,1.168666,0.369197,0.315569,2,EXECUTE
251.000,r01,0.683753,0.632521,0.515310,1,EXECUTE
251.000,r02,0.626688,1.388996,0.671807,0,EXECUTE
251.000,r03,1.126271,0.563440,0.386863,1,WAIT_PEERS
251.000,r04,0.628620,1.011288,0.884634,0,EXPLORE
251.000,r05,1.165773,0.365714,0.164261,1,EXECUTE
251.000,r06,1.219697,0.976523,0.774535,0,NAVIGATE
251.500,r00,1.168666,0.369197,0.315529,2,EXECUTE
251.500,r01,0.683753,0.632521,0.515270,1,EXECUTE
251.500,r02,0.626688,1.388996,0.671767,0,EXPLORE
251.500,r03,1.126271,0.563440,0.386823,1,WAIT_PEERS
251.500,r04,0.628620,1.011288,0.884594,0,EXPLORE
251.500,r05,1.165773,0.365714,0.164221,1,EXECUTE
251.500,r06,1.195645,1.008484,0.774119,0,NAVIGATE
252.000,r00,1.168666,0.369197,0.315489,2,EXECUTE
252.000,r01,0.683753,0.632521,0.515230,1,EXECUTE
252.000,r02,0.626688,1.388996,0.671727,0,EXPLORE
252.000,r03,1.126271,0.563440,0.386783,1,WAIT_PEERS
252.000,r04,0.620623,1.011078,0.884478,0,EXPLORE
252.000,r05,1.165773,0.365714,0.164181,1,EXECUTE
252.000,r06,1.171593,1.040445,0.773703,0,NAVIGATE
252.500,r00,1.168666,0.369197,0.315449,2,EXECUTE
252.500,r01,0.683753,0.632521,0.515190,1,EXECUTE
252.500,r02,0.626688,1.388996,0.671687,0,EXPLORE
252.500,r03,1.126271,0.563440,0.386743,1,WAIT_PEERS
252.500,r04,0.580637,1.010025,0.884062,0,EXPLORE
252.500,r05,1.165773,0.365714,0.164141,1,EXECUTE
252.500,r06,1.147541,1.072406,0.773287,0,NAVIGATE
253.000,r00,1.168666,0.369197,0.315409,2,EXECUTE
253.000,r01,0.683753,0.632521,0.515150,1,EXECUTE
253.000,r02,0.625045,1.365053,0.671421,0,EXPLORE
253.000,r03,1.126271,0.563440,0.386703,1,WAIT_PEERS
253.000,r04,0.540651,1.008972,0.883646,0,EXPLORE
253.000,r05,1.165773,0.365714,0.164101,1,EXECUTE
253.000,r06,1.123489,1.104367,0.772871,0,NAVIGATE
253.500,r00,1.168666,0.369197,0.315369,2,EXECUTE
253.500,r01,0.683753,0.632521,0.515110,1,EXECUTE
253.500,r02,0.625045,1.365053,0.671381,0,NAVIGATE
253.500,r03,1.126271,0.563440,0.386663,1,WAIT_PEERS
253.500,r04,0.540651,1.008972,0.883606,0,NAVIGATE
253.500,r05,1.165773,0.365714,0.164061,1,EXECUTE
253.500,r06,1.099437,1.136328,0.772455,0,NAVIGATE
254.000,r00,1.168666,0.369197,0.315329,2,EXECUTE
254.000,r01,0.683753,0.632521,0.515070,1,EXECUTE
254.000,r02,0.625045,1.365053,0.671341,0,NAVIGATE
254.000,r03,1.126271,0.563440,0.386623,1,WAIT_PEERS
254.000,r04,0.540651,1.008972,0.883566,0,NAVIGATE
254.000,r05,1.165773,0.365714,0.164021,1,EXECUTE
254.000,r06,1.075386,1.168290,0.772039,0,NAVIGATE
254.500,r00,1.168666,0.369197,0.315289,2,EXECUTE
254.500,r01,0.683753,0.632521,0.515030,0,EXPLORE
254.500,r02,0.640050,1.370607,0.671151,0,NAVIGATE
254.500,r03,1.126271,0.563440,0.386583,1,WAIT_PEERS
254.500,r04,0.534441,0.994226,0.883376,0,NAVIGATE
254.500,r05,1.165773,0.365714,0.163981,1,EXECUTE
254.500,r06,1.051334,1.200251,0.771623,0,NAVIGATE
255.000,r00,1.168666,0.369197,0.315249,2,EXECUTE
255.000,r01,0.683753,0.632521,0.514990,0,EXPLORE
255.000,r02,0.677562,1.384493,0.670735,0,NAVIGATE
255.000,r03,1.126271,0.563440,0.386543,1,WAIT_PEERS
255.000,r04,0.518918,0.957361,0.882960,0,NAVIGATE
255.000,r05,1.165773,0.365714,0.163941,1,EXECUTE
255.000,r06,1.027282,1.232212,0.771207,0,NAVIGATE
255.500,r00,1.168666,0.369197,0.315209,2,EXECUTE
255.500,r01,0.683753,0.632521,0.514950,0,EXPLORE
255.500,r02,0.715075,1.398380,0.670319,0,NAVIGATE
255.500,r03,1.126271,0.563440,0.386503,1,WAIT_PEERS
255.500,r04,0.503394,0.920496,0.882544,0,NAVIGATE
255.500,r05,1.165773,0.365714,0.163901,1,EXECUTE
255.500,r06,1.003230,1.264173,0.770791,0,NAVIGATE
256.000,r00,1.168666,0.369197,0.315169,2,EXECUTE
256.000,r01,0.706549,0.640026,0.514685,0,EXPLORE
256.000,r02,0.752587,1.412266,0.669903,0,NAVIGATE
256.000,r03,1.126271,0.563440,0.386463,1,WAIT_PEERS
256.000,r04,0.487871,0.883631,0.882128,0,NAVIGATE
256.000,r05,1.165773,0.365714,0.163861,1,EXECUTE
256.000,r06,0.979178,1.296134,0.770375,0,NAVIGATE
256.500,r00,1.168666,0.369197,0.315129,2,EXECUTE
256.500,r01,0.706549,0.640026,0.514645,0,NAVIGATE
256.500,r02,0.790099,1.426153,0.669487,0,NAVIGATE
256.500,r03,1.126271,0.563440,0.386423,1,WAIT_PEERS
256.500,r04,0.472347,0.846766,0.881712,0,NAVIGATE
256.500,r05,1.165773,0.365714,0.163821,1,EXECUTE
256.500,r06,0.955126,1.328095,0.769959,0,NAVIGATE
257.000,r00,1.168666,0.369197,0.315089,2,EXECUTE
257.000,r01,0.706549,0.640026,0.514605,0,NAVIGATE
257.000,r02,0.827611,1.440039,0.669071,0,NAVIGATE
257.000,r03,1.126271,0.563440,0.386383,1,WAIT_PEERS
257.000,r04,0.456824,0.809901,0.881296,0,NAVIGATE
257.000,r05,1.165773,0.365714,0.163781,1,EXECUTE
257.000,r06,0.931074,1.360056,0.769543,0,NAVIGATE
257.500,r00,1.168666,0.369197,0.315049,2,EXECUTE
257.500,r01,0.690599,0.638766,0.514414,0,NAVIGATE
257.500,r02,0.865124,1.453925,0.668655,0,NAVIGATE
257.500,r03,1.126271,0.563440,0.386343,1,WAIT_PEERS
257.500,r04,0.441300,0.773036,0.880880,0,NAVIGATE
257.500,r05,1.165773,0.365714,0.163741,1,EXECUTE
257.500,r06,0.907023,1.392017,0.769127,0,NAVIGATE
258.000,r00,1.168666,0.369197,0.315009,2,EXECUTE
258.000,r01,0.650723,0.635615,0.513998,0,NAVIGATE
258.000,r02,0.902636,1.467812,0.668239,0,NAVIGATE
258.000,r03,1.126271,0.563440,0.386303,1,WAIT_PEERS
258.000,r04,0.425777,0.736171,0.880464,0,NAVIGATE
258.000,r05,1.165773,0.365714,0.163701,1,EXECUTE
258.000,r06,0.882971,1.423978,0.768711,0,NAVIGATE
258.500,r00,1.168666,0.369197,0.314969,2,EXECUTE
258.500,r01,0.610848,0.632464,0.513582,0,NAVIGATE
258.500,r02,0.940148,1.481698,0.667823,0,NAVIGATE
258.500,r03,1.126271,0.563440,0.386263,1,WAIT_PEERS
258.500,r04,0.410253,0.699306,0.880048,0,NAVIGATE
258.500,r05,1.165773,0.365714,0.163661,1,EXECUTE
258.500,r06,0.858919,1.455939,0.768295,0,NAVIGATE
259.000,r00,1.168666,0.369197,0.314929,2,EXECUTE
259.000,r01,0.570972,0.629313,0.513166,0,NAVIGATE
259.000,r02,0.977660,1.495584,0.667407,0,NAVIGATE
259.000,r03,1.126271,0.563440,0.386223,1,WAIT_PEERS
259.000,r04,0.394730,0.662441,0.879632,0,NAVIGATE
259.000,r05,1.165773,0.365714,0.163621,1,EXECUTE
259.000,r06,0.834867,1.487900,0.767879,0,NAVIGATE
259.500,r00,1.168666,0.369197,0.314889,2,EXECUTE
259.500,r01,0.531096,0.626162,0.512750,0,NAVIGATE
259.500,r02,1.015173,1.509471,0.666991,0,NAVIGATE
259.500,r03,1.126271,0.563440,0.386183,1,WAIT_PEERS
259.500,r04,0.379206,0.625576,0.879216,0,NAVIGATE
259.500,r05,1.165773,0.365714,0.163581,1,EXECUTE
259.500,r06,0.810815,1.519861,0.767463,0,NAVIGATE
260.000,r00,1.168666,0.369197,0.314849,2,EXECUTE
260.000,r01,0.491220,0.623011,0.512334,0,NAVIGATE
260.000,r02,1.052685,1.523357,0.666575,0,NAVIGATE
260.000,r03,1.126271,0.563440,0.386143,1,WAIT_PEERS
260.000,r04,0.363683,0.588712,0.878800,0,NAVIGATE
260.000,r05,1.165773,0.365714,0.163541,1,EXECUTE
260.000,r06,0.786763,1.551822,0.767047,0,NAVIGATE
260.500,r00,1.168666,0.369197,0.314809,2,EXECUTE
260.500,r01,0.451345,0.619860,0.511918,0,NAVIGATE
260.500,r02,1.090197,1.537244,0.666159,0,NAVIGATE
260.500,r03,1.126271,0.563440,0.386103,1,WAIT_PEERS
260.500,r04,0.348159,0.551847,0.878384,0,NAVIGATE
260.500,r05,1.165773,0.365714,0.163501,1,EXECUTE
260.500,r06,0.762711,1.583783,0.766631,0,NAVIGATE
261.000,r00,1.168666,0.369197,0.314769,2,EXECUTE
261.000,r01,0.411469,0.616710,0.511502,0,NAVIGATE
261.000,r02,1.127709,1.551130,0.665743,0,NAVIGATE
261.000,r03,1.126271,0.563440,0.386063,1,WAIT_PEERS
261.000,r04,0.332636,0.514982,0.877968,0,NAVIGATE
261.000,r05,1.165773,0.365714,0.163461,1,EXECUTE
261.000,r06,0.738659,1.615744,0.766215,0,NAVIGATE
261.500,r00,1.168666,0.369197,0.314729,2,EXECUTE
261.500,r01,0.371593,0.613559,0.511086,0,NAVIGATE
261.500,r02,1.165222,1.565016,0.665327,0,NAVIGATE
261.500,r03,1.126271,0.563440,0.386023,1,WAIT_PEERS
261.500,r04,0.317113,0.478117,0.877552,0,NAVIGATE
261.500,r05,1.165773,0.365714,0.163421,1,EXECUTE
261.500,r06,0.714608,1.647705,0.765799,0,NAVIGATE
262.000,r00,1.168666,0.369197,0.314689,2,EXECUTE
262.000,r01,0.331718,0.610408,0.510670,0,NAVIGATE
262.000,r02,1.202734,1.578903,0.664911,0,NAVIGATE
262.000,r03,1.126271,0.563440,0.385983,1,WAIT_PEERS
262.000,r04,0.301589,0.441252,0.877136,0,NAVIGATE
262.000,r05,1.165773,0.365714,0.163381,1,EXECUTE
262.000,r06,0.690556,1.679666,0.765383,0,NAVIGATE
262.500,r00,1.168666,0.369197,0.314649,2,EXECUTE
262.500,r01,0.291842,0.607257,0.510254,0,NAVIGATE
262.500,r02,1.240246,1.592789,0.664495,0,NAVIGATE
262.500,r03,1.126271,0.563440,0.385943,1,WAIT_PEERS
262.500,r04,0.286066,0.404387,0.876720,0,NAVIGATE
262.500,r05,1.165773,0.365714,0.163341,1,EXECUTE
262.500,r06,0.666504,1.711627,0.764967,0,NAVIGATE
263.000,r00,1.168666,0.369197,0.314609,2,EXECUTE
263.000,r01,0.251966,0.604106,0.509838,0,NAVIGATE
263.000,r02,1.277758,1.606675,0.664079,0,NAVIGATE
263.000,r03,1.126271,0.563440,0.385903,1,WAIT_PEERS
263.000,r04,0.270542,0.367522,0.876304,0,NAVIGATE
263.000,r05,1.165773,0.365714,0.163301,1,EXECUTE
263.000,r06,0.642452,1.743588,0.764551,0,NAVIGATE
263.500,r00,1.168666,0.369197,0.314569,2,EXECUTE
263.500,r01,0.228041,0.602216,0.509573,0,EXECUTE
263.500,r02,1.315271,1.620562,0.663663,0,NAVIGATE
263.500,r03,1.126271,0.563440,0.385863,1,WAIT_PEERS
263.500,r04,0.255019,0.330657,0.875888,0,NAVIGATE
263.500,r05,1.165773,0.365714,0.163261,1,EXECUTE
263.500,r06,0.618400,1.775549,0.764135,0,NAVIGATE
264.000,r00,1.168666,0.369197,0.314529,1,NAVIGATE
264.000,r01,0.228041,0.602216,0.509533,0,EXECUTE
264.000,r02,1.352783,1.634448,0.663247,0,NAVIGATE
264.000,r03,1.126271,0.563440,0.385823,1,WAIT_PEERS
264.000,r04,0.239495,0.293792,0.875472,0,NAVIGATE
264.000,r05,1.165773,0.365714,0.163221,0,EXPLORE
264.000,r06,0.618400,1.775549,0.764095,0,EXECUTE
264.500,r00,1.168666,0.369197,0.314489,1,NAVIGATE
264.500,r01,0.228041,0.602216,0.509493,0,EXECUTE
264.500,r02,1.390295,1.648334,0.662831,0,NAVIGATE
264.500,r03,1.126271,0.563440,0.385783,1,WAIT_PEERS
264.500,r04,0.223972,0.256927,0.875056,0,NAVIGATE
264.500,r05,1.165773,0.365714,0.163181,0,EXPLORE
264.500,r06,0.618400,1.775549,0.764055,0,EXECUTE
265.000,r00,1.166477,0.376891,0.314373,1,NAVIGATE
265.000,r01,0.228041,0.602216,0.509453,0,EXECUTE
265.000,r02,1.427807,1.662221,0.662415,0,NAVIGATE
265.000,r03,1.126271,0.563440,0.385743,1,WAIT_PEERS
265.000,r04,0.211553,0.227435,0.874715,0,EXECUTE
265.000,r05,1.157889,0.364361,0.163066,0,EXPLORE
265.000,r06,0.618400,1.775549,0.764015,0,EXECUTE
265.500,r00,1.155530,0.415364,0.313957,1,NAVIGATE
265.500,r01,0.228041,0.602216,0.509413,0,EXPLORE
265.500,r02,1.465320,1.676107,0.661999,0,NAVIGATE
265.500,r03,1.126271,0.563440,0.385703,1,WAIT_PEERS
265.500,r04,0.211553,0.227435,0.874675,0,EXECUTE
265.500,r05,1.157889,0.364361,0.163026,0,NAVIGATE
265.500,r06,0.618400,1.775549,0.763975,0,EXECUTE
266.000,r00,1.144583,0.453837,0.313541,1,NAVIGATE
266.000,r01,0.228041,0.602216,0.509373,0,EXPLORE
266.000,r02,1.502832,1.689994,0.661583,0,NAVIGATE
266.000,r03,1.126271,0.563440,0.385663,1,WAIT_PEERS
266.000,r04,0.211553,0.227435,0.874635,0,EXECUTE
266.000,r05,1.157889,0.364361,0.162986,0,NAVIGATE
266.000,r06,0.618400,1.775549,0.763935,0,EXPLORE
266.500,r00,1.133637,0.492310,0.313125,1,NAVIGATE
266.500,r01,0.228041,0.602216,0.509333,0,EXPLORE
266.500,r02,1.540344,1.703880,0.661167,0,NAVIGATE
266.500,r03,1.126271,0.563440,0.385623,1,WAIT_PEERS
266.500,r04,0.211553,0.227435,0.874595,0,EXECUTE
266.500,r05,1.173389,0.360394,0.162795,0,NAVIGATE
266.500,r06,0.618400,1.775549,0.763895,0,EXPLORE
267.000,r00,1.131447,0.500005,0.313010,1,EXECUTE
267.000,r01,0.259063,0.610066,0.508992,0,EXPLORE
267.000,r02,1.577856,1.717766,0.660751,0,NAVIGATE
267.000,r03,1.126271,0.563440,0.385583,1,EXECUTE
267.000,r04,0.211553,0.227435,0.874555,0,EXPLORE
267.000,r05,1.212140,0.350475,0.162379,0,NAVIGATE
267.000,r06,0.618150,1.759551,0.763705,0,EXPLORE
267.500,r00,1.131447,0.500005,0.312970,1,EXECUTE
267.500,r01,0.297841,0.619879,0.508576,0,EXPLORE
267.500,r02,1.615369,1.731653,0.660335,0,NAVIGATE
267.500,r03,1.126271,0.563440,0.385543,1,EXECUTE
267.500,r04,0.211553,0.227435,0.874515,0,EXPLORE
267.500,r05,1.250890,0.340556,0.161963,0,NAVIGATE
267.500,r06,0.618150,1.759551,0.763665,0,NAVIGATE
268.000,r00,1.131447,0.500005,0.312930,1,EXECUTE
268.000,r01,0.336618,0.629691,0.508160,0,EXPLORE
268.000,r02,1.652881,1.745539,0.659919,0,NAVIGATE
268.000,r03,1.126271,0.563440,0.385503,1,EXECUTE
268.000,r04,0.211553,0.227435,0.874475,0,EXPLORE
268.000,r05,1.289641,0.330637,0.161547,0,NAVIGATE
268.000,r06,0.618150,1.759551,0.763625,0,NAVIGATE
268.500,r00,1.131447,0.500005,0.312890,1,EXECUTE
268.500,r01,0.336618,0.629691,0.508120,0,NAVIGATE
268.500,r02,1.690393,1.759425,0.659503,0,NAVIGATE
268.500,r03,1.126271,0.563440,0.385463,1,EXECUTE
268.500,r04,0.211194,0.251433,0.874210,0,EXPLORE
268.500,r05,1.328392,0.320718,0.161131,0,NAVIGATE
268.500,r06,0.631610,1.750901,0.763435,0,NAVIGATE
269.000,r00,1.131447,0.500005,0.312850,1,EXECUTE
269.000,r01,0.336618,0.629691,0.508080,0,NAVIGATE
269.000,r02,1.727905,1.773312,0.659087,0,NAVIGATE
269.000,r03,1.126271,0.563440,0.385423,1,EXECUTE
269.000,r04,0.210596,0.291428,0.873794,0,EXPLORE
269.000,r05,1.367142,0.310799,0.160715,0,NAVIGATE
269.000,r06,0.665260,1.729275,0.763019,0,NAVIGATE
269.500,r00,1.131447,0.500005,0.312810,1,EXECUTE
269.500,r01,0.333824,0.645445,0.507890,0,NAVIGATE
269.500,r02,1.765418,1.787198,0.658671,0,NAVIGATE
269.500,r03,1.126271,0.563440,0.385383,1,EXECUTE
269.500,r04,0.209998,0.331424,0.873378,0,EXPLORE
269.500,r05,1.405893,0.300880,0.160299,0,NAVIGATE
269.500,r06,0.698909,1.707649,0.762603,0,NAVIGATE
270.000,r00,1.131447,0.500005,0.312770,1,EXECUTE
270.000,r01,0.326839,0.684831,0.507474,0,NAVIGATE
270.000,r02,1.772920,1.789975,0.658556,0,EXECUTE
270.000,r03,1.126271,0.563440,0.385343,1,EXECUTE
270.000,r04,0.209400,0.371419,0.872962,0,EXPLORE
270.000,r05,1.444643,0.290961,0.159883,0,NAVIGATE
270.000,r06,0.732559,1.686022,0.762187,0,NAVIGATE
270.500,r00,1.131447,0.500005,0.312730,1,EXECUTE
270.500,r01,0.319854,0.724216,0.507058,0,NAVIGATE
270.500,r02,1.772920,1.789975,0.658516,0,EXECUTE
270.500,r03,1.126271,0.563440,0.385303,1,EXECUTE
270.500,r04,0.208802,0.411415,0.872546,0,EXPLORE
270.500,r05,1.483394,0.281042,0.159467,0,NAVIGATE
270.500,r06,0.766209,1.664396,0.761771,0,NAVIGATE
271.000,r00,1.131447,0.500005,0.312690,1,EXECUTE
271.000,r01,0.312869,0.763601,0.506642,0,NAVIGATE
271.000,r02,1.772920,1.789975,0.658476,0,EXECUTE
271.000,r03,1.126271,0.563440,0.385263,1,EXECUTE
271.000,r04,0.208204,0.451410,0.872130,0,EXPLORE
271.000,r05,1.522145,0.271123,0.159051,0,NAVIGATE
271.000,r06,0.799859,1.642770,0.761355,0,NAVIGATE
271.500,r00,1.131447,0.500005,0.312650,1,EXECUTE
271.500,r01,0.305883,0.802987,0.506226,0,NAVIGATE
271.500,r02,1.772920,1.789975,0.658436,0,EXECUTE
271.500,r03,1.126271,0.563440,0.385223,1,EXECUTE
271.500,r04,0.208204,0.451410,0.872090,0,NAVIGATE
271.500,r05,1.560895,0.261204,0.158635,0,NAVIGATE
271.500,r06,0.833509,1.621144,0.760939,0,NAVIGATE
272.000,r00,1.131447,0.500005,0.312610,1,EXECUTE
272.000,r01,0.305883,0.802987,0.506186,1,NAVIGATE
272.000,r02,1.772920,1.789975,0.658396,0,EXPLORE
272.000,r03,1.126271,0.563440,0.385183,1,EXECUTE
272.000,r04,0.208204,0.451410,0.872050,0,NAVIGATE
272.000,r05,1.599646,0.251285,0.158219,0,NAVIGATE
272.000,r06,0.867159,1.599518,0.760523,0,NAVIGATE
272.500,r00,1.131447,0.500005,0.312570,1,EXECUTE
272.500,r01,0.305883,0.802987,0.506146,1,NAVIGATE
272.500,r02,1.772920,1.789975,0.658356,0,EXPLORE
272.500,r03,1.126271,0.563440,0.385143,1,EXECUTE
272.500,r04,0.208106,0.467410,0.871859,0,NAVIGATE
272.500,r05,1.638397,0.241366,0.157803,0,NAVIGATE
272.500,r06,0.900809,1.577892,0.760107,0,NAVIGATE
273.000,r00,1.131447,0.500005,0.312530,1,EXECUTE
273.000,r01,0.290416,0.807080,0.505955,1,NAVIGATE
273.000,r02,1.772920,1.789975,0.658316,0,NAVIGATE
273.000,r03,1.126271,0.563440,0.385103,1,EXECUTE
273.000,r04,0.207863,0.507409,0.871443,0,NAVIGATE
273.000,r05,1.677147,0.231447,0.157387,0,NAVIGATE
273.000,r06,0.934458,1.556266,0.759691,0,NAVIGATE
273.500,r00,1.131447,0.500005,0.312490,1,EXECUTE
273.500,r01,0.251747,0.817314,0.505539,1,NAVIGATE
273.500,r02,1.772920,1.789975,0.658276,0,NAVIGATE
273.500,r03,1.126271,0.563440,0.385063,1,EXECUTE
273.500,r04,0.207620,0.547409,0.871027,0,NAVIGATE
273.500,r05,1.715898,0.221528,0.156971,0,NAVIGATE
273.500,r06,0.968108,1.534640,0.759275,0,NAVIGATE
274.000,r00,1.131447,0.500005,0.312450,1,EXECUTE
274.000,r01,0.213079,0.827548,0.505123,1,NAVIGATE
274.000,r02,1.772920,1.789975,0.658236,0,NAVIGATE
274.000,r03,1.126271,0.563440,0.385023,1,EXECUTE
274.000,r04,0.207376,0.587408,0.870611,0,NAVIGATE
274.000,r05,1.754649,0.211609,0.156555,0,NAVIGATE
274.000,r06,1.001758,1.513014,0.758859,0,NAVIGATE
274.500,r00,1.131447,0.500005,0.312410,1,EXECUTE
274.500,r01,0.174410,0.837782,0.504707,1,NAVIGATE
274.500,r02,1.734095,1.780350,0.657820,0,NAVIGATE
274.500,r03,1.126271,0.563440,0.384983,1,EXECUTE
274.500,r04,0.207133,0.627407,0.870195,0,NAVIGATE
274.500,r05,1.770149,0.207641,0.156365,0,EXECUTE
274.500,r06,1.035408,1.491388,0.758443,0,NAVIGATE
275.000,r00,1.131447,0.500005,0.312370,1,EXECUTE
275.000,r01,0.135741,0.848016,0.504291,1,NAVIGATE
275.000,r02,1.695271,1.770724,0.657404,0,NAVIGATE
275.000,r03,1.126271,0.563440,0.384943,1,EXECUTE
275.000,r04,0.206890,0.667406,0.869779,0,NAVIGATE
275.000,r05,1.770149,0.207641,0.156325,0,EXECUTE
275.000,r06,1.069058,1.469762,0.758027,0,NAVIGATE
275.500,r00,1.131447,0.500005,0.312330,1,EXECUTE
275.500,r01,0.097073,0.858250,0.503875,1,NAVIGATE
275.500,r02,1.656446,1.761098,0.656988,0,NAVIGATE
275.500,r03,1.126271,0.563440,0.384903,1,EXECUTE
275.500,r04,0.206646,0.707406,0.869363,0,NAVIGATE
275.500,r05,1.770149,0.207641,0.156285,0,EXECUTE
275.500,r06,1.102708,1.448136,0.757611,0,NAVIGATE
276.000,r00,1.131447,0.500005,0.312290,1,EXECUTE
276.000,r01,0.097073,0.858250,0.503835,1,EXECUTE
276.000,r02,1.617622,1.751472,0.656572,0,NAVIGATE
276.000,r03,1.126271,0.563440,0.384863,1,EXECUTE
276.000,r04,0.206403,0.747405,0.868947,0,NAVIGATE
276.000,r05,1.770149,0.207641,0.156245,0,EXECUTE
276.000,r06,1.136357,1.426510,0.757195,0,NAVIGATE
276.500,r00,1.131447,0.500005,0.312250,1,EXECUTE
276.500,r01,0.097073,0.858250,0.503795,1,EXECUTE
276.500,r02,1.578797,1.741846,0.656156,0,NAVIGATE
276.500,r03,1.126271,0.563440,0.384823,1,EXECUTE
276.500,r04,0.206160,0.787404,0.868531,0,NAVIGATE
276.500,r05,1.770149,0.207641,0.156205,0,EXPLORE
276.500,r06,1.170007,1.404883,0.756779,0,NAVIGATE
277.000,r00,1.131447,0.500005,0.312210,1,EXECUTE
277.000,r01,0.097073,0.858250,0.503755,1,EXECUTE
277.000,r02,1.539973,1.732221,0.655740,0,NAVIGATE
277.000,r03,1.126271,0.563440,0.384783,1,EXECUTE
277.000,r04,0.205916,0.827403,0.868115,0,NAVIGATE
277.000,r05,1.770149,0.207641,0.156165,0,EXPLORE
277.000,r06,1.203657,1.383257,0.756363,0,NAVIGATE
277.500,r00,1.131447,0.500005,0.312170,1,EXECUTE
277.500,r01,0.097073,0.858250,0.503715,1,EXECUTE
277.500,r02,1.501148,1.722595,0.655324,0,NAVIGATE
277.500,r03,1.126271,0.563440,0.384743,1,EXECUTE
277.500,r04,0.205673,0.867403,0.867699,0,NAVIGATE
277.500,r05,1.770149,0.207641,0.156125,0,EXPLORE
277.500,r06,1.237307,1.361631,0.755947,0,NAVIGATE
278.000,r00,1.131447,0.500005,0.312130,1,EXECUTE
278.000,r01,0.097073,0.858250,0.503675,1,EXECUTE
278.000,r02,1.462324,1.712969,0.654908,0,NAVIGATE
278.000,r03,1.126271,0.563440,0.384703,1,EXECUTE
278.000,r04,0.205430,0.907402,0.867283,0,NAVIGATE
278.000,r05,1.730149,0.207446,0.155709,0,EXPLORE
278.000,r06,1.270957,1.340005,0.755531,0,NAVIGATE
278.500,r00,1.131447,0.500005,0.312090,1,EXECUTE
278.500,r01,0.097073,0.858250,0.503635,1,EXECUTE
278.500,r02,1.423499,1.703343,0.654492,0,NAVIGATE
278.500,r03,1.126271,0.563440,0.384663,1,EXECUTE
278.500,r04,0.205186,0.947401,0.866867,0,NAVIGATE
278.500,r05,1.730149,0.207446,0.155669,0,NAVIGATE
278.500,r06,1.304607,1.318379,0.755115,0,NAVIGATE
279.000,r00,1.131447,0.500005,0.312050,1,EXECUTE
279.000,r01,0.097073,0.858250,0.503595,1,EXECUTE
279.000,r02,1.384675,1.693717,0.654076,0,NAVIGATE
279.000,r03,1.126271,0.563440,0.384623,1,EXECUTE
279.000,r04,0.204943,0.987401,0.866451,0,NAVIGATE
279.000,r05,1.730149,0.207446,0.155629,0,NAVIGATE
279.000,r06,1.338257,1.296753,0.754699,0,NAVIGATE
279.500,r00,1.131447,0.500005,0.312010,1,EXECUTE
279.500,r01,0.097073,0.858250,0.503555,1,EXECUTE
279.500,r02,1.345850,1.684092,0.653660,0,NAVIGATE
279.500,r03,1.126271,0.563440,0.384583,1,EXECUTE
279.500,r04,0.204700,1.027400,0.866035,0,NAVIGATE
279.500,r05,1.717050,0.216633,0.155438,0,NAVIGATE
279.500,r06,1.371906,1.275127,0.754283,0,NAVIGATE
280.000,r00,1.131447,0.500005,0.311970,1,EXECUTE
280.000,r01,0.097073,0.858250,0.503515,1,EXECUTE
280.000,r02,1.307026,1.674466,0.653244,0,NAVIGATE
280.000,r03,1.126271,0.563440,0.384543,1,EXECUTE
280.000,r04,0.204456,1.067399,0.865619,0,NAVIGATE
280.000,r05,1.684300,0.239600,0.155022,0,NAVIGATE
280.000,r06,1.405556,1.253501,0.753867,0,NAVIGATE
280.500,r00,1.131447,0.500005,0.311930,1,EXECUTE
280.500,r01,0.097073,0.858250,0.503475,1,EXECUTE
280.500,r02,1.268201,1.664840,0.652828,0,NAVIGATE
280.500,r03,1.126271,0.563440,0.384503,1,EXECUTE
280.500,r04,0.204213,1.107398,0.865203,0,NAVIGATE
280.500,r05,1.651551,0.262566,0.154606,0,NAVIGATE
280.500,r06,1.439206,1.231875,0.753451,0,NAVIGATE
281.000,r00,1.131447,0.500005,0.311890,1,EXECUTE
281.000,r01,0.097073,0.858250,0.503435,1,EXECUTE
281.000,r02,1.229377,1.655214,0.652412,0,NAVIGATE
281.000,r03,1.126271,0.563440,0.384463,1,EXECUTE
281.000,r04,0.203970,1.147398,0.864787,0,NAVIGATE
281.000,r05,1.618801,0.285533,0.154190,0,NAVIGATE
281.000,r06,1.472856,1.210249,0.753035,0,NAVIGATE
281.500,r00,1.131447,0.500005,0.311850,1,EXECUTE
281.500,r01,0.097073,0.858250,0.503395,1,EXECUTE
281.500,r02,1.190552,1.645588,0.651996,0,NAVIGATE
281.500,r03,1.126271,0.563440,0.384423,1,EXECUTE
281.500,r04,0.203726,1.187397,0.864371,0,NAVIGATE
281.500,r05,1.586051,0.308500,0.153774,0,NAVIGATE
281.500,r06,1.506506,1.188623,0.752619,0,NAVIGATE
282.000,r00,1.131447,0.500005,0.311810,1,EXECUTE
282.000,r01,0.097073,0.858250,0.503355,1,EXECUTE
282.000,r02,1.151728,1.635963,0.651580,0,NAVIGATE
282.000,r03,1.126271,0.563440,0.384383,1,EXECUTE
282.000,r04,0.203483,1.227396,0.863955,0,NAVIGATE
282.000,r05,1.553302,0.331466,0.153358,0,NAVIGATE
282.000,r06,1.540156,1.166997,0.752203,0,NAVIGATE
282.500,r00,1.131447,0.500005,0.311770,1,EXECUTE
282.500,r01,0.097073,0.858250,0.503315,1,EXECUTE
282.500,r02,1.112903,1.626337,0.651164,0,NAVIGATE
282.500,r03,1.126271,0.563440,0.384343,1,EXECUTE
282.500,r04,0.203483,1.227396,0.863915,1,NAVIGATE
282.500,r05,1.520552,0.354433,0.152942,0,NAVIGATE
282.500,r06,1.573806,1.145371,0.751787,0,NAVIGATE
283.000,r00,1.131447,0.500005,0.311730,1,EXECUTE
283.000,r01,0.097073,0.858250,0.503275,1,EXECUTE
283.000,r02,1.074078,1.616711,0.650748,0,NAVIGATE
283.000,r03,1.126271,0.563440,0.384303,1,EXECUTE
283.000,r04,0.203483,1.227396,0.863875,1,NAVIGATE
283.000,r05,1.487803,0.377400,0.152526,0,NAVIGATE
283.000,r06,1.607455,1.123744,0.751371,0,NAVIGATE
283.500,r00,1.131447,0.500005,0.311690,1,EXECUTE
283.500,r01,0.097073,0.858250,0.503235,1,EXECUTE
283.500,r02,1.035254,1.607085,0.650332,0,NAVIGATE
283.500,r03,1.126271,0.563440,0.384263,1,EXECUTE
283.500,r04,0.194764,1.240812,0.863685,1,NAVIGATE
283.500,r05,1.455053,0.400366,0.152110,0,NAVIGATE
283.500,r06,1.641105,1.102118,0.750955,0,NAVIGATE
284.000,r00,1.131447,0.500005,0.311650,1,EXECUTE
284.000,r01,0.097073,0.858250,0.503195,1,EXECUTE
284.000,r02,0.996429,1.597459,0.649916,0,NAVIGATE
284.000,r03,1.126271,0.563440,0.384223,1,EXECUTE
284.000,r04,0.172967,1.274351,0.863269,1,NAVIGATE
284.000,r05,1.422304,0.423333,0.151694,0,NAVIGATE
284.000,r06,1.674755,1.080492,0.750539,0,NAVIGATE
284.500,r00,1.131447,0.500005,0.311610,1,EXECUTE
284.500,r01,0.097073,0.858250,0.503155,1,EXECUTE
284.500,r02,0.957605,1.587834,0.649500,0,NAVIGATE
284.500,r03,1.126271,0.563440,0.384183,1,EXECUTE
284.500,r04,0.151169,1.307890,0.862853,1,NAVIGATE
284.500,r05,1.389554,0.446300,0.151278,0,NAVIGATE
284.500,r06,1.708405,1.058866,0.750123,0,NAVIGATE
285.000,r00,1.131447,0.500005,0.311570,1,EXECUTE
285.000,r01,0.097073,0.858250,0.503115,1,EXECUTE
285.000,r02,0.918780,1.578208,0.649084,0,NAVIGATE
285.000,r03,1.126271,0.563440,0.384143,1,EXECUTE
285.000,r04,0.129371,1.341429,0.862437,1,NAVIGATE
285.000,r05,1.356805,0.469266,0.150862,0,NAVIGATE
285.000,r06,1.742055,1.037240,0.749707,0,NAVIGATE
285.500,r00,1.131447,0.500005,0.311530,1,EXECUTE
285.500,r01,0.097073,0.858250,0.503075,1,EXECUTE
285.500,r02,0.879956,1.568582,0.648668,0,NAVIGATE
285.500,r03,1.126271,0.563440,0.384103,1,EXECUTE
285.500,r04,0.107574,1.374968,0.862021,1,NAVIGATE
285.500,r05,1.324055,0.492233,0.150446,0,NAVIGATE
285.500,r06,1.775705,1.015614,0.749291,0,NAVIGATE
286.000,r00,1.131447,0.500005,0.311490,1,EXECUTE
286.000,r01,0.097073,0.858250,0.503035,1,EXECUTE
286.000,r02,0.841131,1.558956,0.648252,0,NAVIGATE
286.000,r03,1.126271,0.563440,0.384063,1,EXECUTE
286.000,r04,0.098855,1.388383,0.861830,1,WAIT_PEERS
286.000,r05,1.291306,0.515200,0.150030,0,NAVIGATE
286.000,r06,1.775705,1.015614,0.749251,0,EXECUTE
286.500,r00,1.131447,0.500005,0.311450,1,EXECUTE
286.500,r01,0.097073,0.858250,0.502995,1,EXECUTE
286.500,r02,0.802307,1.549330,0.647836,0,NAVIGATE
286.500,r03,1.126271,0.563440,0.384023,1,EXECUTE
286.500,r04,0.098855,1.388383,0.861790,1,WAIT_PEERS
286.500,r05,1.258556,0.538166,0.149614,0,NAVIGATE
286.500,r06,1.775705,1.015614,0.749211,0,EXECUTE
287.000,r00,1.131447,0.500005,0.311410,0,EXPLORE
287.000,r01,0.097073,0.858250,0.502955,1,EXECUTE
287.000,r02,0.763482,1.539705,0.647420,0,NAVIGATE
287.000,r03,1.126271,0.563440,0.383983,0,EXPLORE
287.000,r04,0.098855,1.388383,0.861750,1,WAIT_PEERS
287.000,r05,1.225807,0.561133,0.149198,0,NAVIGATE
287.000,r06,1.775705,1.015614,0.749171,0,EXECUTE
287.500,r00,1.131447,0.500005,0.311370,0,EXPLORE
287.500,r01,0.097073,0.858250,0.502915,1,EXECUTE
287.500,r02,0.724658,1.530079,0.647004,0,NAVIGATE
287.500,r03,1.126271,0.563440,0.383943,0,EXPLORE
287.500,r04,0.098855,1.388383,0.861710,1,WAIT_PEERS
287.500,r05,1.193057,0.584100,0.148782,0,NAVIGATE
287.500,r06,1.775705,1.015614,0.749131,0,EXECUTE
288.000,r00,1.139359,0.501188,0.311255,0,EXPLORE
288.000,r01,0.097073,0.858250,0.502875,1,EXECUTE
288.000,r02,0.685833,1.520453,0.646588,0,NAVIGATE
288.000,r03,1.120334,0.568802,0.383828,0,EXPLORE
288.000,r04,0.098855,1.388383,0.861670,1,WAIT_PEERS
288.000,r05,1.160307,0.607066,0.148366,0,NAVIGATE
288.000,r06,1.775705,1.015614,0.749091,0,EXPLORE
288.500,r00,1.139359,0.501188,0.311215,0,NAVIGATE
288.500,r01,0.097073,0.858250,0.502835,1,EXECUTE
288.500,r02,0.647009,1.510827,0.646172,0,NAVIGATE
288.500,r03,1.120334,0.568802,0.383788,0,NAVIGATE
288.500,r04,0.098855,1.388383,0.861630,1,WAIT_PEERS
288.500,r05,1.127558,0.630033,0.147950,0,NAVIGATE
288.500,r06,1.775705,1.015614,0.749051,0,EXPLORE
289.000,r00,1.139359,0.501188,0.311175,0,NAVIGATE
289.000,r01,0.097073,0.858250,0.502795,1,EXECUTE
289.000,r02,0.608184,1.501201,0.645756,0,NAVIGATE
289.000,r03,1.120334,0.568802,0.383748,0,NAVIGATE
289.000,r04,0.098855,1.388383,0.861590,1,WAIT_PEERS
289.000,r05,1.094808,0.653000,0.147534,0,NAVIGATE
289.000,r06,1.760620,1.010281,0.748860,0,EXPLORE
289.500,r00,1.132640,0.486667,0.310985,0,NAVIGATE
289.500,r01,0.097073,0.858250,0.502755,1,EXECUTE
289.500,r02,0.569360,1.491576,0.645340,0,NAVIGATE
289.500,r03,1.136317,0.569536,0.383558,0,NAVIGATE
289.500,r04,0.098855,1.388383,0.861550,1,WAIT_PEERS
289.500,r05,1.062059,0.675966,0.147118,0,NAVIGATE
289.500,r06,1.722907,0.996950,0.748444,0,EXPLORE
290.000,r00,1.115843,0.450365,0.310569,0,NAVIGATE
290.000,r01,0.097073,0.858250,0.502715,1,EXECUTE
290.000,r02,0.530535,1.481950,0.644924,0,NAVIGATE
290.000,r03,1.176275,0.571370,0.383142,0,NAVIGATE
290.000,r04,0.098855,1.388383,0.861510,1,WAIT_PEERS
290.000,r05,1.029309,0.698933,0.146702,0,NAVIGATE
290.000,r06,1.685194,0.983618,0.748028,0,EXPLORE
290.500,r00,1.099046,0.414063,0.310153,0,NAVIGATE
290.500,r01,0.097073,0.858250,0.502675,0,EXECUTE
290.500,r02,0.491711,1.472324,0.644508,0,NAVIGATE
290.500,r03,1.216233,0.573204,0.382726,0,NAVIGATE
290.500,r04,0.098855,1.388383,0.861470,1,WAIT_PEERS
290.500,r05,0.996560,0.721900,0.146286,0,NAVIGATE
290.500,r06,1.647481,0.970287,0.747612,0,EXPLORE
291.000,r00,1.082249,0.377760,0.309737,0,NAVIGATE
291.000,r01,0.097073,0.858250,0.502635,0,EXPLORE
291.000,r02,0.452886,1.462698,0.644092,0,NAVIGATE
291.000,r03,1.256191,0.575038,0.382310,0,NAVIGATE
291.000,r04,0.098855,1.388383,0.861430,1,WAIT_PEERS
291.000,r05,0.963810,0.744866,0.145870,0,NAVIGATE
291.000,r06,1.609768,0.956955,0.747196,0,EXPLORE
291.500,r00,1.065452,0.341458,0.309321,0,NAVIGATE
291.500,r01,0.097073,0.858250,0.502595,0,EXPLORE
291.500,r02,0.414062,1.453072,0.643676,0,NAVIGATE
291.500,r03,1.296148,0.576872,0.381894,0,NAVIGATE
291.500,r04,0.098855,1.388383,0.861390,1,WAIT_PEERS
291.500,r05,0.931061,0.767833,0.145454,0,NAVIGATE
291.500,r06,1.609768,0.956955,0.747156,0,NAVIGATE
292.000,r00,1.048655,0.305155,0.308905,0,NAVIGATE
292.000,r01,0.113017,0.859577,0.502405,0,EXPLORE
292.000,r02,0.375237,1.443447,0.643260,0,NAVIGATE
292.000,r03,1.336106,0.578707,0.381478,0,NAVIGATE
292.000,r04,0.098855,1.388383,0.861350,1,WAIT_PEERS
292.000,r05,0.898311,0.790800,0.145038,0,NAVIGATE
292.000,r06,1.609768,0.956955,0.747116,0,NAVIGATE
292.500,r00,1.031858,0.268853,0.308489,0,NAVIGATE
292.500,r01,0.152880,0.862896,0.501989,0,EXPLORE
292.500,r02,0.336412,1.433821,0.642844,0,NAVIGATE
292.500,r03,1.376064,0.580541,0.381062,0,NAVIGATE
292.500,r04,0.098855,1.388383,0.861310,1,WAIT_PEERS
292.500,r05,0.865562,0.813766,0.144622,0,NAVIGATE
292.500,r06,1.594682,0.951622,0.746926,0,NAVIGATE
293.000,r00,1.015061,0.232551,0.308073,0,NAVIGATE
293.000,r01,0.192742,0.866214,0.501573,0,EXPLORE
293.000,r02,0.297588,1.424195,0.642428,0,NAVIGATE
293.000,r03,1.416022,0.582375,0.380646,0,NAVIGATE
293.000,r04,0.098855,1.388383,0.861270,1,WAIT_PEERS
293.000,r05,0.832812,0.836733,0.144206,0,NAVIGATE
293.000,r06,1.556970,0.938291,0.746510,0,NAVIGATE
293.500,r00,1.011702,0.225290,0.307957,0,EXECUTE
293.500,r01,0.192742,0.866214,0.501533,0,NAVIGATE
293.500,r02,0.258763,1.414569,0.642012,0,NAVIGATE
293.500,r03,1.455980,0.584209,0.380230,0,NAVIGATE
293.500,r04,0.098855,1.388383,0.861230,1,WAIT_PEERS
293.500,r05,0.800063,0.859700,0.143790,0,NAVIGATE
293.500,r06,1.519257,0.924959,0.746094,0,NAVIGATE
294.000,r00,1.011702,0.225290,0.307917,0,EXECUTE
294.000,r01,0.192742,0.866214,0.501493,0,NAVIGATE
294.000,r02,0.227704,1.406869,0.641671,0,EXECUTE
294.000,r03,1.495938,0.586043,0.379814,0,NAVIGATE
294.000,r04,0.098855,1.388383,0.861190,1,WAIT_PEERS
294.000,r05,0.767313,0.882666,0.143374,0,NAVIGATE
294.000,r06,1.481544,0.911627,0.745678,0,NAVIGATE
294.500,r00,1.011702,0.225290,0.307877,0,EXECUTE
294.500,r01,0.192916,0.850215,0.501302,0,NAVIGATE
294.500,r02,0.227704,1.406869,0.641631,0,EXECUTE
294.500,r03,1.535896,0.587877,0.379398,0,NAVIGATE
294.500,r04,0.098855,1.388383,0.861150,1,WAIT_PEERS
294.500,r05,0.734563,0.905633,0.142958,0,NAVIGATE
294.500,r06,1.443831,0.898296,0.745262,0,NAVIGATE
295.000,r00,1.011702,0.225290,0.307837,0,EXECUTE
295.000,r01,0.193352,0.810217,0.500886,0,NAVIGATE
295.000,r02,0.227704,1.406869,0.641591,0,EXECUTE
295.000,r03,1.575854,0.589711,0.378982,0,NAVIGATE
295.000,r04,0.098855,1.388383,0.861110,1,WAIT_PEERS
295.000,r05,0.701814,0.928600,0.142542,0,NAVIGATE
295.000,r06,1.406118,0.884964,0.744846,0,NAVIGATE
295.500,r00,1.011702,0.225290,0.307797,0,EXPLORE
295.500,r01,0.193788,0.770219,0.500470,0,NAVIGATE
295.500,r02,0.227704,1.406869,0.641551,0,EXECUTE
295.500,r03,1.615812,0.591545,0.378566,0,NAVIGATE
295.500,r04,0.098855,1.388383,0.861070,1,WAIT_PEERS
295.500,r05,0.669064,0.951566,0.142126,0,NAVIGATE
295.500,r06,1.368405,0.871633,0.744430,0,NAVIGATE
296.000,r00,1.011702,0.225290,0.307757,0,EXPLORE
296.000,r01,0.194223,0.730222,0.500054,0,NAVIGATE
296.000,r02,0.227704,1.406869,0.641511,0,EXPLORE
296.000,r03,1.655770,0.593380,0.378150,0,NAVIGATE
296.000,r04,0.098855,1.388383,0.861030,1,WAIT_PEERS
296.000,r05,0.636315,0.974533,0.141710,0,NAVIGATE
296.000,r06,1.330692,0.858301,0.744014,0,NAVIGATE
296.500,r00,1.018927,0.228725,0.307642,0,EXPLORE
296.500,r01,0.194659,0.690224,0.499638,0,NAVIGATE
296.500,r02,0.227704,1.406869,0.641471,0,EXPLORE
296.500,r03,1.695728,0.595214,0.377734,0,NAVIGATE
296.500,r04,0.098855,1.388383,0.860990,1,WAIT_PEERS
296.500,r05,0.623215,0.983720,0.141520,0,EXECUTE
296.500,r06,1.292979,0.844969,0.743598,0,NAVIGATE
297.000,r00,1.055053,0.245897,0.307226,0,EXPLORE
297.000,r01,0.195095,0.650226,0.499222,0,NAVIGATE
297.000,r02,0.227704,1.406869,0.641431,0,EXPLORE
297.000,r03,1.735686,0.597048,0.377318,0,NAVIGATE
297.000,r04,0.098855,1.388383,0.860950,1,WAIT_PEERS
297.000,r05,0.623215,0.983720,0.141480,0,EXECUTE
297.000,r06,1.255266,0.831638,0.743182,0,NAVIGATE
297.500,r00,1.091180,0.263069,0.306810,0,EXPLORE
297.500,r01,0.195531,0.610229,0.498806,0,NAVIGATE
297.500,r02,0.227704,1.406869,0.641391,0,NAVIGATE
297.500,r03,1.767652,0.598515,0.376977,0,EXECUTE
297.500,r04,0.098855,1.388383,0.860910,1,WAIT_PEERS
297.500,r05,0.623215,0.983720,0.141440,0,EXECUTE
297.500,r06,1.217553,0.818306,0.742766,0,NAVIGATE
298.000,r00,1.127306,0.280242,0.306394,0,EXPLORE
298.000,r01,0.195966,0.570231,0.498390,0,NAVIGATE
298.000,r02,0.227704,1.406869,0.641351,0,NAVIGATE
298.000,r03,1.767652,0.598515,0.376937,0,EXECUTE
298.000,r04,0.098855,1.388383,0.860870,1,WAIT_PEERS
298.000,r05,0.623215,0.983720,0.141400,0,EXECUTE
298.000,r06,1.179840,0.804975,0.742350,0,NAVIGATE
298.500,r00,1.163432,0.297414,0.305978,0,EXPLORE
298.500,r01,0.196402,0.530234,0.497974,0,NAVIGATE
298.500,r02,0.243226,1.410750,0.641161,0,NAVIGATE
298.500,r03,1.767652,0.598515,0.376897,0,EXECUTE
298.500,r04,0.098855,1.388383,0.860830,1,WAIT_PEERS
298.500,r05,0.623215,0.983720,0.141360,0,EXPLORE
298.500,r06,1.142127,0.791643,0.741934,0,NAVIGATE
299.000,r00,1.199559,0.314586,0.305562,0,EXPLORE
299.000,r01,0.196838,0.490236,0.497558,0,NAVIGATE
299.000,r02,0.282031,1.420452,0.640745,0,NAVIGATE
299.000,r03,1.767652,0.598515,0.376857,0,EXECUTE
299.000,r04,0.098855,1.388383,0.860790,1,WAIT_PEERS
299.000,r05,0.623215,0.983720,0.141320,0,EXPLORE
299.000,r06,1.104414,0.778311,0.741518,0,NAVIGATE
299.500,r00,1.235685,0.331759,0.305146,0,EXPLORE
299.500,r01,0.197274,0.450238,0.497142,0,NAVIGATE
299.500,r02,0.320837,1.430155,0.640329,0,NAVIGATE
299.500,r03,1.767652,0.598515,0.376817,0,EXPLORE
299.500,r04,0.098855,1.388383,0.860750,1,WAIT_PEERS
299.500,r05,0.623215,0.983720,0.141280,0,EXPLORE
299.500,r06,1.066701,0.764980,0.741102,0,NAVIGATE
300.000,r00,1.271811,0.348931,0.304730,0,EXPLORE
300.000,r01,0.197709,0.410241,0.496726,0,NAVIGATE
300.000,r02,0.359642,1.439858,0.639913,0,NAVIGATE
300.000,r03,1.767652,0.598515,0.376777,0,EXPLORE
300.000,r04,0.098855,1.388383,0.860710,1,WAIT_PEERS
300.000,r05,0.604209,0.948524,0.140864,0,EXPLORE
300.000,r06,1.028988,0.751648,0.740686,0,NAVIGATE
